approach,scenario,run,state,state_name,action,action_name,qvalue
rl1,cenario1_tempo_fixo/310s_10percent,1,0,SIMILARITY_MEDIUM,0,DO_NOT_ALLOCATE,0.0
rl1,cenario1_tempo_fixo/310s_10percent,1,0,SIMILARITY_MEDIUM,1,ALLOCATE,0.0
rl1,cenario1_tempo_fixo/310s_10percent,1,1,SIMILARITY_HIGH,0,DO_NOT_ALLOCATE,1.01749
rl1,cenario1_tempo_fixo/310s_10percent,1,1,SIMILARITY_HIGH,1,ALLOCATE,12.2479
rl1,cenario1_tempo_fixo/310s_10percent,2,0,SIMILARITY_MEDIUM,0,DO_NOT_ALLOCATE,0.0
rl1,cenario1_tempo_fixo/310s_10percent,2,0,SIMILARITY_MEDIUM,1,ALLOCATE,0.0
rl1,cenario1_tempo_fixo/310s_10percent,2,1,SIMILARITY_HIGH,0,DO_NOT_ALLOCATE,1.01749
rl1,cenario1_tempo_fixo/310s_10percent,2,1,SIMILARITY_HIGH,1,ALLOCATE,28.9447
rl1,cenario1_tempo_fixo/310s_10percent,3,0,SIMILARITY_MEDIUM,0,DO_NOT_ALLOCATE,0.0
rl1,cenario1_tempo_fixo/310s_10percent,3,0,SIMILARITY_MEDIUM,1,ALLOCATE,0.0
rl1,cenario1_tempo_fixo/310s_10percent,3,1,SIMILARITY_HIGH,0,DO_NOT_ALLOCATE,4.07904
rl1,cenario1_tempo_fixo/310s_10percent,3,1,SIMILARITY_HIGH,1,ALLOCATE,42.4645
rl1,cenario1_tempo_fixo/310s_10percent,4,0,SIMILARITY_MEDIUM,0,DO_NOT_ALLOCATE,0.0
rl1,cenario1_tempo_fixo/310s_10percent,4,0,SIMILARITY_MEDIUM,1,ALLOCATE,0.0
rl1,cenario1_tempo_fixo/310s_10percent,4,1,SIMILARITY_HIGH,0,DO_NOT_ALLOCATE,7.89307
rl1,cenario1_tempo_fixo/310s_10percent,4,1,SIMILARITY_HIGH,1,ALLOCATE,59.5268
rl1,cenario1_tempo_fixo/310s_10percent,5,0,SIMILARITY_MEDIUM,0,DO_NOT_ALLOCATE,0.0
rl1,cenario1_tempo_fixo/310s_10percent,5,0,SIMILARITY_MEDIUM,1,ALLOCATE,0.0
rl1,cenario1_tempo_fixo/310s_10percent,5,1,SIMILARITY_HIGH,0,DO_NOT_ALLOCATE,7.89307
rl1,cenario1_tempo_fixo/310s_10percent,5,1,SIMILARITY_HIGH,1,ALLOCATE,62.6536
rl1,cenario1_tempo_fixo/310s_10percent,6,0,SIMILARITY_MEDIUM,0,DO_NOT_ALLOCATE,0.0
rl1,cenario1_tempo_fixo/310s_10percent,6,0,SIMILARITY_MEDIUM,1,ALLOCATE,0.0
rl1,cenario1_tempo_fixo/310s_10percent,6,1,SIMILARITY_HIGH,0,DO_NOT_ALLOCATE,7.89307
rl1,cenario1_tempo_fixo/310s_10percent,6,1,SIMILARITY_HIGH,1,ALLOCATE,69.4541
rl1,cenario1_tempo_fixo/310s_10percent,7,0,SIMILARITY_MEDIUM,0,DO_NOT_ALLOCATE,0.0
rl1,cenario1_tempo_fixo/310s_10percent,7,0,SIMILARITY_MEDIUM,1,ALLOCATE,0.0
rl1,cenario1_tempo_fixo/310s_10percent,7,1,SIMILARITY_HIGH,0,DO_NOT_ALLOCATE,7.89307
rl1,cenario1_tempo_fixo/310s_10percent,7,1,SIMILARITY_HIGH,1,ALLOCATE,72.6511
rl1,cenario1_tempo_fixo/310s_10percent,8,0,SIMILARITY_MEDIUM,0,DO_NOT_ALLOCATE,0.0
rl1,cenario1_tempo_fixo/310s_10percent,8,0,SIMILARITY_MEDIUM,1,ALLOCATE,0.0
rl1,cenario1_tempo_fixo/310s_10percent,8,1,SIMILARITY_HIGH,0,DO_NOT_ALLOCATE,13.1913
rl1,cenario1_tempo_fixo/310s_10percent,8,1,SIMILARITY_HIGH,1,ALLOCATE,77.6311
rl1,cenario1_tempo_fixo/310s_10percent,9,0,SIMILARITY_MEDIUM,0,DO_NOT_ALLOCATE,0.0
rl1,cenario1_tempo_fixo/310s_10percent,9,0,SIMILARITY_MEDIUM,1,ALLOCATE,0.0
rl1,cenario1_tempo_fixo/310s_10percent,9,1,SIMILARITY_HIGH,0,DO_NOT_ALLOCATE,28.2173
rl1,cenario1_tempo_fixo/310s_10percent,9,1,SIMILARITY_HIGH,1,ALLOCATE,83.2866
rl1,cenario1_tempo_fixo/310s_10percent,10,0,SIMILARITY_MEDIUM,0,DO_NOT_ALLOCATE,0.0
rl1,cenario1_tempo_fixo/310s_10percent,10,0,SIMILARITY_MEDIUM,1,ALLOCATE,0.0
rl1,cenario1_tempo_fixo/310s_10percent,10,1,SIMILARITY_HIGH,0,DO_NOT_ALLOCATE,32.5215
rl1,cenario1_tempo_fixo/310s_10percent,10,1,SIMILARITY_HIGH,1,ALLOCATE,85.0359
rl1,cenario1_tempo_fixo/310s_10percent,11,0,SIMILARITY_MEDIUM,0,DO_NOT_ALLOCATE,0.0
rl1,cenario1_tempo_fixo/310s_10percent,11,0,SIMILARITY_MEDIUM,1,ALLOCATE,0.0
rl1,cenario1_tempo_fixo/310s_10percent,11,1,SIMILARITY_HIGH,0,DO_NOT_ALLOCATE,36.5756
rl1,cenario1_tempo_fixo/310s_10percent,11,1,SIMILARITY_HIGH,1,ALLOCATE,88.0043
rl1,cenario1_tempo_fixo/310s_10percent,12,0,SIMILARITY_MEDIUM,0,DO_NOT_ALLOCATE,0.0
rl1,cenario1_tempo_fixo/310s_10percent,12,0,SIMILARITY_MEDIUM,1,ALLOCATE,0.0
rl1,cenario1_tempo_fixo/310s_10percent,12,1,SIMILARITY_HIGH,0,DO_NOT_ALLOCATE,40.4707
rl1,cenario1_tempo_fixo/310s_10percent,12,1,SIMILARITY_HIGH,1,ALLOCATE,90.48
rl1,cenario1_tempo_fixo/310s_10percent,13,0,SIMILARITY_MEDIUM,0,DO_NOT_ALLOCATE,0.0
rl1,cenario1_tempo_fixo/310s_10percent,13,0,SIMILARITY_MEDIUM,1,ALLOCATE,0.0
rl1,cenario1_tempo_fixo/310s_10percent,13,1,SIMILARITY_HIGH,0,DO_NOT_ALLOCATE,47.517
rl1,cenario1_tempo_fixo/310s_10percent,13,1,SIMILARITY_HIGH,1,ALLOCATE,92.2135
rl1,cenario1_tempo_fixo/310s_10percent,14,0,SIMILARITY_MEDIUM,0,DO_NOT_ALLOCATE,0.0
rl1,cenario1_tempo_fixo/310s_10percent,14,0,SIMILARITY_MEDIUM,1,ALLOCATE,0.0
rl1,cenario1_tempo_fixo/310s_10percent,14,1,SIMILARITY_HIGH,0,DO_NOT_ALLOCATE,47.517
rl1,cenario1_tempo_fixo/310s_10percent,14,1,SIMILARITY_HIGH,1,ALLOCATE,93.567
rl1,cenario1_tempo_fixo/310s_10percent,15,0,SIMILARITY_MEDIUM,0,DO_NOT_ALLOCATE,0.0
rl1,cenario1_tempo_fixo/310s_10percent,15,0,SIMILARITY_MEDIUM,1,ALLOCATE,0.0
rl1,cenario1_tempo_fixo/310s_10percent,15,1,SIMILARITY_HIGH,0,DO_NOT_ALLOCATE,47.517
rl1,cenario1_tempo_fixo/310s_10percent,15,1,SIMILARITY_HIGH,1,ALLOCATE,94.064
rl1,cenario1_tempo_fixo/310s_10percent,16,0,SIMILARITY_MEDIUM,0,DO_NOT_ALLOCATE,0.0
rl1,cenario1_tempo_fixo/310s_10percent,16,0,SIMILARITY_MEDIUM,1,ALLOCATE,0.0
rl1,cenario1_tempo_fixo/310s_10percent,16,1,SIMILARITY_HIGH,0,DO_NOT_ALLOCATE,47.517
rl1,cenario1_tempo_fixo/310s_10percent,16,1,SIMILARITY_HIGH,1,ALLOCATE,95.0463
rl1,cenario1_tempo_fixo/310s_10percent,17,0,SIMILARITY_MEDIUM,0,DO_NOT_ALLOCATE,0.0
rl1,cenario1_tempo_fixo/310s_10percent,17,0,SIMILARITY_MEDIUM,1,ALLOCATE,0.0
rl1,cenario1_tempo_fixo/310s_10percent,17,1,SIMILARITY_HIGH,0,DO_NOT_ALLOCATE,47.517
rl1,cenario1_tempo_fixo/310s_10percent,17,1,SIMILARITY_HIGH,1,ALLOCATE,95.7821
rl1,cenario1_tempo_fixo/310s_10percent,18,0,SIMILARITY_MEDIUM,0,DO_NOT_ALLOCATE,0.0
rl1,cenario1_tempo_fixo/310s_10percent,18,0,SIMILARITY_MEDIUM,1,ALLOCATE,0.0
rl1,cenario1_tempo_fixo/310s_10percent,18,1,SIMILARITY_HIGH,0,DO_NOT_ALLOCATE,50.9079
rl1,cenario1_tempo_fixo/310s_10percent,18,1,SIMILARITY_HIGH,1,ALLOCATE,96.1469
rl1,cenario1_tempo_fixo/310s_10percent,19,0,SIMILARITY_MEDIUM,0,DO_NOT_ALLOCATE,0.0
rl1,cenario1_tempo_fixo/310s_10percent,19,0,SIMILARITY_MEDIUM,1,ALLOCATE,0.0
rl1,cenario1_tempo_fixo/310s_10percent,19,1,SIMILARITY_HIGH,0,DO_NOT_ALLOCATE,50.9079
rl1,cenario1_tempo_fixo/310s_10percent,19,1,SIMILARITY_HIGH,1,ALLOCATE,96.3357
rl1,cenario1_tempo_fixo/310s_10percent,20,0,SIMILARITY_MEDIUM,0,DO_NOT_ALLOCATE,0.0
rl1,cenario1_tempo_fixo/310s_10percent,20,0,SIMILARITY_MEDIUM,1,ALLOCATE,0.0
rl1,cenario1_tempo_fixo/310s_10percent,20,1,SIMILARITY_HIGH,0,DO_NOT_ALLOCATE,61.6404
rl1,cenario1_tempo_fixo/310s_10percent,20,1,SIMILARITY_HIGH,1,ALLOCATE,97.121
rl1,cenario1_tempo_fixo/310s_10percent,21,0,SIMILARITY_MEDIUM,0,DO_NOT_ALLOCATE,0.0
rl1,cenario1_tempo_fixo/310s_10percent,21,0,SIMILARITY_MEDIUM,1,ALLOCATE,0.0
rl1,cenario1_tempo_fixo/310s_10percent,21,1,SIMILARITY_HIGH,0,DO_NOT_ALLOCATE,63.7198
rl1,cenario1_tempo_fixo/310s_10percent,21,1,SIMILARITY_HIGH,1,ALLOCATE,97.8489
rl1,cenario1_tempo_fixo/310s_10percent,22,0,SIMILARITY_MEDIUM,0,DO_NOT_ALLOCATE,0.0
rl1,cenario1_tempo_fixo/310s_10percent,22,0,SIMILARITY_MEDIUM,1,ALLOCATE,0.0
rl1,cenario1_tempo_fixo/310s_10percent,22,1,SIMILARITY_HIGH,0,DO_NOT_ALLOCATE,65.6656
rl1,cenario1_tempo_fixo/310s_10percent,22,1,SIMILARITY_HIGH,1,ALLOCATE,98.2929
rl1,cenario1_tempo_fixo/310s_10percent,23,0,SIMILARITY_MEDIUM,0,DO_NOT_ALLOCATE,-0.5
rl1,cenario1_tempo_fixo/310s_10percent,23,0,SIMILARITY_MEDIUM,1,ALLOCATE,10.4662
rl1,cenario1_tempo_fixo/310s_10percent,23,1,SIMILARITY_HIGH,0,DO_NOT_ALLOCATE,65.6656
rl1,cenario1_tempo_fixo/310s_10percent,23,1,SIMILARITY_HIGH,1,ALLOCATE,98.2929
rl1,cenario1_tempo_fixo/310s_10percent,24,0,SIMILARITY_MEDIUM,0,DO_NOT_ALLOCATE,-0.5
rl1,cenario1_tempo_fixo/310s_10percent,24,0,SIMILARITY_MEDIUM,1,ALLOCATE,10.4662
rl1,cenario1_tempo_fixo/310s_10percent,24,1,SIMILARITY_HIGH,0,DO_NOT_ALLOCATE,71.8442
rl1,cenario1_tempo_fixo/310s_10percent,24,1,SIMILARITY_HIGH,1,ALLOCATE,98.6855
rl1,cenario1_tempo_fixo/310s_10percent,25,0,SIMILARITY_MEDIUM,0,DO_NOT_ALLOCATE,-0.5
rl1,cenario1_tempo_fixo/310s_10percent,25,0,SIMILARITY_MEDIUM,1,ALLOCATE,10.4662
rl1,cenario1_tempo_fixo/310s_10percent,25,1,SIMILARITY_HIGH,0,DO_NOT_ALLOCATE,77.5249
rl1,cenario1_tempo_fixo/310s_10percent,25,1,SIMILARITY_HIGH,1,ALLOCATE,99.0374
rl1,cenario1_tempo_fixo/310s_10percent,26,0,SIMILARITY_MEDIUM,0,DO_NOT_ALLOCATE,-0.5
rl1,cenario1_tempo_fixo/310s_10percent,26,0,SIMILARITY_MEDIUM,1,ALLOCATE,10.4662
rl1,cenario1_tempo_fixo/310s_10percent,26,1,SIMILARITY_HIGH,0,DO_NOT_ALLOCATE,78.1866
rl1,cenario1_tempo_fixo/310s_10percent,26,1,SIMILARITY_HIGH,1,ALLOCATE,99.1118
rl1,cenario1_tempo_fixo/310s_10percent,27,0,SIMILARITY_MEDIUM,0,DO_NOT_ALLOCATE,-0.5
rl1,cenario1_tempo_fixo/310s_10percent,27,0,SIMILARITY_MEDIUM,1,ALLOCATE,10.4662
rl1,cenario1_tempo_fixo/310s_10percent,27,1,SIMILARITY_HIGH,0,DO_NOT_ALLOCATE,78.1866
rl1,cenario1_tempo_fixo/310s_10percent,27,1,SIMILARITY_HIGH,1,ALLOCATE,99.2361
rl1,cenario1_tempo_fixo/310s_10percent,28,0,SIMILARITY_MEDIUM,0,DO_NOT_ALLOCATE,-0.5
rl1,cenario1_tempo_fixo/310s_10percent,28,0,SIMILARITY_MEDIUM,1,ALLOCATE,10.4662
rl1,cenario1_tempo_fixo/310s_10percent,28,1,SIMILARITY_HIGH,0,DO_NOT_ALLOCATE,78.8128
rl1,cenario1_tempo_fixo/310s_10percent,28,1,SIMILARITY_HIGH,1,ALLOCATE,99.3938
rl1,cenario1_tempo_fixo/310s_10percent,29,0,SIMILARITY_MEDIUM,0,DO_NOT_ALLOCATE,-0.5
rl1,cenario1_tempo_fixo/310s_10percent,29,0,SIMILARITY_MEDIUM,1,ALLOCATE,10.4662
rl1,cenario1_tempo_fixo/310s_10percent,29,1,SIMILARITY_HIGH,0,DO_NOT_ALLOCATE,78.8128
rl1,cenario1_tempo_fixo/310s_10percent,29,1,SIMILARITY_HIGH,1,ALLOCATE,99.5285
rl1,cenario1_tempo_fixo/310s_10percent,30,0,SIMILARITY_MEDIUM,0,DO_NOT_ALLOCATE,-0.5
rl1,cenario1_tempo_fixo/310s_10percent,30,0,SIMILARITY_MEDIUM,1,ALLOCATE,10.4662
rl1,cenario1_tempo_fixo/310s_10percent,30,1,SIMILARITY_HIGH,0,DO_NOT_ALLOCATE,78.8128
rl1,cenario1_tempo_fixo/310s_10percent,30,1,SIMILARITY_HIGH,1,ALLOCATE,99.6406
rl1,cenario1_tempo_fixo/310s_10percent,31,0,SIMILARITY_MEDIUM,0,DO_NOT_ALLOCATE,-0.5
rl1,cenario1_tempo_fixo/310s_10percent,31,0,SIMILARITY_MEDIUM,1,ALLOCATE,10.4662
rl1,cenario1_tempo_fixo/310s_10percent,31,1,SIMILARITY_HIGH,0,DO_NOT_ALLOCATE,79.9291
rl1,cenario1_tempo_fixo/310s_10percent,31,1,SIMILARITY_HIGH,1,ALLOCATE,99.694
rl1,cenario1_tempo_fixo/310s_10percent,32,0,SIMILARITY_MEDIUM,0,DO_NOT_ALLOCATE,-0.5
rl1,cenario1_tempo_fixo/310s_10percent,32,0,SIMILARITY_MEDIUM,1,ALLOCATE,10.4662
rl1,cenario1_tempo_fixo/310s_10percent,32,1,SIMILARITY_HIGH,0,DO_NOT_ALLOCATE,80.4127
rl1,cenario1_tempo_fixo/310s_10percent,32,1,SIMILARITY_HIGH,1,ALLOCATE,99.7472
rl1,cenario1_tempo_fixo/310s_10percent,33,0,SIMILARITY_MEDIUM,0,DO_NOT_ALLOCATE,-0.008042
rl1,cenario1_tempo_fixo/310s_10percent,33,0,SIMILARITY_MEDIUM,1,ALLOCATE,15.7057
rl1,cenario1_tempo_fixo/310s_10percent,33,1,SIMILARITY_HIGH,0,DO_NOT_ALLOCATE,80.4127
rl1,cenario1_tempo_fixo/310s_10percent,33,1,SIMILARITY_HIGH,1,ALLOCATE,99.7472
rl1,cenario1_tempo_fixo/310s_10percent,34,0,SIMILARITY_MEDIUM,0,DO_NOT_ALLOCATE,-0.008042
rl1,cenario1_tempo_fixo/310s_10percent,34,0,SIMILARITY_MEDIUM,1,ALLOCATE,15.7057
rl1,cenario1_tempo_fixo/310s_10percent,34,1,SIMILARITY_HIGH,0,DO_NOT_ALLOCATE,81.2472
rl1,cenario1_tempo_fixo/310s_10percent,34,1,SIMILARITY_HIGH,1,ALLOCATE,99.8111
rl1,cenario1_tempo_fixo/310s_10percent,35,0,SIMILARITY_MEDIUM,0,DO_NOT_ALLOCATE,-0.008042
rl1,cenario1_tempo_fixo/310s_10percent,35,0,SIMILARITY_MEDIUM,1,ALLOCATE,15.7057
rl1,cenario1_tempo_fixo/310s_10percent,35,1,SIMILARITY_HIGH,0,DO_NOT_ALLOCATE,81.6081
rl1,cenario1_tempo_fixo/310s_10percent,35,1,SIMILARITY_HIGH,1,ALLOCATE,99.8516
rl1,cenario1_tempo_fixo/310s_20percent,1,0,SIMILARITY_MEDIUM,0,DO_NOT_ALLOCATE,-0.276192
rl1,cenario1_tempo_fixo/310s_20percent,1,0,SIMILARITY_MEDIUM,1,ALLOCATE,3.9404
rl1,cenario1_tempo_fixo/310s_20percent,1,1,SIMILARITY_HIGH,0,DO_NOT_ALLOCATE,-0.5
rl1,cenario1_tempo_fixo/310s_20percent,1,1,SIMILARITY_HIGH,1,ALLOCATE,18.2093
rl1,cenario1_tempo_fixo/310s_20percent,2,0,SIMILARITY_MEDIUM,0,DO_NOT_ALLOCATE,-0.276192
rl1,cenario1_tempo_fixo/310s_20percent,2,0,SIMILARITY_MEDIUM,1,ALLOCATE,3.9404
rl1,cenario1_tempo_fixo/310s_20percent,2,1,SIMILARITY_HIGH,0,DO_NOT_ALLOCATE,-0.5
rl1,cenario1_tempo_fixo/310s_20percent,2,1,SIMILARITY_HIGH,1,ALLOCATE,31.0551
rl1,cenario1_tempo_fixo/310s_20percent,3,0,SIMILARITY_MEDIUM,0,DO_NOT_ALLOCATE,-0.276192
rl1,cenario1_tempo_fixo/310s_20percent,3,0,SIMILARITY_MEDIUM,1,ALLOCATE,3.9404
rl1,cenario1_tempo_fixo/310s_20percent,3,1,SIMILARITY_HIGH,0,DO_NOT_ALLOCATE,2.60495
rl1,cenario1_tempo_fixo/310s_20percent,3,1,SIMILARITY_HIGH,1,ALLOCATE,40.1044
rl1,cenario1_tempo_fixo/310s_20percent,4,0,SIMILARITY_MEDIUM,0,DO_NOT_ALLOCATE,-0.276192
rl1,cenario1_tempo_fixo/310s_20percent,4,0,SIMILARITY_MEDIUM,1,ALLOCATE,8.64828
rl1,cenario1_tempo_fixo/310s_20percent,4,1,SIMILARITY_HIGH,0,DO_NOT_ALLOCATE,6.60918
rl1,cenario1_tempo_fixo/310s_20percent,4,1,SIMILARITY_HIGH,1,ALLOCATE,53.8778
rl1,cenario1_tempo_fixo/310s_20percent,5,0,SIMILARITY_MEDIUM,0,DO_NOT_ALLOCATE,-0.276192
rl1,cenario1_tempo_fixo/310s_20percent,5,0,SIMILARITY_MEDIUM,1,ALLOCATE,8.64828
rl1,cenario1_tempo_fixo/310s_20percent,5,1,SIMILARITY_HIGH,0,DO_NOT_ALLOCATE,10.9492
rl1,cenario1_tempo_fixo/310s_20percent,5,1,SIMILARITY_HIGH,1,ALLOCATE,62.6536
rl1,cenario1_tempo_fixo/310s_20percent,6,0,SIMILARITY_MEDIUM,0,DO_NOT_ALLOCATE,-0.276192
rl1,cenario1_tempo_fixo/310s_20percent,6,0,SIMILARITY_MEDIUM,1,ALLOCATE,8.64828
rl1,cenario1_tempo_fixo/310s_20percent,6,1,SIMILARITY_HIGH,0,DO_NOT_ALLOCATE,15.375
rl1,cenario1_tempo_fixo/310s_20percent,6,1,SIMILARITY_HIGH,1,ALLOCATE,70.3614
rl1,cenario1_tempo_fixo/310s_20percent,7,0,SIMILARITY_MEDIUM,0,DO_NOT_ALLOCATE,0.193383
rl1,cenario1_tempo_fixo/310s_20percent,7,0,SIMILARITY_MEDIUM,1,ALLOCATE,13.9942
rl1,cenario1_tempo_fixo/310s_20percent,7,1,SIMILARITY_HIGH,0,DO_NOT_ALLOCATE,24.2497
rl1,cenario1_tempo_fixo/310s_20percent,7,1,SIMILARITY_HIGH,1,ALLOCATE,75.2662
rl1,cenario1_tempo_fixo/310s_20percent,8,0,SIMILARITY_MEDIUM,0,DO_NOT_ALLOCATE,0.193383
rl1,cenario1_tempo_fixo/310s_20percent,8,0,SIMILARITY_MEDIUM,1,ALLOCATE,13.9942
rl1,cenario1_tempo_fixo/310s_20percent,8,1,SIMILARITY_HIGH,0,DO_NOT_ALLOCATE,28.1209
rl1,cenario1_tempo_fixo/310s_20percent,8,1,SIMILARITY_HIGH,1,ALLOCATE,78.9402
rl1,cenario1_tempo_fixo/310s_20percent,9,0,SIMILARITY_MEDIUM,0,DO_NOT_ALLOCATE,0.193383
rl1,cenario1_tempo_fixo/310s_20percent,9,0,SIMILARITY_MEDIUM,1,ALLOCATE,13.9942
rl1,cenario1_tempo_fixo/310s_20percent,9,1,SIMILARITY_HIGH,0,DO_NOT_ALLOCATE,39.5449
rl1,cenario1_tempo_fixo/310s_20percent,9,1,SIMILARITY_HIGH,1,ALLOCATE,87.0
rl1,cenario1_tempo_fixo/310s_20percent,10,0,SIMILARITY_MEDIUM,0,DO_NOT_ALLOCATE,0.193383
rl1,cenario1_tempo_fixo/310s_20percent,10,0,SIMILARITY_MEDIUM,1,ALLOCATE,13.9942
rl1,cenario1_tempo_fixo/310s_20percent,10,1,SIMILARITY_HIGH,0,DO_NOT_ALLOCATE,39.5449
rl1,cenario1_tempo_fixo/310s_20percent,10,1,SIMILARITY_HIGH,1,ALLOCATE,89.0417
rl1,cenario1_tempo_fixo/310s_20percent,11,0,SIMILARITY_MEDIUM,0,DO_NOT_ALLOCATE,0.193383
rl1,cenario1_tempo_fixo/310s_20percent,11,0,SIMILARITY_MEDIUM,1,ALLOCATE,13.9942
rl1,cenario1_tempo_fixo/310s_20percent,11,1,SIMILARITY_HIGH,0,DO_NOT_ALLOCATE,46.4707
rl1,cenario1_tempo_fixo/310s_20percent,11,1,SIMILARITY_HIGH,1,ALLOCATE,91.1268
rl1,cenario1_tempo_fixo/310s_20percent,12,0,SIMILARITY_MEDIUM,0,DO_NOT_ALLOCATE,0.193383
rl1,cenario1_tempo_fixo/310s_20percent,12,0,SIMILARITY_MEDIUM,1,ALLOCATE,13.9942
rl1,cenario1_tempo_fixo/310s_20percent,12,1,SIMILARITY_HIGH,0,DO_NOT_ALLOCATE,49.7209
rl1,cenario1_tempo_fixo/310s_20percent,12,1,SIMILARITY_HIGH,1,ALLOCATE,93.3702
rl1,cenario1_tempo_fixo/310s_20percent,13,0,SIMILARITY_MEDIUM,0,DO_NOT_ALLOCATE,0.193383
rl1,cenario1_tempo_fixo/310s_20percent,13,0,SIMILARITY_MEDIUM,1,ALLOCATE,20.6386
rl1,cenario1_tempo_fixo/310s_20percent,13,1,SIMILARITY_HIGH,0,DO_NOT_ALLOCATE,55.5117
rl1,cenario1_tempo_fixo/310s_20percent,13,1,SIMILARITY_HIGH,1,ALLOCATE,94.8432
rl1,cenario1_tempo_fixo/310s_20percent,14,0,SIMILARITY_MEDIUM,0,DO_NOT_ALLOCATE,0.193383
rl1,cenario1_tempo_fixo/310s_20percent,14,0,SIMILARITY_MEDIUM,1,ALLOCATE,20.6386
rl1,cenario1_tempo_fixo/310s_20percent,14,1,SIMILARITY_HIGH,0,DO_NOT_ALLOCATE,60.3247
rl1,cenario1_tempo_fixo/310s_20percent,14,1,SIMILARITY_HIGH,1,ALLOCATE,96.2988
rl1,cenario1_tempo_fixo/310s_20percent,15,0,SIMILARITY_MEDIUM,0,DO_NOT_ALLOCATE,0.193383
rl1,cenario1_tempo_fixo/310s_20percent,15,0,SIMILARITY_MEDIUM,1,ALLOCATE,20.6386
rl1,cenario1_tempo_fixo/310s_20percent,15,1,SIMILARITY_HIGH,0,DO_NOT_ALLOCATE,62.4818
rl1,cenario1_tempo_fixo/310s_20percent,15,1,SIMILARITY_HIGH,1,ALLOCATE,96.8486
rl1,cenario1_tempo_fixo/310s_20percent,16,0,SIMILARITY_MEDIUM,0,DO_NOT_ALLOCATE,0.193383
rl1,cenario1_tempo_fixo/310s_20percent,16,0,SIMILARITY_MEDIUM,1,ALLOCATE,20.6386
rl1,cenario1_tempo_fixo/310s_20percent,16,1,SIMILARITY_HIGH,0,DO_NOT_ALLOCATE,64.4872
rl1,cenario1_tempo_fixo/310s_20percent,16,1,SIMILARITY_HIGH,1,ALLOCATE,97.9338
rl1,cenario1_tempo_fixo/310s_20percent,17,0,SIMILARITY_MEDIUM,0,DO_NOT_ALLOCATE,0.193383
rl1,cenario1_tempo_fixo/310s_20percent,17,0,SIMILARITY_MEDIUM,1,ALLOCATE,20.6386
rl1,cenario1_tempo_fixo/310s_20percent,17,1,SIMILARITY_HIGH,0,DO_NOT_ALLOCATE,68.0701
rl1,cenario1_tempo_fixo/310s_20percent,17,1,SIMILARITY_HIGH,1,ALLOCATE,98.31
rl1,cenario1_tempo_fixo/310s_20percent,18,0,SIMILARITY_MEDIUM,0,DO_NOT_ALLOCATE,0.193383
rl1,cenario1_tempo_fixo/310s_20percent,18,0,SIMILARITY_MEDIUM,1,ALLOCATE,20.6386
rl1,cenario1_tempo_fixo/310s_20percent,18,1,SIMILARITY_HIGH,0,DO_NOT_ALLOCATE,69.6436
rl1,cenario1_tempo_fixo/310s_20percent,18,1,SIMILARITY_HIGH,1,ALLOCATE,98.7992
rl1,cenario1_tempo_fixo/310s_20percent,19,0,SIMILARITY_MEDIUM,0,DO_NOT_ALLOCATE,0.193383
rl1,cenario1_tempo_fixo/310s_20percent,19,0,SIMILARITY_MEDIUM,1,ALLOCATE,20.6386
rl1,cenario1_tempo_fixo/310s_20percent,19,1,SIMILARITY_HIGH,0,DO_NOT_ALLOCATE,72.3927
rl1,cenario1_tempo_fixo/310s_20percent,19,1,SIMILARITY_HIGH,1,ALLOCATE,99.1118
rl1,cenario1_tempo_fixo/310s_20percent,20,0,SIMILARITY_MEDIUM,0,DO_NOT_ALLOCATE,0.193383
rl1,cenario1_tempo_fixo/310s_20percent,20,0,SIMILARITY_MEDIUM,1,ALLOCATE,20.6386
rl1,cenario1_tempo_fixo/310s_20percent,20,1,SIMILARITY_HIGH,0,DO_NOT_ALLOCATE,73.5766
rl1,cenario1_tempo_fixo/310s_20percent,20,1,SIMILARITY_HIGH,1,ALLOCATE,99.1721
rl1,cenario1_tempo_fixo/310s_20percent,21,0,SIMILARITY_MEDIUM,0,DO_NOT_ALLOCATE,0.193383
rl1,cenario1_tempo_fixo/310s_20percent,21,0,SIMILARITY_MEDIUM,1,ALLOCATE,20.6386
rl1,cenario1_tempo_fixo/310s_20percent,21,1,SIMILARITY_HIGH,0,DO_NOT_ALLOCATE,73.5766
rl1,cenario1_tempo_fixo/310s_20percent,21,1,SIMILARITY_HIGH,1,ALLOCATE,99.4572
rl1,cenario1_tempo_fixo/310s_20percent,22,0,SIMILARITY_MEDIUM,0,DO_NOT_ALLOCATE,2.40633
rl1,cenario1_tempo_fixo/310s_20percent,22,0,SIMILARITY_MEDIUM,1,ALLOCATE,31.0551
rl1,cenario1_tempo_fixo/310s_20percent,22,1,SIMILARITY_HIGH,0,DO_NOT_ALLOCATE,73.5766
rl1,cenario1_tempo_fixo/310s_20percent,22,1,SIMILARITY_HIGH,1,ALLOCATE,99.5189
rl1,cenario1_tempo_fixo/310s_20percent,23,0,SIMILARITY_MEDIUM,0,DO_NOT_ALLOCATE,2.40633
rl1,cenario1_tempo_fixo/310s_20percent,23,0,SIMILARITY_MEDIUM,1,ALLOCATE,35.7388
rl1,cenario1_tempo_fixo/310s_20percent,23,1,SIMILARITY_HIGH,0,DO_NOT_ALLOCATE,73.5766
rl1,cenario1_tempo_fixo/310s_20percent,23,1,SIMILARITY_HIGH,1,ALLOCATE,99.6616
rl1,cenario1_tempo_fixo/310s_20percent,24,0,SIMILARITY_MEDIUM,0,DO_NOT_ALLOCATE,2.40633
rl1,cenario1_tempo_fixo/310s_20percent,24,0,SIMILARITY_MEDIUM,1,ALLOCATE,35.7388
rl1,cenario1_tempo_fixo/310s_20percent,24,1,SIMILARITY_HIGH,0,DO_NOT_ALLOCATE,75.695
rl1,cenario1_tempo_fixo/310s_20percent,24,1,SIMILARITY_HIGH,1,ALLOCATE,99.742
rl1,cenario1_tempo_fixo/310s_20percent,25,0,SIMILARITY_MEDIUM,0,DO_NOT_ALLOCATE,2.40633
rl1,cenario1_tempo_fixo/310s_20percent,25,0,SIMILARITY_MEDIUM,1,ALLOCATE,35.7388
rl1,cenario1_tempo_fixo/310s_20percent,25,1,SIMILARITY_HIGH,0,DO_NOT_ALLOCATE,78.1685
rl1,cenario1_tempo_fixo/310s_20percent,25,1,SIMILARITY_HIGH,1,ALLOCATE,99.8221
rl1,cenario1_tempo_fixo/310s_20percent,26,0,SIMILARITY_MEDIUM,0,DO_NOT_ALLOCATE,2.40633
rl1,cenario1_tempo_fixo/310s_20percent,26,0,SIMILARITY_MEDIUM,1,ALLOCATE,35.7388
rl1,cenario1_tempo_fixo/310s_20percent,26,1,SIMILARITY_HIGH,0,DO_NOT_ALLOCATE,78.1685
rl1,cenario1_tempo_fixo/310s_20percent,26,1,SIMILARITY_HIGH,1,ALLOCATE,99.8657
rl1,cenario1_tempo_fixo/310s_20percent,27,0,SIMILARITY_MEDIUM,0,DO_NOT_ALLOCATE,2.40633
rl1,cenario1_tempo_fixo/310s_20percent,27,0,SIMILARITY_MEDIUM,1,ALLOCATE,35.7388
rl1,cenario1_tempo_fixo/310s_20percent,27,1,SIMILARITY_HIGH,0,DO_NOT_ALLOCATE,79.4442
rl1,cenario1_tempo_fixo/310s_20percent,27,1,SIMILARITY_HIGH,1,ALLOCATE,99.8986
rl1,cenario1_tempo_fixo/310s_20percent,28,0,SIMILARITY_MEDIUM,0,DO_NOT_ALLOCATE,2.40633
rl1,cenario1_tempo_fixo/310s_20percent,28,0,SIMILARITY_MEDIUM,1,ALLOCATE,35.7388
rl1,cenario1_tempo_fixo/310s_20percent,28,1,SIMILARITY_HIGH,0,DO_NOT_ALLOCATE,79.4442
rl1,cenario1_tempo_fixo/310s_20percent,28,1,SIMILARITY_HIGH,1,ALLOCATE,99.9101
rl1,cenario1_tempo_fixo/310s_20percent,29,0,SIMILARITY_MEDIUM,0,DO_NOT_ALLOCATE,2.40633
rl1,cenario1_tempo_fixo/310s_20percent,29,0,SIMILARITY_MEDIUM,1,ALLOCATE,35.7388
rl1,cenario1_tempo_fixo/310s_20percent,29,1,SIMILARITY_HIGH,0,DO_NOT_ALLOCATE,79.4442
rl1,cenario1_tempo_fixo/310s_20percent,29,1,SIMILARITY_HIGH,1,ALLOCATE,99.9287
rl1,cenario1_tempo_fixo/310s_20percent,30,0,SIMILARITY_MEDIUM,0,DO_NOT_ALLOCATE,2.40633
rl1,cenario1_tempo_fixo/310s_20percent,30,0,SIMILARITY_MEDIUM,1,ALLOCATE,40.1044
rl1,cenario1_tempo_fixo/310s_20percent,30,1,SIMILARITY_HIGH,0,DO_NOT_ALLOCATE,79.4442
rl1,cenario1_tempo_fixo/310s_20percent,30,1,SIMILARITY_HIGH,1,ALLOCATE,99.9287
rl1,cenario1_tempo_fixo/310s_20percent,31,0,SIMILARITY_MEDIUM,0,DO_NOT_ALLOCATE,2.40633
rl1,cenario1_tempo_fixo/310s_20percent,31,0,SIMILARITY_MEDIUM,1,ALLOCATE,40.1044
rl1,cenario1_tempo_fixo/310s_20percent,31,1,SIMILARITY_HIGH,0,DO_NOT_ALLOCATE,80.9356
rl1,cenario1_tempo_fixo/310s_20percent,31,1,SIMILARITY_HIGH,1,ALLOCATE,99.9467
rl1,cenario1_tempo_fixo/310s_20percent,32,0,SIMILARITY_MEDIUM,0,DO_NOT_ALLOCATE,2.40633
rl1,cenario1_tempo_fixo/310s_20percent,32,0,SIMILARITY_MEDIUM,1,ALLOCATE,45.2843
rl1,cenario1_tempo_fixo/310s_20percent,32,1,SIMILARITY_HIGH,0,DO_NOT_ALLOCATE,80.9356
rl1,cenario1_tempo_fixo/310s_20percent,32,1,SIMILARITY_HIGH,1,ALLOCATE,99.9467
rl1,cenario1_tempo_fixo/310s_20percent,33,0,SIMILARITY_MEDIUM,0,DO_NOT_ALLOCATE,2.40633
rl1,cenario1_tempo_fixo/310s_20percent,33,0,SIMILARITY_MEDIUM,1,ALLOCATE,45.2843
rl1,cenario1_tempo_fixo/310s_20percent,33,1,SIMILARITY_HIGH,0,DO_NOT_ALLOCATE,80.9356
rl1,cenario1_tempo_fixo/310s_20percent,33,1,SIMILARITY_HIGH,1,ALLOCATE,99.9585
rl1,cenario1_tempo_fixo/310s_20percent,34,0,SIMILARITY_MEDIUM,0,DO_NOT_ALLOCATE,2.40633
rl1,cenario1_tempo_fixo/310s_20percent,34,0,SIMILARITY_MEDIUM,1,ALLOCATE,45.2843
rl1,cenario1_tempo_fixo/310s_20percent,34,1,SIMILARITY_HIGH,0,DO_NOT_ALLOCATE,81.339
rl1,cenario1_tempo_fixo/310s_20percent,34,1,SIMILARITY_HIGH,1,ALLOCATE,99.968
rl1,cenario1_tempo_fixo/310s_20percent,35,0,SIMILARITY_MEDIUM,0,DO_NOT_ALLOCATE,2.40633
rl1,cenario1_tempo_fixo/310s_20percent,35,0,SIMILARITY_MEDIUM,1,ALLOCATE,45.2843
rl1,cenario1_tempo_fixo/310s_20percent,35,1,SIMILARITY_HIGH,0,DO_NOT_ALLOCATE,82.0297
rl1,cenario1_tempo_fixo/310s_20percent,35,1,SIMILARITY_HIGH,1,ALLOCATE,99.9736
rl1,cenario1_tempo_fixo/310s_30percent,1,0,SIMILARITY_MEDIUM,0,DO_NOT_ALLOCATE,0.0
rl1,cenario1_tempo_fixo/310s_30percent,1,0,SIMILARITY_MEDIUM,1,ALLOCATE,10.4662
rl1,cenario1_tempo_fixo/310s_30percent,1,1,SIMILARITY_HIGH,0,DO_NOT_ALLOCATE,0.769838
rl1,cenario1_tempo_fixo/310s_30percent,1,1,SIMILARITY_HIGH,1,ALLOCATE,51.011
rl1,cenario1_tempo_fixo/310s_30percent,2,0,SIMILARITY_MEDIUM,0,DO_NOT_ALLOCATE,0.0
rl1,cenario1_tempo_fixo/310s_30percent,2,0,SIMILARITY_MEDIUM,1,ALLOCATE,10.4662
rl1,cenario1_tempo_fixo/310s_30percent,2,1,SIMILARITY_HIGH,0,DO_NOT_ALLOCATE,20.5512
rl1,cenario1_tempo_fixo/310s_30percent,2,1,SIMILARITY_HIGH,1,ALLOCATE,73.4634
rl1,cenario1_tempo_fixo/310s_30percent,3,0,SIMILARITY_MEDIUM,0,DO_NOT_ALLOCATE,0.0
rl1,cenario1_tempo_fixo/310s_30percent,3,0,SIMILARITY_MEDIUM,1,ALLOCATE,10.4662
rl1,cenario1_tempo_fixo/310s_30percent,3,1,SIMILARITY_HIGH,0,DO_NOT_ALLOCATE,24.7019
rl1,cenario1_tempo_fixo/310s_30percent,3,1,SIMILARITY_HIGH,1,ALLOCATE,85.4803
rl1,cenario1_tempo_fixo/310s_30percent,4,0,SIMILARITY_MEDIUM,0,DO_NOT_ALLOCATE,0.0
rl1,cenario1_tempo_fixo/310s_30percent,4,0,SIMILARITY_MEDIUM,1,ALLOCATE,16.5486
rl1,cenario1_tempo_fixo/310s_30percent,4,1,SIMILARITY_HIGH,0,DO_NOT_ALLOCATE,29.7254
rl1,cenario1_tempo_fixo/310s_30percent,4,1,SIMILARITY_HIGH,1,ALLOCATE,90.5752
rl1,cenario1_tempo_fixo/310s_30percent,5,0,SIMILARITY_MEDIUM,0,DO_NOT_ALLOCATE,3.19622
rl1,cenario1_tempo_fixo/310s_30percent,5,0,SIMILARITY_MEDIUM,1,ALLOCATE,38.8883
rl1,cenario1_tempo_fixo/310s_30percent,5,1,SIMILARITY_HIGH,0,DO_NOT_ALLOCATE,29.7254
rl1,cenario1_tempo_fixo/310s_30percent,5,1,SIMILARITY_HIGH,1,ALLOCATE,91.646
rl1,cenario1_tempo_fixo/310s_30percent,6,0,SIMILARITY_MEDIUM,0,DO_NOT_ALLOCATE,3.19622
rl1,cenario1_tempo_fixo/310s_30percent,6,0,SIMILARITY_MEDIUM,1,ALLOCATE,38.8883
rl1,cenario1_tempo_fixo/310s_30percent,6,1,SIMILARITY_HIGH,0,DO_NOT_ALLOCATE,39.0101
rl1,cenario1_tempo_fixo/310s_30percent,6,1,SIMILARITY_HIGH,1,ALLOCATE,93.8205
rl1,cenario1_tempo_fixo/310s_30percent,7,0,SIMILARITY_MEDIUM,0,DO_NOT_ALLOCATE,3.19622
rl1,cenario1_tempo_fixo/310s_30percent,7,0,SIMILARITY_MEDIUM,1,ALLOCATE,38.8883
rl1,cenario1_tempo_fixo/310s_30percent,7,1,SIMILARITY_HIGH,0,DO_NOT_ALLOCATE,43.1765
rl1,cenario1_tempo_fixo/310s_30percent,7,1,SIMILARITY_HIGH,1,ALLOCATE,95.653
rl1,cenario1_tempo_fixo/310s_30percent,8,0,SIMILARITY_MEDIUM,0,DO_NOT_ALLOCATE,3.19622
rl1,cenario1_tempo_fixo/310s_30percent,8,0,SIMILARITY_MEDIUM,1,ALLOCATE,38.8883
rl1,cenario1_tempo_fixo/310s_30percent,8,1,SIMILARITY_HIGH,0,DO_NOT_ALLOCATE,50.4747
rl1,cenario1_tempo_fixo/310s_30percent,8,1,SIMILARITY_HIGH,1,ALLOCATE,96.6188
rl1,cenario1_tempo_fixo/310s_30percent,9,0,SIMILARITY_MEDIUM,0,DO_NOT_ALLOCATE,13.357
rl1,cenario1_tempo_fixo/310s_30percent,9,0,SIMILARITY_MEDIUM,1,ALLOCATE,47.966
rl1,cenario1_tempo_fixo/310s_30percent,9,1,SIMILARITY_HIGH,0,DO_NOT_ALLOCATE,53.626
rl1,cenario1_tempo_fixo/310s_30percent,9,1,SIMILARITY_HIGH,1,ALLOCATE,97.2621
rl1,cenario1_tempo_fixo/310s_30percent,10,0,SIMILARITY_MEDIUM,0,DO_NOT_ALLOCATE,16.2432
rl1,cenario1_tempo_fixo/310s_30percent,10,0,SIMILARITY_MEDIUM,1,ALLOCATE,53.412
rl1,cenario1_tempo_fixo/310s_30percent,10,1,SIMILARITY_HIGH,0,DO_NOT_ALLOCATE,53.626
rl1,cenario1_tempo_fixo/310s_30percent,10,1,SIMILARITY_HIGH,1,ALLOCATE,97.738
rl1,cenario1_tempo_fixo/310s_30percent,11,0,SIMILARITY_MEDIUM,0,DO_NOT_ALLOCATE,16.2432
rl1,cenario1_tempo_fixo/310s_30percent,11,0,SIMILARITY_MEDIUM,1,ALLOCATE,53.412
rl1,cenario1_tempo_fixo/310s_30percent,11,1,SIMILARITY_HIGH,0,DO_NOT_ALLOCATE,65.8424
rl1,cenario1_tempo_fixo/310s_30percent,11,1,SIMILARITY_HIGH,1,ALLOCATE,98.5317
rl1,cenario1_tempo_fixo/310s_30percent,12,0,SIMILARITY_MEDIUM,0,DO_NOT_ALLOCATE,16.2432
rl1,cenario1_tempo_fixo/310s_30percent,12,0,SIMILARITY_MEDIUM,1,ALLOCATE,53.412
rl1,cenario1_tempo_fixo/310s_30percent,12,1,SIMILARITY_HIGH,0,DO_NOT_ALLOCATE,73.1907
rl1,cenario1_tempo_fixo/310s_30percent,12,1,SIMILARITY_HIGH,1,ALLOCATE,98.7498
rl1,cenario1_tempo_fixo/310s_30percent,13,0,SIMILARITY_MEDIUM,0,DO_NOT_ALLOCATE,16.2432
rl1,cenario1_tempo_fixo/310s_30percent,13,0,SIMILARITY_MEDIUM,1,ALLOCATE,58.7051
rl1,cenario1_tempo_fixo/310s_30percent,13,1,SIMILARITY_HIGH,0,DO_NOT_ALLOCATE,74.2591
rl1,cenario1_tempo_fixo/310s_30percent,13,1,SIMILARITY_HIGH,1,ALLOCATE,99.2807
rl1,cenario1_tempo_fixo/310s_30percent,14,0,SIMILARITY_MEDIUM,0,DO_NOT_ALLOCATE,22.7911
rl1,cenario1_tempo_fixo/310s_30percent,14,0,SIMILARITY_MEDIUM,1,ALLOCATE,62.2764
rl1,cenario1_tempo_fixo/310s_30percent,14,1,SIMILARITY_HIGH,0,DO_NOT_ALLOCATE,74.2591
rl1,cenario1_tempo_fixo/310s_30percent,14,1,SIMILARITY_HIGH,1,ALLOCATE,99.3937
rl1,cenario1_tempo_fixo/310s_30percent,15,0,SIMILARITY_MEDIUM,0,DO_NOT_ALLOCATE,22.7911
rl1,cenario1_tempo_fixo/310s_30percent,15,0,SIMILARITY_MEDIUM,1,ALLOCATE,62.2764
rl1,cenario1_tempo_fixo/310s_30percent,15,1,SIMILARITY_HIGH,0,DO_NOT_ALLOCATE,76.2166
rl1,cenario1_tempo_fixo/310s_30percent,15,1,SIMILARITY_HIGH,1,ALLOCATE,99.6143
rl1,cenario1_tempo_fixo/310s_30percent,16,0,SIMILARITY_MEDIUM,0,DO_NOT_ALLOCATE,25.8475
rl1,cenario1_tempo_fixo/310s_30percent,16,0,SIMILARITY_MEDIUM,1,ALLOCATE,69.1456
rl1,cenario1_tempo_fixo/310s_30percent,16,1,SIMILARITY_HIGH,0,DO_NOT_ALLOCATE,77.0613
rl1,cenario1_tempo_fixo/310s_30percent,16,1,SIMILARITY_HIGH,1,ALLOCATE,99.6749
rl1,cenario1_tempo_fixo/310s_30percent,17,0,SIMILARITY_MEDIUM,0,DO_NOT_ALLOCATE,25.8475
rl1,cenario1_tempo_fixo/310s_30percent,17,0,SIMILARITY_MEDIUM,1,ALLOCATE,69.1456
rl1,cenario1_tempo_fixo/310s_30percent,17,1,SIMILARITY_HIGH,0,DO_NOT_ALLOCATE,77.0613
rl1,cenario1_tempo_fixo/310s_30percent,17,1,SIMILARITY_HIGH,1,ALLOCATE,99.8185
rl1,cenario1_tempo_fixo/310s_30percent,18,0,SIMILARITY_MEDIUM,0,DO_NOT_ALLOCATE,25.8475
rl1,cenario1_tempo_fixo/310s_30percent,18,0,SIMILARITY_MEDIUM,1,ALLOCATE,69.1456
rl1,cenario1_tempo_fixo/310s_30percent,18,1,SIMILARITY_HIGH,0,DO_NOT_ALLOCATE,78.5409
rl1,cenario1_tempo_fixo/310s_30percent,18,1,SIMILARITY_HIGH,1,ALLOCATE,99.8945
rl1,cenario1_tempo_fixo/310s_30percent,19,0,SIMILARITY_MEDIUM,0,DO_NOT_ALLOCATE,25.8475
rl1,cenario1_tempo_fixo/310s_30percent,19,0,SIMILARITY_MEDIUM,1,ALLOCATE,69.1456
rl1,cenario1_tempo_fixo/310s_30percent,19,1,SIMILARITY_HIGH,0,DO_NOT_ALLOCATE,79.7545
rl1,cenario1_tempo_fixo/310s_30percent,19,1,SIMILARITY_HIGH,1,ALLOCATE,99.9342
rl1,cenario1_tempo_fixo/310s_30percent,20,0,SIMILARITY_MEDIUM,0,DO_NOT_ALLOCATE,29.2514
rl1,cenario1_tempo_fixo/310s_30percent,20,0,SIMILARITY_MEDIUM,1,ALLOCATE,75.5135
rl1,cenario1_tempo_fixo/310s_30percent,20,1,SIMILARITY_HIGH,0,DO_NOT_ALLOCATE,79.7545
rl1,cenario1_tempo_fixo/310s_30percent,20,1,SIMILARITY_HIGH,1,ALLOCATE,99.9456
rl1,cenario1_tempo_fixo/310s_30percent,21,0,SIMILARITY_MEDIUM,0,DO_NOT_ALLOCATE,29.2514
rl1,cenario1_tempo_fixo/310s_30percent,21,0,SIMILARITY_MEDIUM,1,ALLOCATE,78.0763
rl1,cenario1_tempo_fixo/310s_30percent,21,1,SIMILARITY_HIGH,0,DO_NOT_ALLOCATE,79.7545
rl1,cenario1_tempo_fixo/310s_30percent,21,1,SIMILARITY_HIGH,1,ALLOCATE,99.9551
rl1,cenario1_tempo_fixo/310s_30percent,22,0,SIMILARITY_MEDIUM,0,DO_NOT_ALLOCATE,29.2514
rl1,cenario1_tempo_fixo/310s_30percent,22,0,SIMILARITY_MEDIUM,1,ALLOCATE,78.0763
rl1,cenario1_tempo_fixo/310s_30percent,22,1,SIMILARITY_HIGH,0,DO_NOT_ALLOCATE,80.2756
rl1,cenario1_tempo_fixo/310s_30percent,22,1,SIMILARITY_HIGH,1,ALLOCATE,99.9654
rl1,cenario1_tempo_fixo/310s_30percent,23,0,SIMILARITY_MEDIUM,0,DO_NOT_ALLOCATE,29.2514
rl1,cenario1_tempo_fixo/310s_30percent,23,0,SIMILARITY_MEDIUM,1,ALLOCATE,80.1726
rl1,cenario1_tempo_fixo/310s_30percent,23,1,SIMILARITY_HIGH,0,DO_NOT_ALLOCATE,80.7453
rl1,cenario1_tempo_fixo/310s_30percent,23,1,SIMILARITY_HIGH,1,ALLOCATE,99.9711
rl1,cenario1_tempo_fixo/310s_30percent,24,0,SIMILARITY_MEDIUM,0,DO_NOT_ALLOCATE,29.2514
rl1,cenario1_tempo_fixo/310s_30percent,24,0,SIMILARITY_MEDIUM,1,ALLOCATE,80.1726
rl1,cenario1_tempo_fixo/310s_30percent,24,1,SIMILARITY_HIGH,0,DO_NOT_ALLOCATE,81.8928
rl1,cenario1_tempo_fixo/310s_30percent,24,1,SIMILARITY_HIGH,1,ALLOCATE,99.9842
rl1,cenario1_tempo_fixo/310s_30percent,25,0,SIMILARITY_MEDIUM,0,DO_NOT_ALLOCATE,29.2514
rl1,cenario1_tempo_fixo/310s_30percent,25,0,SIMILARITY_MEDIUM,1,ALLOCATE,82.4253
rl1,cenario1_tempo_fixo/310s_30percent,25,1,SIMILARITY_HIGH,0,DO_NOT_ALLOCATE,82.2022
rl1,cenario1_tempo_fixo/310s_30percent,25,1,SIMILARITY_HIGH,1,ALLOCATE,99.9865
rl1,cenario1_tempo_fixo/310s_30percent,26,0,SIMILARITY_MEDIUM,0,DO_NOT_ALLOCATE,29.2514
rl1,cenario1_tempo_fixo/310s_30percent,26,0,SIMILARITY_MEDIUM,1,ALLOCATE,82.4253
rl1,cenario1_tempo_fixo/310s_30percent,26,1,SIMILARITY_HIGH,0,DO_NOT_ALLOCATE,83.1608
rl1,cenario1_tempo_fixo/310s_30percent,26,1,SIMILARITY_HIGH,1,ALLOCATE,99.99
rl1,cenario1_tempo_fixo/310s_30percent,27,0,SIMILARITY_MEDIUM,0,DO_NOT_ALLOCATE,29.2514
rl1,cenario1_tempo_fixo/310s_30percent,27,0,SIMILARITY_MEDIUM,1,ALLOCATE,83.783
rl1,cenario1_tempo_fixo/310s_30percent,27,1,SIMILARITY_HIGH,0,DO_NOT_ALLOCATE,83.3439
rl1,cenario1_tempo_fixo/310s_30percent,27,1,SIMILARITY_HIGH,1,ALLOCATE,99.9921
rl1,cenario1_tempo_fixo/310s_30percent,28,0,SIMILARITY_MEDIUM,0,DO_NOT_ALLOCATE,33.5195
rl1,cenario1_tempo_fixo/310s_30percent,28,0,SIMILARITY_MEDIUM,1,ALLOCATE,87.7607
rl1,cenario1_tempo_fixo/310s_30percent,28,1,SIMILARITY_HIGH,0,DO_NOT_ALLOCATE,83.5089
rl1,cenario1_tempo_fixo/310s_30percent,28,1,SIMILARITY_HIGH,1,ALLOCATE,99.9939
rl1,cenario1_tempo_fixo/310s_30percent,29,0,SIMILARITY_MEDIUM,0,DO_NOT_ALLOCATE,33.5195
rl1,cenario1_tempo_fixo/310s_30percent,29,0,SIMILARITY_MEDIUM,1,ALLOCATE,87.7607
rl1,cenario1_tempo_fixo/310s_30percent,29,1,SIMILARITY_HIGH,0,DO_NOT_ALLOCATE,84.0201
rl1,cenario1_tempo_fixo/310s_30percent,29,1,SIMILARITY_HIGH,1,ALLOCATE,99.9961
rl1,cenario1_tempo_fixo/310s_30percent,30,0,SIMILARITY_MEDIUM,0,DO_NOT_ALLOCATE,33.5195
rl1,cenario1_tempo_fixo/310s_30percent,30,0,SIMILARITY_MEDIUM,1,ALLOCATE,87.7607
rl1,cenario1_tempo_fixo/310s_30percent,30,1,SIMILARITY_HIGH,0,DO_NOT_ALLOCATE,84.6567
rl1,cenario1_tempo_fixo/310s_30percent,30,1,SIMILARITY_HIGH,1,ALLOCATE,99.998
rl1,cenario1_tempo_fixo/310s_30percent,31,0,SIMILARITY_MEDIUM,0,DO_NOT_ALLOCATE,33.5195
rl1,cenario1_tempo_fixo/310s_30percent,31,0,SIMILARITY_MEDIUM,1,ALLOCATE,88.7063
rl1,cenario1_tempo_fixo/310s_30percent,31,1,SIMILARITY_HIGH,0,DO_NOT_ALLOCATE,84.6567
rl1,cenario1_tempo_fixo/310s_30percent,31,1,SIMILARITY_HIGH,1,ALLOCATE,99.9982
rl1,cenario1_tempo_fixo/310s_30percent,32,0,SIMILARITY_MEDIUM,0,DO_NOT_ALLOCATE,33.5195
rl1,cenario1_tempo_fixo/310s_30percent,32,0,SIMILARITY_MEDIUM,1,ALLOCATE,88.7063
rl1,cenario1_tempo_fixo/310s_30percent,32,1,SIMILARITY_HIGH,0,DO_NOT_ALLOCATE,84.7743
rl1,cenario1_tempo_fixo/310s_30percent,32,1,SIMILARITY_HIGH,1,ALLOCATE,99.9988
rl1,cenario1_tempo_fixo/310s_30percent,33,0,SIMILARITY_MEDIUM,0,DO_NOT_ALLOCATE,33.5195
rl1,cenario1_tempo_fixo/310s_30percent,33,0,SIMILARITY_MEDIUM,1,ALLOCATE,88.7063
rl1,cenario1_tempo_fixo/310s_30percent,33,1,SIMILARITY_HIGH,0,DO_NOT_ALLOCATE,84.7968
rl1,cenario1_tempo_fixo/310s_30percent,33,1,SIMILARITY_HIGH,1,ALLOCATE,99.9992
rl1,cenario1_tempo_fixo/310s_30percent,34,0,SIMILARITY_MEDIUM,0,DO_NOT_ALLOCATE,33.5195
rl1,cenario1_tempo_fixo/310s_30percent,34,0,SIMILARITY_MEDIUM,1,ALLOCATE,88.7063
rl1,cenario1_tempo_fixo/310s_30percent,34,1,SIMILARITY_HIGH,0,DO_NOT_ALLOCATE,84.8171
rl1,cenario1_tempo_fixo/310s_30percent,34,1,SIMILARITY_HIGH,1,ALLOCATE,99.9995
rl1,cenario1_tempo_fixo/310s_30percent,35,0,SIMILARITY_MEDIUM,0,DO_NOT_ALLOCATE,33.5195
rl1,cenario1_tempo_fixo/310s_30percent,35,0,SIMILARITY_MEDIUM,1,ALLOCATE,89.9894
rl1,cenario1_tempo_fixo/310s_30percent,35,1,SIMILARITY_HIGH,0,DO_NOT_ALLOCATE,84.8353
rl1,cenario1_tempo_fixo/310s_30percent,35,1,SIMILARITY_HIGH,1,ALLOCATE,99.9996
rl1,cenario2_tempo_aleatorio/180-600s_10percent,1,0,SIMILARITY_MEDIUM,0,DO_NOT_ALLOCATE,0.0
rl1,cenario2_tempo_aleatorio/180-600s_10percent,1,0,SIMILARITY_MEDIUM,1,ALLOCATE,0.0
rl1,cenario2_tempo_aleatorio/180-600s_10percent,1,1,SIMILARITY_HIGH,0,DO_NOT_ALLOCATE,0.195298
rl1,cenario2_tempo_aleatorio/180-600s_10percent,1,1,SIMILARITY_HIGH,1,ALLOCATE,10.4662
rl1,cenario2_tempo_aleatorio/180-600s_10percent,2,0,SIMILARITY_MEDIUM,0,DO_NOT_ALLOCATE,0.0
rl1,cenario2_tempo_aleatorio/180-600s_10percent,2,0,SIMILARITY_MEDIUM,1,ALLOCATE,0.0
rl1,cenario2_tempo_aleatorio/180-600s_10percent,2,1,SIMILARITY_HIGH,0,DO_NOT_ALLOCATE,0.195298
rl1,cenario2_tempo_aleatorio/180-600s_10percent,2,1,SIMILARITY_HIGH,1,ALLOCATE,25.2828
rl1,cenario2_tempo_aleatorio/180-600s_10percent,3,0,SIMILARITY_MEDIUM,0,DO_NOT_ALLOCATE,0.0
rl1,cenario2_tempo_aleatorio/180-600s_10percent,3,0,SIMILARITY_MEDIUM,1,ALLOCATE,0.0
rl1,cenario2_tempo_aleatorio/180-600s_10percent,3,1,SIMILARITY_HIGH,0,DO_NOT_ALLOCATE,3.44527
rl1,cenario2_tempo_aleatorio/180-600s_10percent,3,1,SIMILARITY_HIGH,1,ALLOCATE,41.8834
rl1,cenario2_tempo_aleatorio/180-600s_10percent,4,0,SIMILARITY_MEDIUM,0,DO_NOT_ALLOCATE,-0.5
rl1,cenario2_tempo_aleatorio/180-600s_10percent,4,0,SIMILARITY_MEDIUM,1,ALLOCATE,6.79347
rl1,cenario2_tempo_aleatorio/180-600s_10percent,4,1,SIMILARITY_HIGH,0,DO_NOT_ALLOCATE,3.44527
rl1,cenario2_tempo_aleatorio/180-600s_10percent,4,1,SIMILARITY_HIGH,1,ALLOCATE,41.8834
rl1,cenario2_tempo_aleatorio/180-600s_10percent,5,0,SIMILARITY_MEDIUM,0,DO_NOT_ALLOCATE,-0.5
rl1,cenario2_tempo_aleatorio/180-600s_10percent,5,0,SIMILARITY_MEDIUM,1,ALLOCATE,6.79347
rl1,cenario2_tempo_aleatorio/180-600s_10percent,5,1,SIMILARITY_HIGH,0,DO_NOT_ALLOCATE,3.44527
rl1,cenario2_tempo_aleatorio/180-600s_10percent,5,1,SIMILARITY_HIGH,1,ALLOCATE,48.4863
rl1,cenario2_tempo_aleatorio/180-600s_10percent,6,0,SIMILARITY_MEDIUM,0,DO_NOT_ALLOCATE,-0.5
rl1,cenario2_tempo_aleatorio/180-600s_10percent,6,0,SIMILARITY_MEDIUM,1,ALLOCATE,6.79347
rl1,cenario2_tempo_aleatorio/180-600s_10percent,6,1,SIMILARITY_HIGH,0,DO_NOT_ALLOCATE,14.8447
rl1,cenario2_tempo_aleatorio/180-600s_10percent,6,1,SIMILARITY_HIGH,1,ALLOCATE,59.5268
rl1,cenario2_tempo_aleatorio/180-600s_10percent,7,0,SIMILARITY_MEDIUM,0,DO_NOT_ALLOCATE,0.38688
rl1,cenario2_tempo_aleatorio/180-600s_10percent,7,0,SIMILARITY_MEDIUM,1,ALLOCATE,18.2093
rl1,cenario2_tempo_aleatorio/180-600s_10percent,7,1,SIMILARITY_HIGH,0,DO_NOT_ALLOCATE,14.8447
rl1,cenario2_tempo_aleatorio/180-600s_10percent,7,1,SIMILARITY_HIGH,1,ALLOCATE,59.5268
rl1,cenario2_tempo_aleatorio/180-600s_10percent,8,0,SIMILARITY_MEDIUM,0,DO_NOT_ALLOCATE,0.38688
rl1,cenario2_tempo_aleatorio/180-600s_10percent,8,0,SIMILARITY_MEDIUM,1,ALLOCATE,18.2093
rl1,cenario2_tempo_aleatorio/180-600s_10percent,8,1,SIMILARITY_HIGH,0,DO_NOT_ALLOCATE,25.5601
rl1,cenario2_tempo_aleatorio/180-600s_10percent,8,1,SIMILARITY_HIGH,1,ALLOCATE,68.5191
rl1,cenario2_tempo_aleatorio/180-600s_10percent,9,0,SIMILARITY_MEDIUM,0,DO_NOT_ALLOCATE,0.38688
rl1,cenario2_tempo_aleatorio/180-600s_10percent,9,0,SIMILARITY_MEDIUM,1,ALLOCATE,18.2093
rl1,cenario2_tempo_aleatorio/180-600s_10percent,9,1,SIMILARITY_HIGH,0,DO_NOT_ALLOCATE,28.6991
rl1,cenario2_tempo_aleatorio/180-600s_10percent,9,1,SIMILARITY_HIGH,1,ALLOCATE,71.2417
rl1,cenario2_tempo_aleatorio/180-600s_10percent,10,0,SIMILARITY_MEDIUM,0,DO_NOT_ALLOCATE,0.38688
rl1,cenario2_tempo_aleatorio/180-600s_10percent,10,0,SIMILARITY_MEDIUM,1,ALLOCATE,24.5281
rl1,cenario2_tempo_aleatorio/180-600s_10percent,10,1,SIMILARITY_HIGH,0,DO_NOT_ALLOCATE,28.6991
rl1,cenario2_tempo_aleatorio/180-600s_10percent,10,1,SIMILARITY_HIGH,1,ALLOCATE,71.2417
rl1,cenario2_tempo_aleatorio/180-600s_10percent,11,0,SIMILARITY_MEDIUM,0,DO_NOT_ALLOCATE,0.38688
rl1,cenario2_tempo_aleatorio/180-600s_10percent,11,0,SIMILARITY_MEDIUM,1,ALLOCATE,24.5281
rl1,cenario2_tempo_aleatorio/180-600s_10percent,11,1,SIMILARITY_HIGH,0,DO_NOT_ALLOCATE,35.1297
rl1,cenario2_tempo_aleatorio/180-600s_10percent,11,1,SIMILARITY_HIGH,1,ALLOCATE,78.5126
rl1,cenario2_tempo_aleatorio/180-600s_10percent,12,0,SIMILARITY_MEDIUM,0,DO_NOT_ALLOCATE,0.38688
rl1,cenario2_tempo_aleatorio/180-600s_10percent,12,0,SIMILARITY_MEDIUM,1,ALLOCATE,24.5281
rl1,cenario2_tempo_aleatorio/180-600s_10percent,12,1,SIMILARITY_HIGH,0,DO_NOT_ALLOCATE,35.1297
rl1,cenario2_tempo_aleatorio/180-600s_10percent,12,1,SIMILARITY_HIGH,1,ALLOCATE,81.5196
rl1,cenario2_tempo_aleatorio/180-600s_10percent,13,0,SIMILARITY_MEDIUM,0,DO_NOT_ALLOCATE,0.38688
rl1,cenario2_tempo_aleatorio/180-600s_10percent,13,0,SIMILARITY_MEDIUM,1,ALLOCATE,31.0551
rl1,cenario2_tempo_aleatorio/180-600s_10percent,13,1,SIMILARITY_HIGH,0,DO_NOT_ALLOCATE,35.1297
rl1,cenario2_tempo_aleatorio/180-600s_10percent,13,1,SIMILARITY_HIGH,1,ALLOCATE,81.5196
rl1,cenario2_tempo_aleatorio/180-600s_10percent,14,0,SIMILARITY_MEDIUM,0,DO_NOT_ALLOCATE,0.38688
rl1,cenario2_tempo_aleatorio/180-600s_10percent,14,0,SIMILARITY_MEDIUM,1,ALLOCATE,31.0551
rl1,cenario2_tempo_aleatorio/180-600s_10percent,14,1,SIMILARITY_HIGH,0,DO_NOT_ALLOCATE,41.8634
rl1,cenario2_tempo_aleatorio/180-600s_10percent,14,1,SIMILARITY_HIGH,1,ALLOCATE,86.192
rl1,cenario2_tempo_aleatorio/180-600s_10percent,15,0,SIMILARITY_MEDIUM,0,DO_NOT_ALLOCATE,0.38688
rl1,cenario2_tempo_aleatorio/180-600s_10percent,15,0,SIMILARITY_MEDIUM,1,ALLOCATE,31.0551
rl1,cenario2_tempo_aleatorio/180-600s_10percent,15,1,SIMILARITY_HIGH,0,DO_NOT_ALLOCATE,41.8634
rl1,cenario2_tempo_aleatorio/180-600s_10percent,15,1,SIMILARITY_HIGH,1,ALLOCATE,88.2431
rl1,cenario2_tempo_aleatorio/180-600s_10percent,16,0,SIMILARITY_MEDIUM,0,DO_NOT_ALLOCATE,0.38688
rl1,cenario2_tempo_aleatorio/180-600s_10percent,16,0,SIMILARITY_MEDIUM,1,ALLOCATE,31.0551
rl1,cenario2_tempo_aleatorio/180-600s_10percent,16,1,SIMILARITY_HIGH,0,DO_NOT_ALLOCATE,48.2068
rl1,cenario2_tempo_aleatorio/180-600s_10percent,16,1,SIMILARITY_HIGH,1,ALLOCATE,90.7629
rl1,cenario2_tempo_aleatorio/180-600s_10percent,17,0,SIMILARITY_MEDIUM,0,DO_NOT_ALLOCATE,0.38688
rl1,cenario2_tempo_aleatorio/180-600s_10percent,17,0,SIMILARITY_MEDIUM,1,ALLOCATE,31.0551
rl1,cenario2_tempo_aleatorio/180-600s_10percent,17,1,SIMILARITY_HIGH,0,DO_NOT_ALLOCATE,48.2068
rl1,cenario2_tempo_aleatorio/180-600s_10percent,17,1,SIMILARITY_HIGH,1,ALLOCATE,92.2136
rl1,cenario2_tempo_aleatorio/180-600s_10percent,18,0,SIMILARITY_MEDIUM,0,DO_NOT_ALLOCATE,0.38688
rl1,cenario2_tempo_aleatorio/180-600s_10percent,18,0,SIMILARITY_MEDIUM,1,ALLOCATE,31.0551
rl1,cenario2_tempo_aleatorio/180-600s_10percent,18,1,SIMILARITY_HIGH,0,DO_NOT_ALLOCATE,54.0189
rl1,cenario2_tempo_aleatorio/180-600s_10percent,18,1,SIMILARITY_HIGH,1,ALLOCATE,93.6314
rl1,cenario2_tempo_aleatorio/180-600s_10percent,19,0,SIMILARITY_MEDIUM,0,DO_NOT_ALLOCATE,0.38688
rl1,cenario2_tempo_aleatorio/180-600s_10percent,19,0,SIMILARITY_MEDIUM,1,ALLOCATE,31.0551
rl1,cenario2_tempo_aleatorio/180-600s_10percent,19,1,SIMILARITY_HIGH,0,DO_NOT_ALLOCATE,56.5881
rl1,cenario2_tempo_aleatorio/180-600s_10percent,19,1,SIMILARITY_HIGH,1,ALLOCATE,94.355
rl1,cenario2_tempo_aleatorio/180-600s_10percent,20,0,SIMILARITY_MEDIUM,0,DO_NOT_ALLOCATE,0.38688
rl1,cenario2_tempo_aleatorio/180-600s_10percent,20,0,SIMILARITY_MEDIUM,1,ALLOCATE,31.0551
rl1,cenario2_tempo_aleatorio/180-600s_10percent,20,1,SIMILARITY_HIGH,0,DO_NOT_ALLOCATE,61.0407
rl1,cenario2_tempo_aleatorio/180-600s_10percent,20,1,SIMILARITY_HIGH,1,ALLOCATE,95.7396
rl1,cenario2_tempo_aleatorio/180-600s_10percent,21,0,SIMILARITY_MEDIUM,0,DO_NOT_ALLOCATE,0.38688
rl1,cenario2_tempo_aleatorio/180-600s_10percent,21,0,SIMILARITY_MEDIUM,1,ALLOCATE,31.0551
rl1,cenario2_tempo_aleatorio/180-600s_10percent,21,1,SIMILARITY_HIGH,0,DO_NOT_ALLOCATE,61.0407
rl1,cenario2_tempo_aleatorio/180-600s_10percent,21,1,SIMILARITY_HIGH,1,ALLOCATE,96.4087
rl1,cenario2_tempo_aleatorio/180-600s_10percent,22,0,SIMILARITY_MEDIUM,0,DO_NOT_ALLOCATE,0.38688
rl1,cenario2_tempo_aleatorio/180-600s_10percent,22,0,SIMILARITY_MEDIUM,1,ALLOCATE,31.0551
rl1,cenario2_tempo_aleatorio/180-600s_10percent,22,1,SIMILARITY_HIGH,0,DO_NOT_ALLOCATE,65.0438
rl1,cenario2_tempo_aleatorio/180-600s_10percent,22,1,SIMILARITY_HIGH,1,ALLOCATE,97.003
rl1,cenario2_tempo_aleatorio/180-600s_10percent,23,0,SIMILARITY_MEDIUM,0,DO_NOT_ALLOCATE,0.38688
rl1,cenario2_tempo_aleatorio/180-600s_10percent,23,0,SIMILARITY_MEDIUM,1,ALLOCATE,31.0551
rl1,cenario2_tempo_aleatorio/180-600s_10percent,23,1,SIMILARITY_HIGH,0,DO_NOT_ALLOCATE,68.3863
rl1,cenario2_tempo_aleatorio/180-600s_10percent,23,1,SIMILARITY_HIGH,1,ALLOCATE,97.6922
rl1,cenario2_tempo_aleatorio/180-600s_10percent,24,0,SIMILARITY_MEDIUM,0,DO_NOT_ALLOCATE,2.64315
rl1,cenario2_tempo_aleatorio/180-600s_10percent,24,0,SIMILARITY_MEDIUM,1,ALLOCATE,35.7388
rl1,cenario2_tempo_aleatorio/180-600s_10percent,24,1,SIMILARITY_HIGH,0,DO_NOT_ALLOCATE,68.3863
rl1,cenario2_tempo_aleatorio/180-600s_10percent,24,1,SIMILARITY_HIGH,1,ALLOCATE,97.6922
rl1,cenario2_tempo_aleatorio/180-600s_10percent,25,0,SIMILARITY_MEDIUM,0,DO_NOT_ALLOCATE,2.64315
rl1,cenario2_tempo_aleatorio/180-600s_10percent,25,0,SIMILARITY_MEDIUM,1,ALLOCATE,35.7388
rl1,cenario2_tempo_aleatorio/180-600s_10percent,25,1,SIMILARITY_HIGH,0,DO_NOT_ALLOCATE,72.4123
rl1,cenario2_tempo_aleatorio/180-600s_10percent,25,1,SIMILARITY_HIGH,1,ALLOCATE,98.2229
rl1,cenario2_tempo_aleatorio/180-600s_10percent,26,0,SIMILARITY_MEDIUM,0,DO_NOT_ALLOCATE,2.64315
rl1,cenario2_tempo_aleatorio/180-600s_10percent,26,0,SIMILARITY_MEDIUM,1,ALLOCATE,35.7388
rl1,cenario2_tempo_aleatorio/180-600s_10percent,26,1,SIMILARITY_HIGH,0,DO_NOT_ALLOCATE,72.4123
rl1,cenario2_tempo_aleatorio/180-600s_10percent,26,1,SIMILARITY_HIGH,1,ALLOCATE,98.6177
rl1,cenario2_tempo_aleatorio/180-600s_10percent,27,0,SIMILARITY_MEDIUM,0,DO_NOT_ALLOCATE,2.64315
rl1,cenario2_tempo_aleatorio/180-600s_10percent,27,0,SIMILARITY_MEDIUM,1,ALLOCATE,35.7388
rl1,cenario2_tempo_aleatorio/180-600s_10percent,27,1,SIMILARITY_HIGH,0,DO_NOT_ALLOCATE,73.5703
rl1,cenario2_tempo_aleatorio/180-600s_10percent,27,1,SIMILARITY_HIGH,1,ALLOCATE,98.9877
rl1,cenario2_tempo_aleatorio/180-600s_10percent,28,0,SIMILARITY_MEDIUM,0,DO_NOT_ALLOCATE,2.64315
rl1,cenario2_tempo_aleatorio/180-600s_10percent,28,0,SIMILARITY_MEDIUM,1,ALLOCATE,35.7388
rl1,cenario2_tempo_aleatorio/180-600s_10percent,28,1,SIMILARITY_HIGH,0,DO_NOT_ALLOCATE,73.5703
rl1,cenario2_tempo_aleatorio/180-600s_10percent,28,1,SIMILARITY_HIGH,1,ALLOCATE,99.172
rl1,cenario2_tempo_aleatorio/180-600s_10percent,29,0,SIMILARITY_MEDIUM,0,DO_NOT_ALLOCATE,2.64315
rl1,cenario2_tempo_aleatorio/180-600s_10percent,29,0,SIMILARITY_MEDIUM,1,ALLOCATE,35.7388
rl1,cenario2_tempo_aleatorio/180-600s_10percent,29,1,SIMILARITY_HIGH,0,DO_NOT_ALLOCATE,73.5703
rl1,cenario2_tempo_aleatorio/180-600s_10percent,29,1,SIMILARITY_HIGH,1,ALLOCATE,99.4117
rl1,cenario2_tempo_aleatorio/180-600s_10percent,30,0,SIMILARITY_MEDIUM,0,DO_NOT_ALLOCATE,5.43378
rl1,cenario2_tempo_aleatorio/180-600s_10percent,30,0,SIMILARITY_MEDIUM,1,ALLOCATE,41.8833
rl1,cenario2_tempo_aleatorio/180-600s_10percent,30,1,SIMILARITY_HIGH,0,DO_NOT_ALLOCATE,73.5703
rl1,cenario2_tempo_aleatorio/180-600s_10percent,30,1,SIMILARITY_HIGH,1,ALLOCATE,99.4117
rl1,cenario2_tempo_aleatorio/180-600s_10percent,31,0,SIMILARITY_MEDIUM,0,DO_NOT_ALLOCATE,5.43378
rl1,cenario2_tempo_aleatorio/180-600s_10percent,31,0,SIMILARITY_MEDIUM,1,ALLOCATE,41.8833
rl1,cenario2_tempo_aleatorio/180-600s_10percent,31,1,SIMILARITY_HIGH,0,DO_NOT_ALLOCATE,76.5313
rl1,cenario2_tempo_aleatorio/180-600s_10percent,31,1,SIMILARITY_HIGH,1,ALLOCATE,99.5284
rl1,cenario2_tempo_aleatorio/180-600s_10percent,32,0,SIMILARITY_MEDIUM,0,DO_NOT_ALLOCATE,5.43378
rl1,cenario2_tempo_aleatorio/180-600s_10percent,32,0,SIMILARITY_MEDIUM,1,ALLOCATE,41.8833
rl1,cenario2_tempo_aleatorio/180-600s_10percent,32,1,SIMILARITY_HIGH,0,DO_NOT_ALLOCATE,77.3405
rl1,cenario2_tempo_aleatorio/180-600s_10percent,32,1,SIMILARITY_HIGH,1,ALLOCATE,99.622
rl1,cenario2_tempo_aleatorio/180-600s_10percent,33,0,SIMILARITY_MEDIUM,0,DO_NOT_ALLOCATE,5.43378
rl1,cenario2_tempo_aleatorio/180-600s_10percent,33,0,SIMILARITY_MEDIUM,1,ALLOCATE,41.8833
rl1,cenario2_tempo_aleatorio/180-600s_10percent,33,1,SIMILARITY_HIGH,0,DO_NOT_ALLOCATE,78.0744
rl1,cenario2_tempo_aleatorio/180-600s_10percent,33,1,SIMILARITY_HIGH,1,ALLOCATE,99.6616
rl1,cenario2_tempo_aleatorio/180-600s_10percent,34,0,SIMILARITY_MEDIUM,0,DO_NOT_ALLOCATE,5.43378
rl1,cenario2_tempo_aleatorio/180-600s_10percent,34,0,SIMILARITY_MEDIUM,1,ALLOCATE,41.8833
rl1,cenario2_tempo_aleatorio/180-600s_10percent,34,1,SIMILARITY_HIGH,0,DO_NOT_ALLOCATE,78.0744
rl1,cenario2_tempo_aleatorio/180-600s_10percent,34,1,SIMILARITY_HIGH,1,ALLOCATE,99.7497
rl1,cenario2_tempo_aleatorio/180-600s_10percent,35,0,SIMILARITY_MEDIUM,0,DO_NOT_ALLOCATE,5.43378
rl1,cenario2_tempo_aleatorio/180-600s_10percent,35,0,SIMILARITY_MEDIUM,1,ALLOCATE,41.8833
rl1,cenario2_tempo_aleatorio/180-600s_10percent,35,1,SIMILARITY_HIGH,0,DO_NOT_ALLOCATE,79.3518
rl1,cenario2_tempo_aleatorio/180-600s_10percent,35,1,SIMILARITY_HIGH,1,ALLOCATE,99.8014
rl1,cenario2_tempo_aleatorio/180-600s_20percent,1,0,SIMILARITY_MEDIUM,0,DO_NOT_ALLOCATE,0.295834
rl1,cenario2_tempo_aleatorio/180-600s_20percent,1,0,SIMILARITY_MEDIUM,1,ALLOCATE,14.8542
rl1,cenario2_tempo_aleatorio/180-600s_20percent,1,1,SIMILARITY_HIGH,0,DO_NOT_ALLOCATE,0.0
rl1,cenario2_tempo_aleatorio/180-600s_20percent,1,1,SIMILARITY_HIGH,1,ALLOCATE,0.0
rl1,cenario2_tempo_aleatorio/180-600s_20percent,2,0,SIMILARITY_MEDIUM,0,DO_NOT_ALLOCATE,0.295834
rl1,cenario2_tempo_aleatorio/180-600s_20percent,2,0,SIMILARITY_MEDIUM,1,ALLOCATE,14.8542
rl1,cenario2_tempo_aleatorio/180-600s_20percent,2,1,SIMILARITY_HIGH,0,DO_NOT_ALLOCATE,0.0
rl1,cenario2_tempo_aleatorio/180-600s_20percent,2,1,SIMILARITY_HIGH,1,ALLOCATE,22.2179
rl1,cenario2_tempo_aleatorio/180-600s_20percent,3,0,SIMILARITY_MEDIUM,0,DO_NOT_ALLOCATE,0.295834
rl1,cenario2_tempo_aleatorio/180-600s_20percent,3,0,SIMILARITY_MEDIUM,1,ALLOCATE,20.6386
rl1,cenario2_tempo_aleatorio/180-600s_20percent,3,1,SIMILARITY_HIGH,0,DO_NOT_ALLOCATE,3.75877
rl1,cenario2_tempo_aleatorio/180-600s_20percent,3,1,SIMILARITY_HIGH,1,ALLOCATE,38.8883
rl1,cenario2_tempo_aleatorio/180-600s_20percent,4,0,SIMILARITY_MEDIUM,0,DO_NOT_ALLOCATE,0.295834
rl1,cenario2_tempo_aleatorio/180-600s_20percent,4,0,SIMILARITY_MEDIUM,1,ALLOCATE,20.6386
rl1,cenario2_tempo_aleatorio/180-600s_20percent,4,1,SIMILARITY_HIGH,0,DO_NOT_ALLOCATE,3.75877
rl1,cenario2_tempo_aleatorio/180-600s_20percent,4,1,SIMILARITY_HIGH,1,ALLOCATE,57.8666
rl1,cenario2_tempo_aleatorio/180-600s_20percent,5,0,SIMILARITY_MEDIUM,0,DO_NOT_ALLOCATE,0.295834
rl1,cenario2_tempo_aleatorio/180-600s_20percent,5,0,SIMILARITY_MEDIUM,1,ALLOCATE,20.6386
rl1,cenario2_tempo_aleatorio/180-600s_20percent,5,1,SIMILARITY_HIGH,0,DO_NOT_ALLOCATE,12.2117
rl1,cenario2_tempo_aleatorio/180-600s_20percent,5,1,SIMILARITY_HIGH,1,ALLOCATE,65.5388
rl1,cenario2_tempo_aleatorio/180-600s_20percent,6,0,SIMILARITY_MEDIUM,0,DO_NOT_ALLOCATE,0.295834
rl1,cenario2_tempo_aleatorio/180-600s_20percent,6,0,SIMILARITY_MEDIUM,1,ALLOCATE,20.6386
rl1,cenario2_tempo_aleatorio/180-600s_20percent,6,1,SIMILARITY_HIGH,0,DO_NOT_ALLOCATE,12.2117
rl1,cenario2_tempo_aleatorio/180-600s_20percent,6,1,SIMILARITY_HIGH,1,ALLOCATE,68.8339
rl1,cenario2_tempo_aleatorio/180-600s_20percent,7,0,SIMILARITY_MEDIUM,0,DO_NOT_ALLOCATE,0.295834
rl1,cenario2_tempo_aleatorio/180-600s_20percent,7,0,SIMILARITY_MEDIUM,1,ALLOCATE,20.6386
rl1,cenario2_tempo_aleatorio/180-600s_20percent,7,1,SIMILARITY_HIGH,0,DO_NOT_ALLOCATE,21.7693
rl1,cenario2_tempo_aleatorio/180-600s_20percent,7,1,SIMILARITY_HIGH,1,ALLOCATE,76.0008
rl1,cenario2_tempo_aleatorio/180-600s_20percent,8,0,SIMILARITY_MEDIUM,0,DO_NOT_ALLOCATE,0.295834
rl1,cenario2_tempo_aleatorio/180-600s_20percent,8,0,SIMILARITY_MEDIUM,1,ALLOCATE,28.227
rl1,cenario2_tempo_aleatorio/180-600s_20percent,8,1,SIMILARITY_HIGH,0,DO_NOT_ALLOCATE,29.9048
rl1,cenario2_tempo_aleatorio/180-600s_20percent,8,1,SIMILARITY_HIGH,1,ALLOCATE,80.1726
rl1,cenario2_tempo_aleatorio/180-600s_20percent,9,0,SIMILARITY_MEDIUM,0,DO_NOT_ALLOCATE,0.295834
rl1,cenario2_tempo_aleatorio/180-600s_20percent,9,0,SIMILARITY_MEDIUM,1,ALLOCATE,28.227
rl1,cenario2_tempo_aleatorio/180-600s_20percent,9,1,SIMILARITY_HIGH,0,DO_NOT_ALLOCATE,37.5044
rl1,cenario2_tempo_aleatorio/180-600s_20percent,9,1,SIMILARITY_HIGH,1,ALLOCATE,88.1243
rl1,cenario2_tempo_aleatorio/180-600s_20percent,10,0,SIMILARITY_MEDIUM,0,DO_NOT_ALLOCATE,0.295834
rl1,cenario2_tempo_aleatorio/180-600s_20percent,10,0,SIMILARITY_MEDIUM,1,ALLOCATE,28.227
rl1,cenario2_tempo_aleatorio/180-600s_20percent,10,1,SIMILARITY_HIGH,0,DO_NOT_ALLOCATE,44.878
rl1,cenario2_tempo_aleatorio/180-600s_20percent,10,1,SIMILARITY_HIGH,1,ALLOCATE,91.1268
rl1,cenario2_tempo_aleatorio/180-600s_20percent,11,0,SIMILARITY_MEDIUM,0,DO_NOT_ALLOCATE,0.295834
rl1,cenario2_tempo_aleatorio/180-600s_20percent,11,0,SIMILARITY_MEDIUM,1,ALLOCATE,28.227
rl1,cenario2_tempo_aleatorio/180-600s_20percent,11,1,SIMILARITY_HIGH,0,DO_NOT_ALLOCATE,44.878
rl1,cenario2_tempo_aleatorio/180-600s_20percent,11,1,SIMILARITY_HIGH,1,ALLOCATE,94.1234
rl1,cenario2_tempo_aleatorio/180-600s_20percent,12,0,SIMILARITY_MEDIUM,0,DO_NOT_ALLOCATE,0.295834
rl1,cenario2_tempo_aleatorio/180-600s_20percent,12,0,SIMILARITY_MEDIUM,1,ALLOCATE,28.227
rl1,cenario2_tempo_aleatorio/180-600s_20percent,12,1,SIMILARITY_HIGH,0,DO_NOT_ALLOCATE,57.0811
rl1,cenario2_tempo_aleatorio/180-600s_20percent,12,1,SIMILARITY_HIGH,1,ALLOCATE,95.0959
rl1,cenario2_tempo_aleatorio/180-600s_20percent,13,0,SIMILARITY_MEDIUM,0,DO_NOT_ALLOCATE,0.295834
rl1,cenario2_tempo_aleatorio/180-600s_20percent,13,0,SIMILARITY_MEDIUM,1,ALLOCATE,28.227
rl1,cenario2_tempo_aleatorio/180-600s_20percent,13,1,SIMILARITY_HIGH,0,DO_NOT_ALLOCATE,59.4657
rl1,cenario2_tempo_aleatorio/180-600s_20percent,13,1,SIMILARITY_HIGH,1,ALLOCATE,95.52
rl1,cenario2_tempo_aleatorio/180-600s_20percent,14,0,SIMILARITY_MEDIUM,0,DO_NOT_ALLOCATE,0.295834
rl1,cenario2_tempo_aleatorio/180-600s_20percent,14,0,SIMILARITY_MEDIUM,1,ALLOCATE,28.227
rl1,cenario2_tempo_aleatorio/180-600s_20percent,14,1,SIMILARITY_HIGH,0,DO_NOT_ALLOCATE,59.4657
rl1,cenario2_tempo_aleatorio/180-600s_20percent,14,1,SIMILARITY_HIGH,1,ALLOCATE,96.6189
rl1,cenario2_tempo_aleatorio/180-600s_20percent,15,0,SIMILARITY_MEDIUM,0,DO_NOT_ALLOCATE,2.49854
rl1,cenario2_tempo_aleatorio/180-600s_20percent,15,0,SIMILARITY_MEDIUM,1,ALLOCATE,30.3587
rl1,cenario2_tempo_aleatorio/180-600s_20percent,15,1,SIMILARITY_HIGH,0,DO_NOT_ALLOCATE,61.78
rl1,cenario2_tempo_aleatorio/180-600s_20percent,15,1,SIMILARITY_HIGH,1,ALLOCATE,97.3701
rl1,cenario2_tempo_aleatorio/180-600s_20percent,16,0,SIMILARITY_MEDIUM,0,DO_NOT_ALLOCATE,2.49854
rl1,cenario2_tempo_aleatorio/180-600s_20percent,16,0,SIMILARITY_MEDIUM,1,ALLOCATE,37.0177
rl1,cenario2_tempo_aleatorio/180-600s_20percent,16,1,SIMILARITY_HIGH,0,DO_NOT_ALLOCATE,61.78
rl1,cenario2_tempo_aleatorio/180-600s_20percent,16,1,SIMILARITY_HIGH,1,ALLOCATE,97.7381
rl1,cenario2_tempo_aleatorio/180-600s_20percent,17,0,SIMILARITY_MEDIUM,0,DO_NOT_ALLOCATE,2.49854
rl1,cenario2_tempo_aleatorio/180-600s_20percent,17,0,SIMILARITY_MEDIUM,1,ALLOCATE,37.0177
rl1,cenario2_tempo_aleatorio/180-600s_20percent,17,1,SIMILARITY_HIGH,0,DO_NOT_ALLOCATE,69.1825
rl1,cenario2_tempo_aleatorio/180-600s_20percent,17,1,SIMILARITY_HIGH,1,ALLOCATE,98.3766
rl1,cenario2_tempo_aleatorio/180-600s_20percent,18,0,SIMILARITY_MEDIUM,0,DO_NOT_ALLOCATE,2.49854
rl1,cenario2_tempo_aleatorio/180-600s_20percent,18,0,SIMILARITY_MEDIUM,1,ALLOCATE,37.0177
rl1,cenario2_tempo_aleatorio/180-600s_20percent,18,1,SIMILARITY_HIGH,0,DO_NOT_ALLOCATE,73.1352
rl1,cenario2_tempo_aleatorio/180-600s_20percent,18,1,SIMILARITY_HIGH,1,ALLOCATE,98.9249
rl1,cenario2_tempo_aleatorio/180-600s_20percent,19,0,SIMILARITY_MEDIUM,0,DO_NOT_ALLOCATE,2.49854
rl1,cenario2_tempo_aleatorio/180-600s_20percent,19,0,SIMILARITY_MEDIUM,1,ALLOCATE,37.0177
rl1,cenario2_tempo_aleatorio/180-600s_20percent,19,1,SIMILARITY_HIGH,0,DO_NOT_ALLOCATE,73.1352
rl1,cenario2_tempo_aleatorio/180-600s_20percent,19,1,SIMILARITY_HIGH,1,ALLOCATE,99.0938
rl1,cenario2_tempo_aleatorio/180-600s_20percent,20,0,SIMILARITY_MEDIUM,0,DO_NOT_ALLOCATE,2.49854
rl1,cenario2_tempo_aleatorio/180-600s_20percent,20,0,SIMILARITY_MEDIUM,1,ALLOCATE,37.0177
rl1,cenario2_tempo_aleatorio/180-600s_20percent,20,1,SIMILARITY_HIGH,0,DO_NOT_ALLOCATE,73.1352
rl1,cenario2_tempo_aleatorio/180-600s_20percent,20,1,SIMILARITY_HIGH,1,ALLOCATE,99.3092
rl1,cenario2_tempo_aleatorio/180-600s_20percent,21,0,SIMILARITY_MEDIUM,0,DO_NOT_ALLOCATE,2.49854
rl1,cenario2_tempo_aleatorio/180-600s_20percent,21,0,SIMILARITY_MEDIUM,1,ALLOCATE,45.8315
rl1,cenario2_tempo_aleatorio/180-600s_20percent,21,1,SIMILARITY_HIGH,0,DO_NOT_ALLOCATE,73.1352
rl1,cenario2_tempo_aleatorio/180-600s_20percent,21,1,SIMILARITY_HIGH,1,ALLOCATE,99.3092
rl1,cenario2_tempo_aleatorio/180-600s_20percent,22,0,SIMILARITY_MEDIUM,0,DO_NOT_ALLOCATE,6.59769
rl1,cenario2_tempo_aleatorio/180-600s_20percent,22,0,SIMILARITY_MEDIUM,1,ALLOCATE,55.2477
rl1,cenario2_tempo_aleatorio/180-600s_20percent,22,1,SIMILARITY_HIGH,0,DO_NOT_ALLOCATE,73.1352
rl1,cenario2_tempo_aleatorio/180-600s_20percent,22,1,SIMILARITY_HIGH,1,ALLOCATE,99.4573
rl1,cenario2_tempo_aleatorio/180-600s_20percent,23,0,SIMILARITY_MEDIUM,0,DO_NOT_ALLOCATE,6.59769
rl1,cenario2_tempo_aleatorio/180-600s_20percent,23,0,SIMILARITY_MEDIUM,1,ALLOCATE,55.2477
rl1,cenario2_tempo_aleatorio/180-600s_20percent,23,1,SIMILARITY_HIGH,0,DO_NOT_ALLOCATE,73.1352
rl1,cenario2_tempo_aleatorio/180-600s_20percent,23,1,SIMILARITY_HIGH,1,ALLOCATE,99.5285
rl1,cenario2_tempo_aleatorio/180-600s_20percent,24,0,SIMILARITY_MEDIUM,0,DO_NOT_ALLOCATE,6.59769
rl1,cenario2_tempo_aleatorio/180-600s_20percent,24,0,SIMILARITY_MEDIUM,1,ALLOCATE,55.2477
rl1,cenario2_tempo_aleatorio/180-600s_20percent,24,1,SIMILARITY_HIGH,0,DO_NOT_ALLOCATE,73.1352
rl1,cenario2_tempo_aleatorio/180-600s_20percent,24,1,SIMILARITY_HIGH,1,ALLOCATE,99.6144
rl1,cenario2_tempo_aleatorio/180-600s_20percent,25,0,SIMILARITY_MEDIUM,0,DO_NOT_ALLOCATE,6.59769
rl1,cenario2_tempo_aleatorio/180-600s_20percent,25,0,SIMILARITY_MEDIUM,1,ALLOCATE,58.2879
rl1,cenario2_tempo_aleatorio/180-600s_20percent,25,1,SIMILARITY_HIGH,0,DO_NOT_ALLOCATE,73.1352
rl1,cenario2_tempo_aleatorio/180-600s_20percent,25,1,SIMILARITY_HIGH,1,ALLOCATE,99.6909
rl1,cenario2_tempo_aleatorio/180-600s_20percent,26,0,SIMILARITY_MEDIUM,0,DO_NOT_ALLOCATE,6.59769
rl1,cenario2_tempo_aleatorio/180-600s_20percent,26,0,SIMILARITY_MEDIUM,1,ALLOCATE,58.2879
rl1,cenario2_tempo_aleatorio/180-600s_20percent,26,1,SIMILARITY_HIGH,0,DO_NOT_ALLOCATE,74.2939
rl1,cenario2_tempo_aleatorio/180-600s_20percent,26,1,SIMILARITY_HIGH,1,ALLOCATE,99.7119
rl1,cenario2_tempo_aleatorio/180-600s_20percent,27,0,SIMILARITY_MEDIUM,0,DO_NOT_ALLOCATE,6.59769
rl1,cenario2_tempo_aleatorio/180-600s_20percent,27,0,SIMILARITY_MEDIUM,1,ALLOCATE,58.2879
rl1,cenario2_tempo_aleatorio/180-600s_20percent,27,1,SIMILARITY_HIGH,0,DO_NOT_ALLOCATE,75.3396
rl1,cenario2_tempo_aleatorio/180-600s_20percent,27,1,SIMILARITY_HIGH,1,ALLOCATE,99.7288
rl1,cenario2_tempo_aleatorio/180-600s_20percent,28,0,SIMILARITY_MEDIUM,0,DO_NOT_ALLOCATE,6.59769
rl1,cenario2_tempo_aleatorio/180-600s_20percent,28,0,SIMILARITY_MEDIUM,1,ALLOCATE,58.2879
rl1,cenario2_tempo_aleatorio/180-600s_20percent,28,1,SIMILARITY_HIGH,0,DO_NOT_ALLOCATE,77.1364
rl1,cenario2_tempo_aleatorio/180-600s_20percent,28,1,SIMILARITY_HIGH,1,ALLOCATE,99.7869
rl1,cenario2_tempo_aleatorio/180-600s_20percent,29,0,SIMILARITY_MEDIUM,0,DO_NOT_ALLOCATE,14.7845
rl1,cenario2_tempo_aleatorio/180-600s_20percent,29,0,SIMILARITY_MEDIUM,1,ALLOCATE,62.2763
rl1,cenario2_tempo_aleatorio/180-600s_20percent,29,1,SIMILARITY_HIGH,0,DO_NOT_ALLOCATE,77.9059
rl1,cenario2_tempo_aleatorio/180-600s_20percent,29,1,SIMILARITY_HIGH,1,ALLOCATE,99.8149
rl1,cenario2_tempo_aleatorio/180-600s_20percent,30,0,SIMILARITY_MEDIUM,0,DO_NOT_ALLOCATE,14.7845
rl1,cenario2_tempo_aleatorio/180-600s_20percent,30,0,SIMILARITY_MEDIUM,1,ALLOCATE,62.2763
rl1,cenario2_tempo_aleatorio/180-600s_20percent,30,1,SIMILARITY_HIGH,0,DO_NOT_ALLOCATE,80.7652
rl1,cenario2_tempo_aleatorio/180-600s_20percent,30,1,SIMILARITY_HIGH,1,ALLOCATE,99.8924
rl1,cenario2_tempo_aleatorio/180-600s_20percent,31,0,SIMILARITY_MEDIUM,0,DO_NOT_ALLOCATE,14.7845
rl1,cenario2_tempo_aleatorio/180-600s_20percent,31,0,SIMILARITY_MEDIUM,1,ALLOCATE,62.2763
rl1,cenario2_tempo_aleatorio/180-600s_20percent,31,1,SIMILARITY_HIGH,0,DO_NOT_ALLOCATE,82.194
rl1,cenario2_tempo_aleatorio/180-600s_20percent,31,1,SIMILARITY_HIGH,1,ALLOCATE,99.9329
rl1,cenario2_tempo_aleatorio/180-600s_20percent,32,0,SIMILARITY_MEDIUM,0,DO_NOT_ALLOCATE,22.1759
rl1,cenario2_tempo_aleatorio/180-600s_20percent,32,0,SIMILARITY_MEDIUM,1,ALLOCATE,70.9511
rl1,cenario2_tempo_aleatorio/180-600s_20percent,32,1,SIMILARITY_HIGH,0,DO_NOT_ALLOCATE,82.4686
rl1,cenario2_tempo_aleatorio/180-600s_20percent,32,1,SIMILARITY_HIGH,1,ALLOCATE,99.9411
rl1,cenario2_tempo_aleatorio/180-600s_20percent,33,0,SIMILARITY_MEDIUM,0,DO_NOT_ALLOCATE,22.1759
rl1,cenario2_tempo_aleatorio/180-600s_20percent,33,0,SIMILARITY_MEDIUM,1,ALLOCATE,70.9511
rl1,cenario2_tempo_aleatorio/180-600s_20percent,33,1,SIMILARITY_HIGH,0,DO_NOT_ALLOCATE,82.7166
rl1,cenario2_tempo_aleatorio/180-600s_20percent,33,1,SIMILARITY_HIGH,1,ALLOCATE,99.9614
rl1,cenario2_tempo_aleatorio/180-600s_20percent,34,0,SIMILARITY_MEDIUM,0,DO_NOT_ALLOCATE,22.1759
rl1,cenario2_tempo_aleatorio/180-600s_20percent,34,0,SIMILARITY_MEDIUM,1,ALLOCATE,70.9511
rl1,cenario2_tempo_aleatorio/180-600s_20percent,34,1,SIMILARITY_HIGH,0,DO_NOT_ALLOCATE,83.1448
rl1,cenario2_tempo_aleatorio/180-600s_20percent,34,1,SIMILARITY_HIGH,1,ALLOCATE,99.9714
rl1,cenario2_tempo_aleatorio/180-600s_20percent,35,0,SIMILARITY_MEDIUM,0,DO_NOT_ALLOCATE,22.1759
rl1,cenario2_tempo_aleatorio/180-600s_20percent,35,0,SIMILARITY_MEDIUM,1,ALLOCATE,70.9511
rl1,cenario2_tempo_aleatorio/180-600s_20percent,35,1,SIMILARITY_HIGH,0,DO_NOT_ALLOCATE,83.1448
rl1,cenario2_tempo_aleatorio/180-600s_20percent,35,1,SIMILARITY_HIGH,1,ALLOCATE,99.9749
rl1,cenario2_tempo_aleatorio/180-600s_30percent,1,0,SIMILARITY_MEDIUM,0,DO_NOT_ALLOCATE,0.0
rl1,cenario2_tempo_aleatorio/180-600s_30percent,1,0,SIMILARITY_MEDIUM,1,ALLOCATE,0.0
rl1,cenario2_tempo_aleatorio/180-600s_30percent,1,1,SIMILARITY_HIGH,0,DO_NOT_ALLOCATE,-0.5
rl1,cenario2_tempo_aleatorio/180-600s_30percent,1,1,SIMILARITY_HIGH,1,ALLOCATE,38.271
rl1,cenario2_tempo_aleatorio/180-600s_30percent,2,0,SIMILARITY_MEDIUM,0,DO_NOT_ALLOCATE,-0.5
rl1,cenario2_tempo_aleatorio/180-600s_30percent,2,0,SIMILARITY_MEDIUM,1,ALLOCATE,2.9701
rl1,cenario2_tempo_aleatorio/180-600s_30percent,2,1,SIMILARITY_HIGH,0,DO_NOT_ALLOCATE,-0.5
rl1,cenario2_tempo_aleatorio/180-600s_30percent,2,1,SIMILARITY_HIGH,1,ALLOCATE,54.7956
rl1,cenario2_tempo_aleatorio/180-600s_30percent,3,0,SIMILARITY_MEDIUM,0,DO_NOT_ALLOCATE,-0.595364
rl1,cenario2_tempo_aleatorio/180-600s_30percent,3,0,SIMILARITY_MEDIUM,1,ALLOCATE,13.1254
rl1,cenario2_tempo_aleatorio/180-600s_30percent,3,1,SIMILARITY_HIGH,0,DO_NOT_ALLOCATE,-0.5
rl1,cenario2_tempo_aleatorio/180-600s_30percent,3,1,SIMILARITY_HIGH,1,ALLOCATE,63.3967
rl1,cenario2_tempo_aleatorio/180-600s_30percent,4,0,SIMILARITY_MEDIUM,0,DO_NOT_ALLOCATE,-0.595364
rl1,cenario2_tempo_aleatorio/180-600s_30percent,4,0,SIMILARITY_MEDIUM,1,ALLOCATE,13.1254
rl1,cenario2_tempo_aleatorio/180-600s_30percent,4,1,SIMILARITY_HIGH,0,DO_NOT_ALLOCATE,25.9891
rl1,cenario2_tempo_aleatorio/180-600s_30percent,4,1,SIMILARITY_HIGH,1,ALLOCATE,78.2955
rl1,cenario2_tempo_aleatorio/180-600s_30percent,5,0,SIMILARITY_MEDIUM,0,DO_NOT_ALLOCATE,-0.595364
rl1,cenario2_tempo_aleatorio/180-600s_30percent,5,0,SIMILARITY_MEDIUM,1,ALLOCATE,22.9957
rl1,cenario2_tempo_aleatorio/180-600s_30percent,5,1,SIMILARITY_HIGH,0,DO_NOT_ALLOCATE,34.2688
rl1,cenario2_tempo_aleatorio/180-600s_30percent,5,1,SIMILARITY_HIGH,1,ALLOCATE,86.4667
rl1,cenario2_tempo_aleatorio/180-600s_30percent,6,0,SIMILARITY_MEDIUM,0,DO_NOT_ALLOCATE,-0.595364
rl1,cenario2_tempo_aleatorio/180-600s_30percent,6,0,SIMILARITY_MEDIUM,1,ALLOCATE,22.9957
rl1,cenario2_tempo_aleatorio/180-600s_30percent,6,1,SIMILARITY_HIGH,0,DO_NOT_ALLOCATE,48.0516
rl1,cenario2_tempo_aleatorio/180-600s_30percent,6,1,SIMILARITY_HIGH,1,ALLOCATE,91.2155
rl1,cenario2_tempo_aleatorio/180-600s_30percent,7,0,SIMILARITY_MEDIUM,0,DO_NOT_ALLOCATE,-0.595364
rl1,cenario2_tempo_aleatorio/180-600s_30percent,7,0,SIMILARITY_MEDIUM,1,ALLOCATE,22.9957
rl1,cenario2_tempo_aleatorio/180-600s_30percent,7,1,SIMILARITY_HIGH,0,DO_NOT_ALLOCATE,50.9793
rl1,cenario2_tempo_aleatorio/180-600s_30percent,7,1,SIMILARITY_HIGH,1,ALLOCATE,94.6316
rl1,cenario2_tempo_aleatorio/180-600s_30percent,8,0,SIMILARITY_MEDIUM,0,DO_NOT_ALLOCATE,1.1717
rl1,cenario2_tempo_aleatorio/180-600s_30percent,8,0,SIMILARITY_MEDIUM,1,ALLOCATE,30.3587
rl1,cenario2_tempo_aleatorio/180-600s_30percent,8,1,SIMILARITY_HIGH,0,DO_NOT_ALLOCATE,50.9793
rl1,cenario2_tempo_aleatorio/180-600s_30percent,8,1,SIMILARITY_HIGH,1,ALLOCATE,95.6965
rl1,cenario2_tempo_aleatorio/180-600s_30percent,9,0,SIMILARITY_MEDIUM,0,DO_NOT_ALLOCATE,1.1717
rl1,cenario2_tempo_aleatorio/180-600s_30percent,9,0,SIMILARITY_MEDIUM,1,ALLOCATE,30.3587
rl1,cenario2_tempo_aleatorio/180-600s_30percent,9,1,SIMILARITY_HIGH,0,DO_NOT_ALLOCATE,56.7683
rl1,cenario2_tempo_aleatorio/180-600s_30percent,9,1,SIMILARITY_HIGH,1,ALLOCATE,96.4801
rl1,cenario2_tempo_aleatorio/180-600s_30percent,10,0,SIMILARITY_MEDIUM,0,DO_NOT_ALLOCATE,1.1717
rl1,cenario2_tempo_aleatorio/180-600s_30percent,10,0,SIMILARITY_MEDIUM,1,ALLOCATE,36.3815
rl1,cenario2_tempo_aleatorio/180-600s_30percent,10,1,SIMILARITY_HIGH,0,DO_NOT_ALLOCATE,59.3107
rl1,cenario2_tempo_aleatorio/180-600s_30percent,10,1,SIMILARITY_HIGH,1,ALLOCATE,97.1498
rl1,cenario2_tempo_aleatorio/180-600s_30percent,11,0,SIMILARITY_MEDIUM,0,DO_NOT_ALLOCATE,1.1717
rl1,cenario2_tempo_aleatorio/180-600s_30percent,11,0,SIMILARITY_MEDIUM,1,ALLOCATE,36.3815
rl1,cenario2_tempo_aleatorio/180-600s_30percent,11,1,SIMILARITY_HIGH,0,DO_NOT_ALLOCATE,63.7756
rl1,cenario2_tempo_aleatorio/180-600s_30percent,11,1,SIMILARITY_HIGH,1,ALLOCATE,98.1124
rl1,cenario2_tempo_aleatorio/180-600s_30percent,12,0,SIMILARITY_MEDIUM,0,DO_NOT_ALLOCATE,1.1717
rl1,cenario2_tempo_aleatorio/180-600s_30percent,12,0,SIMILARITY_MEDIUM,1,ALLOCATE,44.1734
rl1,cenario2_tempo_aleatorio/180-600s_30percent,12,1,SIMILARITY_HIGH,0,DO_NOT_ALLOCATE,63.7756
rl1,cenario2_tempo_aleatorio/180-600s_30percent,12,1,SIMILARITY_HIGH,1,ALLOCATE,98.6986
rl1,cenario2_tempo_aleatorio/180-600s_30percent,13,0,SIMILARITY_MEDIUM,0,DO_NOT_ALLOCATE,1.1717
rl1,cenario2_tempo_aleatorio/180-600s_30percent,13,0,SIMILARITY_MEDIUM,1,ALLOCATE,44.1734
rl1,cenario2_tempo_aleatorio/180-600s_30percent,13,1,SIMILARITY_HIGH,0,DO_NOT_ALLOCATE,67.5913
rl1,cenario2_tempo_aleatorio/180-600s_30percent,13,1,SIMILARITY_HIGH,1,ALLOCATE,98.823
rl1,cenario2_tempo_aleatorio/180-600s_30percent,14,0,SIMILARITY_MEDIUM,0,DO_NOT_ALLOCATE,1.1717
rl1,cenario2_tempo_aleatorio/180-600s_30percent,14,0,SIMILARITY_MEDIUM,1,ALLOCATE,44.1734
rl1,cenario2_tempo_aleatorio/180-600s_30percent,14,1,SIMILARITY_HIGH,0,DO_NOT_ALLOCATE,69.2498
rl1,cenario2_tempo_aleatorio/180-600s_30percent,14,1,SIMILARITY_HIGH,1,ALLOCATE,99.316
rl1,cenario2_tempo_aleatorio/180-600s_30percent,15,0,SIMILARITY_MEDIUM,0,DO_NOT_ALLOCATE,1.1717
rl1,cenario2_tempo_aleatorio/180-600s_30percent,15,0,SIMILARITY_MEDIUM,1,ALLOCATE,44.1734
rl1,cenario2_tempo_aleatorio/180-600s_30percent,15,1,SIMILARITY_HIGH,0,DO_NOT_ALLOCATE,70.775
rl1,cenario2_tempo_aleatorio/180-600s_30percent,15,1,SIMILARITY_HIGH,1,ALLOCATE,99.468
rl1,cenario2_tempo_aleatorio/180-600s_30percent,16,0,SIMILARITY_MEDIUM,0,DO_NOT_ALLOCATE,4.58038
rl1,cenario2_tempo_aleatorio/180-600s_30percent,16,0,SIMILARITY_MEDIUM,1,ALLOCATE,49.0014
rl1,cenario2_tempo_aleatorio/180-600s_30percent,16,1,SIMILARITY_HIGH,0,DO_NOT_ALLOCATE,74.5201
rl1,cenario2_tempo_aleatorio/180-600s_30percent,16,1,SIMILARITY_HIGH,1,ALLOCATE,99.6332
rl1,cenario2_tempo_aleatorio/180-600s_30percent,17,0,SIMILARITY_MEDIUM,0,DO_NOT_ALLOCATE,4.58038
rl1,cenario2_tempo_aleatorio/180-600s_30percent,17,0,SIMILARITY_MEDIUM,1,ALLOCATE,49.0014
rl1,cenario2_tempo_aleatorio/180-600s_30percent,17,1,SIMILARITY_HIGH,0,DO_NOT_ALLOCATE,75.5367
rl1,cenario2_tempo_aleatorio/180-600s_30percent,17,1,SIMILARITY_HIGH,1,ALLOCATE,99.7118
rl1,cenario2_tempo_aleatorio/180-600s_30percent,18,0,SIMILARITY_MEDIUM,0,DO_NOT_ALLOCATE,8.38706
rl1,cenario2_tempo_aleatorio/180-600s_30percent,18,0,SIMILARITY_MEDIUM,1,ALLOCATE,61.5104
rl1,cenario2_tempo_aleatorio/180-600s_30percent,18,1,SIMILARITY_HIGH,0,DO_NOT_ALLOCATE,76.4576
rl1,cenario2_tempo_aleatorio/180-600s_30percent,18,1,SIMILARITY_HIGH,1,ALLOCATE,99.7471
rl1,cenario2_tempo_aleatorio/180-600s_30percent,19,0,SIMILARITY_MEDIUM,0,DO_NOT_ALLOCATE,17.4547
rl1,cenario2_tempo_aleatorio/180-600s_30percent,19,0,SIMILARITY_MEDIUM,1,ALLOCATE,70.6577
rl1,cenario2_tempo_aleatorio/180-600s_30percent,19,1,SIMILARITY_HIGH,0,DO_NOT_ALLOCATE,76.4576
rl1,cenario2_tempo_aleatorio/180-600s_30percent,19,1,SIMILARITY_HIGH,1,ALLOCATE,99.7825
rl1,cenario2_tempo_aleatorio/180-600s_30percent,20,0,SIMILARITY_MEDIUM,0,DO_NOT_ALLOCATE,17.4547
rl1,cenario2_tempo_aleatorio/180-600s_30percent,20,0,SIMILARITY_MEDIUM,1,ALLOCATE,70.6577
rl1,cenario2_tempo_aleatorio/180-600s_30percent,20,1,SIMILARITY_HIGH,0,DO_NOT_ALLOCATE,78.7289
rl1,cenario2_tempo_aleatorio/180-600s_30percent,20,1,SIMILARITY_HIGH,1,ALLOCATE,99.85
rl1,cenario2_tempo_aleatorio/180-600s_30percent,21,0,SIMILARITY_MEDIUM,0,DO_NOT_ALLOCATE,17.4547
rl1,cenario2_tempo_aleatorio/180-600s_30percent,21,0,SIMILARITY_MEDIUM,1,ALLOCATE,70.6577
rl1,cenario2_tempo_aleatorio/180-600s_30percent,21,1,SIMILARITY_HIGH,0,DO_NOT_ALLOCATE,79.8983
rl1,cenario2_tempo_aleatorio/180-600s_30percent,21,1,SIMILARITY_HIGH,1,ALLOCATE,99.8856
rl1,cenario2_tempo_aleatorio/180-600s_30percent,22,0,SIMILARITY_MEDIUM,0,DO_NOT_ALLOCATE,17.4547
rl1,cenario2_tempo_aleatorio/180-600s_30percent,22,0,SIMILARITY_MEDIUM,1,ALLOCATE,70.6577
rl1,cenario2_tempo_aleatorio/180-600s_30percent,22,1,SIMILARITY_HIGH,0,DO_NOT_ALLOCATE,81.6253
rl1,cenario2_tempo_aleatorio/180-600s_30percent,22,1,SIMILARITY_HIGH,1,ALLOCATE,99.9361
rl1,cenario2_tempo_aleatorio/180-600s_30percent,23,0,SIMILARITY_MEDIUM,0,DO_NOT_ALLOCATE,17.4547
rl1,cenario2_tempo_aleatorio/180-600s_30percent,23,0,SIMILARITY_MEDIUM,1,ALLOCATE,70.6577
rl1,cenario2_tempo_aleatorio/180-600s_30percent,23,1,SIMILARITY_HIGH,0,DO_NOT_ALLOCATE,82.9913
rl1,cenario2_tempo_aleatorio/180-600s_30percent,23,1,SIMILARITY_HIGH,1,ALLOCATE,99.9657
rl1,cenario2_tempo_aleatorio/180-600s_30percent,24,0,SIMILARITY_MEDIUM,0,DO_NOT_ALLOCATE,29.1233
rl1,cenario2_tempo_aleatorio/180-600s_30percent,24,0,SIMILARITY_MEDIUM,1,ALLOCATE,76.7135
rl1,cenario2_tempo_aleatorio/180-600s_30percent,24,1,SIMILARITY_HIGH,0,DO_NOT_ALLOCATE,83.3681
rl1,cenario2_tempo_aleatorio/180-600s_30percent,24,1,SIMILARITY_HIGH,1,ALLOCATE,99.9764
rl1,cenario2_tempo_aleatorio/180-600s_30percent,25,0,SIMILARITY_MEDIUM,0,DO_NOT_ALLOCATE,29.1233
rl1,cenario2_tempo_aleatorio/180-600s_30percent,25,0,SIMILARITY_MEDIUM,1,ALLOCATE,76.7135
rl1,cenario2_tempo_aleatorio/180-600s_30percent,25,1,SIMILARITY_HIGH,0,DO_NOT_ALLOCATE,84.2111
rl1,cenario2_tempo_aleatorio/180-600s_30percent,25,1,SIMILARITY_HIGH,1,ALLOCATE,99.9877
rl1,cenario2_tempo_aleatorio/180-600s_30percent,26,0,SIMILARITY_MEDIUM,0,DO_NOT_ALLOCATE,29.1233
rl1,cenario2_tempo_aleatorio/180-600s_30percent,26,0,SIMILARITY_MEDIUM,1,ALLOCATE,76.7135
rl1,cenario2_tempo_aleatorio/180-600s_30percent,26,1,SIMILARITY_HIGH,0,DO_NOT_ALLOCATE,84.3589
rl1,cenario2_tempo_aleatorio/180-600s_30percent,26,1,SIMILARITY_HIGH,1,ALLOCATE,99.9921
rl1,cenario2_tempo_aleatorio/180-600s_30percent,27,0,SIMILARITY_MEDIUM,0,DO_NOT_ALLOCATE,32.6774
rl1,cenario2_tempo_aleatorio/180-600s_30percent,27,0,SIMILARITY_MEDIUM,1,ALLOCATE,77.8548
rl1,cenario2_tempo_aleatorio/180-600s_30percent,27,1,SIMILARITY_HIGH,0,DO_NOT_ALLOCATE,84.4795
rl1,cenario2_tempo_aleatorio/180-600s_30percent,27,1,SIMILARITY_HIGH,1,ALLOCATE,99.9951
rl1,cenario2_tempo_aleatorio/180-600s_30percent,28,0,SIMILARITY_MEDIUM,0,DO_NOT_ALLOCATE,35.9563
rl1,cenario2_tempo_aleatorio/180-600s_30percent,28,0,SIMILARITY_MEDIUM,1,ALLOCATE,79.77
rl1,cenario2_tempo_aleatorio/180-600s_30percent,28,1,SIMILARITY_HIGH,0,DO_NOT_ALLOCATE,84.4795
rl1,cenario2_tempo_aleatorio/180-600s_30percent,28,1,SIMILARITY_HIGH,1,ALLOCATE,99.996
rl1,cenario2_tempo_aleatorio/180-600s_30percent,29,0,SIMILARITY_MEDIUM,0,DO_NOT_ALLOCATE,35.9563
rl1,cenario2_tempo_aleatorio/180-600s_30percent,29,0,SIMILARITY_MEDIUM,1,ALLOCATE,79.77
rl1,cenario2_tempo_aleatorio/180-600s_30percent,29,1,SIMILARITY_HIGH,0,DO_NOT_ALLOCATE,84.6574
rl1,cenario2_tempo_aleatorio/180-600s_30percent,29,1,SIMILARITY_HIGH,1,ALLOCATE,99.9966
rl1,cenario2_tempo_aleatorio/180-600s_30percent,30,0,SIMILARITY_MEDIUM,0,DO_NOT_ALLOCATE,35.9563
rl1,cenario2_tempo_aleatorio/180-600s_30percent,30,0,SIMILARITY_MEDIUM,1,ALLOCATE,82.0684
rl1,cenario2_tempo_aleatorio/180-600s_30percent,30,1,SIMILARITY_HIGH,0,DO_NOT_ALLOCATE,84.6574
rl1,cenario2_tempo_aleatorio/180-600s_30percent,30,1,SIMILARITY_HIGH,1,ALLOCATE,99.9972
rl1,cenario2_tempo_aleatorio/180-600s_30percent,31,0,SIMILARITY_MEDIUM,0,DO_NOT_ALLOCATE,35.9563
rl1,cenario2_tempo_aleatorio/180-600s_30percent,31,0,SIMILARITY_MEDIUM,1,ALLOCATE,82.0684
rl1,cenario2_tempo_aleatorio/180-600s_30percent,31,1,SIMILARITY_HIGH,0,DO_NOT_ALLOCATE,84.7222
rl1,cenario2_tempo_aleatorio/180-600s_30percent,31,1,SIMILARITY_HIGH,1,ALLOCATE,99.9984
rl1,cenario2_tempo_aleatorio/180-600s_30percent,32,0,SIMILARITY_MEDIUM,0,DO_NOT_ALLOCATE,39.263
rl1,cenario2_tempo_aleatorio/180-600s_30percent,32,0,SIMILARITY_MEDIUM,1,ALLOCATE,83.4537
rl1,cenario2_tempo_aleatorio/180-600s_30percent,32,1,SIMILARITY_HIGH,0,DO_NOT_ALLOCATE,84.7972
rl1,cenario2_tempo_aleatorio/180-600s_30percent,32,1,SIMILARITY_HIGH,1,ALLOCATE,99.9987
rl1,cenario2_tempo_aleatorio/180-600s_30percent,33,0,SIMILARITY_MEDIUM,0,DO_NOT_ALLOCATE,39.263
rl1,cenario2_tempo_aleatorio/180-600s_30percent,33,0,SIMILARITY_MEDIUM,1,ALLOCATE,83.4537
rl1,cenario2_tempo_aleatorio/180-600s_30percent,33,1,SIMILARITY_HIGH,0,DO_NOT_ALLOCATE,84.8174
rl1,cenario2_tempo_aleatorio/180-600s_30percent,33,1,SIMILARITY_HIGH,1,ALLOCATE,99.9989
rl1,cenario2_tempo_aleatorio/180-600s_30percent,34,0,SIMILARITY_MEDIUM,0,DO_NOT_ALLOCATE,39.263
rl1,cenario2_tempo_aleatorio/180-600s_30percent,34,0,SIMILARITY_MEDIUM,1,ALLOCATE,83.9451
rl1,cenario2_tempo_aleatorio/180-600s_30percent,34,1,SIMILARITY_HIGH,0,DO_NOT_ALLOCATE,84.8519
rl1,cenario2_tempo_aleatorio/180-600s_30percent,34,1,SIMILARITY_HIGH,1,ALLOCATE,99.999
rl1,cenario2_tempo_aleatorio/180-600s_30percent,35,0,SIMILARITY_MEDIUM,0,DO_NOT_ALLOCATE,42.4763
rl1,cenario2_tempo_aleatorio/180-600s_30percent,35,0,SIMILARITY_MEDIUM,1,ALLOCATE,85.3336
rl1,cenario2_tempo_aleatorio/180-600s_30percent,35,1,SIMILARITY_HIGH,0,DO_NOT_ALLOCATE,84.9026
rl1,cenario2_tempo_aleatorio/180-600s_30percent,35,1,SIMILARITY_HIGH,1,ALLOCATE,99.9994
rl1,cenario3_tudo_aleatorio/180-600s_10-30percent,1,0,SIMILARITY_MEDIUM,0,DO_NOT_ALLOCATE,0.0
rl1,cenario3_tudo_aleatorio/180-600s_10-30percent,1,0,SIMILARITY_MEDIUM,1,ALLOCATE,0.0
rl1,cenario3_tudo_aleatorio/180-600s_10-30percent,1,1,SIMILARITY_HIGH,0,DO_NOT_ALLOCATE,0.0
rl1,cenario3_tudo_aleatorio/180-600s_10-30percent,1,1,SIMILARITY_HIGH,1,ALLOCATE,12.2479
rl1,cenario3_tudo_aleatorio/180-600s_10-30percent,2,0,SIMILARITY_MEDIUM,0,DO_NOT_ALLOCATE,0.0
rl1,cenario3_tudo_aleatorio/180-600s_10-30percent,2,0,SIMILARITY_MEDIUM,1,ALLOCATE,0.0
rl1,cenario3_tudo_aleatorio/180-600s_10-30percent,2,1,SIMILARITY_HIGH,0,DO_NOT_ALLOCATE,4.43269
rl1,cenario3_tudo_aleatorio/180-600s_10-30percent,2,1,SIMILARITY_HIGH,1,ALLOCATE,38.271
rl1,cenario3_tudo_aleatorio/180-600s_10-30percent,3,0,SIMILARITY_MEDIUM,0,DO_NOT_ALLOCATE,0.0
rl1,cenario3_tudo_aleatorio/180-600s_10-30percent,3,0,SIMILARITY_MEDIUM,1,ALLOCATE,0.0
rl1,cenario3_tudo_aleatorio/180-600s_10-30percent,3,1,SIMILARITY_HIGH,0,DO_NOT_ALLOCATE,4.43269
rl1,cenario3_tudo_aleatorio/180-600s_10-30percent,3,1,SIMILARITY_HIGH,1,ALLOCATE,52.9413
rl1,cenario3_tudo_aleatorio/180-600s_10-30percent,4,0,SIMILARITY_MEDIUM,0,DO_NOT_ALLOCATE,0.0
rl1,cenario3_tudo_aleatorio/180-600s_10-30percent,4,0,SIMILARITY_MEDIUM,1,ALLOCATE,0.0
rl1,cenario3_tudo_aleatorio/180-600s_10-30percent,4,1,SIMILARITY_HIGH,0,DO_NOT_ALLOCATE,8.33842
rl1,cenario3_tudo_aleatorio/180-600s_10-30percent,4,1,SIMILARITY_HIGH,1,ALLOCATE,62.6535
rl1,cenario3_tudo_aleatorio/180-600s_10-30percent,5,0,SIMILARITY_MEDIUM,0,DO_NOT_ALLOCATE,0.0
rl1,cenario3_tudo_aleatorio/180-600s_10-30percent,5,0,SIMILARITY_MEDIUM,1,ALLOCATE,0.0
rl1,cenario3_tudo_aleatorio/180-600s_10-30percent,5,1,SIMILARITY_HIGH,0,DO_NOT_ALLOCATE,12.9031
rl1,cenario3_tudo_aleatorio/180-600s_10-30percent,5,1,SIMILARITY_HIGH,1,ALLOCATE,68.201
rl1,cenario3_tudo_aleatorio/180-600s_10-30percent,6,0,SIMILARITY_MEDIUM,0,DO_NOT_ALLOCATE,0.0
rl1,cenario3_tudo_aleatorio/180-600s_10-30percent,6,0,SIMILARITY_MEDIUM,1,ALLOCATE,0.0
rl1,cenario3_tudo_aleatorio/180-600s_10-30percent,6,1,SIMILARITY_HIGH,0,DO_NOT_ALLOCATE,17.3078
rl1,cenario3_tudo_aleatorio/180-600s_10-30percent,6,1,SIMILARITY_HIGH,1,ALLOCATE,74.2515
rl1,cenario3_tudo_aleatorio/180-600s_10-30percent,7,0,SIMILARITY_MEDIUM,0,DO_NOT_ALLOCATE,-0.232691
rl1,cenario3_tudo_aleatorio/180-600s_10-30percent,7,0,SIMILARITY_MEDIUM,1,ALLOCATE,4.901
rl1,cenario3_tudo_aleatorio/180-600s_10-30percent,7,1,SIMILARITY_HIGH,0,DO_NOT_ALLOCATE,21.8953
rl1,cenario3_tudo_aleatorio/180-600s_10-30percent,7,1,SIMILARITY_HIGH,1,ALLOCATE,81.1443
rl1,cenario3_tudo_aleatorio/180-600s_10-30percent,8,0,SIMILARITY_MEDIUM,0,DO_NOT_ALLOCATE,-0.232691
rl1,cenario3_tudo_aleatorio/180-600s_10-30percent,8,0,SIMILARITY_MEDIUM,1,ALLOCATE,4.901
rl1,cenario3_tudo_aleatorio/180-600s_10-30percent,8,1,SIMILARITY_HIGH,0,DO_NOT_ALLOCATE,21.8953
rl1,cenario3_tudo_aleatorio/180-600s_10-30percent,8,1,SIMILARITY_HIGH,1,ALLOCATE,82.601
rl1,cenario3_tudo_aleatorio/180-600s_10-30percent,9,0,SIMILARITY_MEDIUM,0,DO_NOT_ALLOCATE,-0.232691
rl1,cenario3_tudo_aleatorio/180-600s_10-30percent,9,0,SIMILARITY_MEDIUM,1,ALLOCATE,4.901
rl1,cenario3_tudo_aleatorio/180-600s_10-30percent,9,1,SIMILARITY_HIGH,0,DO_NOT_ALLOCATE,30.9565
rl1,cenario3_tudo_aleatorio/180-600s_10-30percent,9,1,SIMILARITY_HIGH,1,ALLOCATE,84.8847
rl1,cenario3_tudo_aleatorio/180-600s_10-30percent,10,0,SIMILARITY_MEDIUM,0,DO_NOT_ALLOCATE,-0.232691
rl1,cenario3_tudo_aleatorio/180-600s_10-30percent,10,0,SIMILARITY_MEDIUM,1,ALLOCATE,4.901
rl1,cenario3_tudo_aleatorio/180-600s_10-30percent,10,1,SIMILARITY_HIGH,0,DO_NOT_ALLOCATE,39.0043
rl1,cenario3_tudo_aleatorio/180-600s_10-30percent,10,1,SIMILARITY_HIGH,1,ALLOCATE,89.9894
rl1,cenario3_tudo_aleatorio/180-600s_10-30percent,11,0,SIMILARITY_MEDIUM,0,DO_NOT_ALLOCATE,-0.232691
rl1,cenario3_tudo_aleatorio/180-600s_10-30percent,11,0,SIMILARITY_MEDIUM,1,ALLOCATE,15.7057
rl1,cenario3_tudo_aleatorio/180-600s_10-30percent,11,1,SIMILARITY_HIGH,0,DO_NOT_ALLOCATE,42.7641
rl1,cenario3_tudo_aleatorio/180-600s_10-30percent,11,1,SIMILARITY_HIGH,1,ALLOCATE,92.7425
rl1,cenario3_tudo_aleatorio/180-600s_10-30percent,12,0,SIMILARITY_MEDIUM,0,DO_NOT_ALLOCATE,-0.232691
rl1,cenario3_tudo_aleatorio/180-600s_10-30percent,12,0,SIMILARITY_MEDIUM,1,ALLOCATE,15.7057
rl1,cenario3_tudo_aleatorio/180-600s_10-30percent,12,1,SIMILARITY_HIGH,0,DO_NOT_ALLOCATE,52.5745
rl1,cenario3_tudo_aleatorio/180-600s_10-30percent,12,1,SIMILARITY_HIGH,1,ALLOCATE,94.4673
rl1,cenario3_tudo_aleatorio/180-600s_10-30percent,13,0,SIMILARITY_MEDIUM,0,DO_NOT_ALLOCATE,-0.232691
rl1,cenario3_tudo_aleatorio/180-600s_10-30percent,13,0,SIMILARITY_MEDIUM,1,ALLOCATE,15.7057
rl1,cenario3_tudo_aleatorio/180-600s_10-30percent,13,1,SIMILARITY_HIGH,0,DO_NOT_ALLOCATE,55.4057
rl1,cenario3_tudo_aleatorio/180-600s_10-30percent,13,1,SIMILARITY_HIGH,1,ALLOCATE,95.5648
rl1,cenario3_tudo_aleatorio/180-600s_10-30percent,14,0,SIMILARITY_MEDIUM,0,DO_NOT_ALLOCATE,-0.232691
rl1,cenario3_tudo_aleatorio/180-600s_10-30percent,14,0,SIMILARITY_MEDIUM,1,ALLOCATE,15.7057
rl1,cenario3_tudo_aleatorio/180-600s_10-30percent,14,1,SIMILARITY_HIGH,0,DO_NOT_ALLOCATE,60.301
rl1,cenario3_tudo_aleatorio/180-600s_10-30percent,14,1,SIMILARITY_HIGH,1,ALLOCATE,96.6861
rl1,cenario3_tudo_aleatorio/180-600s_10-30percent,15,0,SIMILARITY_MEDIUM,0,DO_NOT_ALLOCATE,-0.232691
rl1,cenario3_tudo_aleatorio/180-600s_10-30percent,15,0,SIMILARITY_MEDIUM,1,ALLOCATE,22.2179
rl1,cenario3_tudo_aleatorio/180-600s_10-30percent,15,1,SIMILARITY_HIGH,0,DO_NOT_ALLOCATE,60.301
rl1,cenario3_tudo_aleatorio/180-600s_10-30percent,15,1,SIMILARITY_HIGH,1,ALLOCATE,96.7192
rl1,cenario3_tudo_aleatorio/180-600s_10-30percent,16,0,SIMILARITY_MEDIUM,0,DO_NOT_ALLOCATE,-0.232691
rl1,cenario3_tudo_aleatorio/180-600s_10-30percent,16,0,SIMILARITY_MEDIUM,1,ALLOCATE,22.2179
rl1,cenario3_tudo_aleatorio/180-600s_10-30percent,16,1,SIMILARITY_HIGH,0,DO_NOT_ALLOCATE,66.3446
rl1,cenario3_tudo_aleatorio/180-600s_10-30percent,16,1,SIMILARITY_HIGH,1,ALLOCATE,98.074
rl1,cenario3_tudo_aleatorio/180-600s_10-30percent,17,0,SIMILARITY_MEDIUM,0,DO_NOT_ALLOCATE,-0.232691
rl1,cenario3_tudo_aleatorio/180-600s_10-30percent,17,0,SIMILARITY_MEDIUM,1,ALLOCATE,22.2179
rl1,cenario3_tudo_aleatorio/180-600s_10-30percent,17,1,SIMILARITY_HIGH,0,DO_NOT_ALLOCATE,66.3446
rl1,cenario3_tudo_aleatorio/180-600s_10-30percent,17,1,SIMILARITY_HIGH,1,ALLOCATE,98.4405
rl1,cenario3_tudo_aleatorio/180-600s_10-30percent,18,0,SIMILARITY_MEDIUM,0,DO_NOT_ALLOCATE,-0.232691
rl1,cenario3_tudo_aleatorio/180-600s_10-30percent,18,0,SIMILARITY_MEDIUM,1,ALLOCATE,22.2179
rl1,cenario3_tudo_aleatorio/180-600s_10-30percent,18,1,SIMILARITY_HIGH,0,DO_NOT_ALLOCATE,71.0922
rl1,cenario3_tudo_aleatorio/180-600s_10-30percent,18,1,SIMILARITY_HIGH,1,ALLOCATE,98.8348
rl1,cenario3_tudo_aleatorio/180-600s_10-30percent,19,0,SIMILARITY_MEDIUM,0,DO_NOT_ALLOCATE,-0.232691
rl1,cenario3_tudo_aleatorio/180-600s_10-30percent,19,0,SIMILARITY_MEDIUM,1,ALLOCATE,22.2179
rl1,cenario3_tudo_aleatorio/180-600s_10-30percent,19,1,SIMILARITY_HIGH,0,DO_NOT_ALLOCATE,72.3872
rl1,cenario3_tudo_aleatorio/180-600s_10-30percent,19,1,SIMILARITY_HIGH,1,ALLOCATE,99.1206
rl1,cenario3_tudo_aleatorio/180-600s_10-30percent,20,0,SIMILARITY_MEDIUM,0,DO_NOT_ALLOCATE,-0.232691
rl1,cenario3_tudo_aleatorio/180-600s_10-30percent,20,0,SIMILARITY_MEDIUM,1,ALLOCATE,22.2179
rl1,cenario3_tudo_aleatorio/180-600s_10-30percent,20,1,SIMILARITY_HIGH,0,DO_NOT_ALLOCATE,72.3872
rl1,cenario3_tudo_aleatorio/180-600s_10-30percent,20,1,SIMILARITY_HIGH,1,ALLOCATE,99.494
rl1,cenario3_tudo_aleatorio/180-600s_10-30percent,21,0,SIMILARITY_MEDIUM,0,DO_NOT_ALLOCATE,-0.232691
rl1,cenario3_tudo_aleatorio/180-600s_10-30percent,21,0,SIMILARITY_MEDIUM,1,ALLOCATE,22.2179
rl1,cenario3_tudo_aleatorio/180-600s_10-30percent,21,1,SIMILARITY_HIGH,0,DO_NOT_ALLOCATE,72.3872
rl1,cenario3_tudo_aleatorio/180-600s_10-30percent,21,1,SIMILARITY_HIGH,1,ALLOCATE,99.5735
rl1,cenario3_tudo_aleatorio/180-600s_10-30percent,22,0,SIMILARITY_MEDIUM,0,DO_NOT_ALLOCATE,-0.232691
rl1,cenario3_tudo_aleatorio/180-600s_10-30percent,22,0,SIMILARITY_MEDIUM,1,ALLOCATE,22.2179
rl1,cenario3_tudo_aleatorio/180-600s_10-30percent,22,1,SIMILARITY_HIGH,0,DO_NOT_ALLOCATE,74.7393
rl1,cenario3_tudo_aleatorio/180-600s_10-30percent,22,1,SIMILARITY_HIGH,1,ALLOCATE,99.7781
rl1,cenario3_tudo_aleatorio/180-600s_10-30percent,23,0,SIMILARITY_MEDIUM,0,DO_NOT_ALLOCATE,-0.232691
rl1,cenario3_tudo_aleatorio/180-600s_10-30percent,23,0,SIMILARITY_MEDIUM,1,ALLOCATE,22.2179
rl1,cenario3_tudo_aleatorio/180-600s_10-30percent,23,1,SIMILARITY_HIGH,0,DO_NOT_ALLOCATE,75.7462
rl1,cenario3_tudo_aleatorio/180-600s_10-30percent,23,1,SIMILARITY_HIGH,1,ALLOCATE,99.8257
rl1,cenario3_tudo_aleatorio/180-600s_10-30percent,24,0,SIMILARITY_MEDIUM,0,DO_NOT_ALLOCATE,-0.232691
rl1,cenario3_tudo_aleatorio/180-600s_10-30percent,24,0,SIMILARITY_MEDIUM,1,ALLOCATE,22.2179
rl1,cenario3_tudo_aleatorio/180-600s_10-30percent,24,1,SIMILARITY_HIGH,0,DO_NOT_ALLOCATE,77.4789
rl1,cenario3_tudo_aleatorio/180-600s_10-30percent,24,1,SIMILARITY_HIGH,1,ALLOCATE,99.8762
rl1,cenario3_tudo_aleatorio/180-600s_10-30percent,25,0,SIMILARITY_MEDIUM,0,DO_NOT_ALLOCATE,-0.232691
rl1,cenario3_tudo_aleatorio/180-600s_10-30percent,25,0,SIMILARITY_MEDIUM,1,ALLOCATE,22.2179
rl1,cenario3_tudo_aleatorio/180-600s_10-30percent,25,1,SIMILARITY_HIGH,0,DO_NOT_ALLOCATE,78.2207
rl1,cenario3_tudo_aleatorio/180-600s_10-30percent,25,1,SIMILARITY_HIGH,1,ALLOCATE,99.8956
rl1,cenario3_tudo_aleatorio/180-600s_10-30percent,26,0,SIMILARITY_MEDIUM,0,DO_NOT_ALLOCATE,-0.232691
rl1,cenario3_tudo_aleatorio/180-600s_10-30percent,26,0,SIMILARITY_MEDIUM,1,ALLOCATE,30.3587
rl1,cenario3_tudo_aleatorio/180-600s_10-30percent,26,1,SIMILARITY_HIGH,0,DO_NOT_ALLOCATE,79.4917
rl1,cenario3_tudo_aleatorio/180-600s_10-30percent,26,1,SIMILARITY_HIGH,1,ALLOCATE,99.9196
rl1,cenario3_tudo_aleatorio/180-600s_10-30percent,27,0,SIMILARITY_MEDIUM,0,DO_NOT_ALLOCATE,-0.232691
rl1,cenario3_tudo_aleatorio/180-600s_10-30percent,27,0,SIMILARITY_MEDIUM,1,ALLOCATE,30.3587
rl1,cenario3_tudo_aleatorio/180-600s_10-30percent,27,1,SIMILARITY_HIGH,0,DO_NOT_ALLOCATE,79.4917
rl1,cenario3_tudo_aleatorio/180-600s_10-30percent,27,1,SIMILARITY_HIGH,1,ALLOCATE,99.928
rl1,cenario3_tudo_aleatorio/180-600s_10-30percent,28,0,SIMILARITY_MEDIUM,0,DO_NOT_ALLOCATE,-0.232691
rl1,cenario3_tudo_aleatorio/180-600s_10-30percent,28,0,SIMILARITY_MEDIUM,1,ALLOCATE,30.3587
rl1,cenario3_tudo_aleatorio/180-600s_10-30percent,28,1,SIMILARITY_HIGH,0,DO_NOT_ALLOCATE,80.0372
rl1,cenario3_tudo_aleatorio/180-600s_10-30percent,28,1,SIMILARITY_HIGH,1,ALLOCATE,99.9483
rl1,cenario3_tudo_aleatorio/180-600s_10-30percent,29,0,SIMILARITY_MEDIUM,0,DO_NOT_ALLOCATE,-0.232691
rl1,cenario3_tudo_aleatorio/180-600s_10-30percent,29,0,SIMILARITY_MEDIUM,1,ALLOCATE,30.3587
rl1,cenario3_tudo_aleatorio/180-600s_10-30percent,29,1,SIMILARITY_HIGH,0,DO_NOT_ALLOCATE,82.0554
rl1,cenario3_tudo_aleatorio/180-600s_10-30percent,29,1,SIMILARITY_HIGH,1,ALLOCATE,99.9674
rl1,cenario3_tudo_aleatorio/180-600s_10-30percent,30,0,SIMILARITY_MEDIUM,0,DO_NOT_ALLOCATE,-0.232691
rl1,cenario3_tudo_aleatorio/180-600s_10-30percent,30,0,SIMILARITY_MEDIUM,1,ALLOCATE,35.7389
rl1,cenario3_tudo_aleatorio/180-600s_10-30percent,30,1,SIMILARITY_HIGH,0,DO_NOT_ALLOCATE,82.3474
rl1,cenario3_tudo_aleatorio/180-600s_10-30percent,30,1,SIMILARITY_HIGH,1,ALLOCATE,99.9749
rl1,cenario3_tudo_aleatorio/180-600s_10-30percent,31,0,SIMILARITY_MEDIUM,0,DO_NOT_ALLOCATE,-0.232691
rl1,cenario3_tudo_aleatorio/180-600s_10-30percent,31,0,SIMILARITY_MEDIUM,1,ALLOCATE,35.7389
rl1,cenario3_tudo_aleatorio/180-600s_10-30percent,31,1,SIMILARITY_HIGH,0,DO_NOT_ALLOCATE,82.6106
rl1,cenario3_tudo_aleatorio/180-600s_10-30percent,31,1,SIMILARITY_HIGH,1,ALLOCATE,99.9809
rl1,cenario3_tudo_aleatorio/180-600s_10-30percent,32,0,SIMILARITY_MEDIUM,0,DO_NOT_ALLOCATE,-0.232691
rl1,cenario3_tudo_aleatorio/180-600s_10-30percent,32,0,SIMILARITY_MEDIUM,1,ALLOCATE,51.9859
rl1,cenario3_tudo_aleatorio/180-600s_10-30percent,32,1,SIMILARITY_HIGH,0,DO_NOT_ALLOCATE,82.6106
rl1,cenario3_tudo_aleatorio/180-600s_10-30percent,32,1,SIMILARITY_HIGH,1,ALLOCATE,99.9834
rl1,cenario3_tudo_aleatorio/180-600s_10-30percent,33,0,SIMILARITY_MEDIUM,0,DO_NOT_ALLOCATE,-0.232691
rl1,cenario3_tudo_aleatorio/180-600s_10-30percent,33,0,SIMILARITY_MEDIUM,1,ALLOCATE,51.9859
rl1,cenario3_tudo_aleatorio/180-600s_10-30percent,33,1,SIMILARITY_HIGH,0,DO_NOT_ALLOCATE,82.6106
rl1,cenario3_tudo_aleatorio/180-600s_10-30percent,33,1,SIMILARITY_HIGH,1,ALLOCATE,99.9884
rl1,cenario3_tudo_aleatorio/180-600s_10-30percent,34,0,SIMILARITY_MEDIUM,0,DO_NOT_ALLOCATE,-0.232691
rl1,cenario3_tudo_aleatorio/180-600s_10-30percent,34,0,SIMILARITY_MEDIUM,1,ALLOCATE,55.6952
rl1,cenario3_tudo_aleatorio/180-600s_10-30percent,34,1,SIMILARITY_HIGH,0,DO_NOT_ALLOCATE,82.6106
rl1,cenario3_tudo_aleatorio/180-600s_10-30percent,34,1,SIMILARITY_HIGH,1,ALLOCATE,99.9884
rl1,cenario3_tudo_aleatorio/180-600s_10-30percent,35,0,SIMILARITY_MEDIUM,0,DO_NOT_ALLOCATE,-0.232691
rl1,cenario3_tudo_aleatorio/180-600s_10-30percent,35,0,SIMILARITY_MEDIUM,1,ALLOCATE,55.6952
rl1,cenario3_tudo_aleatorio/180-600s_10-30percent,35,1,SIMILARITY_HIGH,0,DO_NOT_ALLOCATE,83.063
rl1,cenario3_tudo_aleatorio/180-600s_10-30percent,35,1,SIMILARITY_HIGH,1,ALLOCATE,99.992
rl2,cenario1_tempo_fixo/310s_10percent,1,0,SIMILARITY_MEDIUM,0,DO_NOT_INCLUDE,0.0
rl2,cenario1_tempo_fixo/310s_10percent,1,0,SIMILARITY_MEDIUM,1,INCLUDE_IN_CLUSTER,0.0
rl2,cenario1_tempo_fixo/310s_10percent,1,1,SIMILARITY_HIGH,0,DO_NOT_INCLUDE,-0.254702
rl2,cenario1_tempo_fixo/310s_10percent,1,1,SIMILARITY_HIGH,1,INCLUDE_IN_CLUSTER,10.4662
rl2,cenario1_tempo_fixo/310s_10percent,2,0,SIMILARITY_MEDIUM,0,DO_NOT_INCLUDE,0.0
rl2,cenario1_tempo_fixo/310s_10percent,2,0,SIMILARITY_MEDIUM,1,INCLUDE_IN_CLUSTER,0.0
rl2,cenario1_tempo_fixo/310s_10percent,2,1,SIMILARITY_HIGH,0,DO_NOT_INCLUDE,-0.254702
rl2,cenario1_tempo_fixo/310s_10percent,2,1,SIMILARITY_HIGH,1,INCLUDE_IN_CLUSTER,14.8542
rl2,cenario1_tempo_fixo/310s_10percent,3,0,SIMILARITY_MEDIUM,0,DO_NOT_INCLUDE,0.0
rl2,cenario1_tempo_fixo/310s_10percent,3,0,SIMILARITY_MEDIUM,1,INCLUDE_IN_CLUSTER,0.0
rl2,cenario1_tempo_fixo/310s_10percent,3,1,SIMILARITY_HIGH,0,DO_NOT_INCLUDE,-0.254702
rl2,cenario1_tempo_fixo/310s_10percent,3,1,SIMILARITY_HIGH,1,INCLUDE_IN_CLUSTER,21.4322
rl2,cenario1_tempo_fixo/310s_10percent,4,0,SIMILARITY_MEDIUM,0,DO_NOT_INCLUDE,0.0
rl2,cenario1_tempo_fixo/310s_10percent,4,0,SIMILARITY_MEDIUM,1,INCLUDE_IN_CLUSTER,0.0
rl2,cenario1_tempo_fixo/310s_10percent,4,1,SIMILARITY_HIGH,0,DO_NOT_INCLUDE,-0.254702
rl2,cenario1_tempo_fixo/310s_10percent,4,1,SIMILARITY_HIGH,1,INCLUDE_IN_CLUSTER,30.3587
rl2,cenario1_tempo_fixo/310s_10percent,5,0,SIMILARITY_MEDIUM,0,DO_NOT_INCLUDE,0.0
rl2,cenario1_tempo_fixo/310s_10percent,5,0,SIMILARITY_MEDIUM,1,INCLUDE_IN_CLUSTER,0.0
rl2,cenario1_tempo_fixo/310s_10percent,5,1,SIMILARITY_HIGH,0,DO_NOT_INCLUDE,2.31023
rl2,cenario1_tempo_fixo/310s_10percent,5,1,SIMILARITY_HIGH,1,INCLUDE_IN_CLUSTER,38.8883
rl2,cenario1_tempo_fixo/310s_10percent,6,0,SIMILARITY_MEDIUM,0,DO_NOT_INCLUDE,0.0
rl2,cenario1_tempo_fixo/310s_10percent,6,0,SIMILARITY_MEDIUM,1,INCLUDE_IN_CLUSTER,0.0
rl2,cenario1_tempo_fixo/310s_10percent,6,1,SIMILARITY_HIGH,0,DO_NOT_INCLUDE,5.24251
rl2,cenario1_tempo_fixo/310s_10percent,6,1,SIMILARITY_HIGH,1,INCLUDE_IN_CLUSTER,40.7034
rl2,cenario1_tempo_fixo/310s_10percent,7,0,SIMILARITY_MEDIUM,0,DO_NOT_INCLUDE,0.0
rl2,cenario1_tempo_fixo/310s_10percent,7,0,SIMILARITY_MEDIUM,1,INCLUDE_IN_CLUSTER,0.0
rl2,cenario1_tempo_fixo/310s_10percent,7,1,SIMILARITY_HIGH,0,DO_NOT_INCLUDE,8.09185
rl2,cenario1_tempo_fixo/310s_10percent,7,1,SIMILARITY_HIGH,1,INCLUDE_IN_CLUSTER,52.9414
rl2,cenario1_tempo_fixo/310s_10percent,8,0,SIMILARITY_MEDIUM,0,DO_NOT_INCLUDE,0.0
rl2,cenario1_tempo_fixo/310s_10percent,8,0,SIMILARITY_MEDIUM,1,INCLUDE_IN_CLUSTER,0.0
rl2,cenario1_tempo_fixo/310s_10percent,8,1,SIMILARITY_HIGH,0,DO_NOT_INCLUDE,8.09185
rl2,cenario1_tempo_fixo/310s_10percent,8,1,SIMILARITY_HIGH,1,INCLUDE_IN_CLUSTER,57.8666
rl2,cenario1_tempo_fixo/310s_10percent,9,0,SIMILARITY_MEDIUM,0,DO_NOT_INCLUDE,0.0
rl2,cenario1_tempo_fixo/310s_10percent,9,0,SIMILARITY_MEDIUM,1,INCLUDE_IN_CLUSTER,0.0
rl2,cenario1_tempo_fixo/310s_10percent,9,1,SIMILARITY_HIGH,0,DO_NOT_INCLUDE,8.09185
rl2,cenario1_tempo_fixo/310s_10percent,9,1,SIMILARITY_HIGH,1,INCLUDE_IN_CLUSTER,61.1216
rl2,cenario1_tempo_fixo/310s_10percent,10,0,SIMILARITY_MEDIUM,0,DO_NOT_INCLUDE,0.0
rl2,cenario1_tempo_fixo/310s_10percent,10,0,SIMILARITY_MEDIUM,1,INCLUDE_IN_CLUSTER,0.0
rl2,cenario1_tempo_fixo/310s_10percent,10,1,SIMILARITY_HIGH,0,DO_NOT_INCLUDE,8.09185
rl2,cenario1_tempo_fixo/310s_10percent,10,1,SIMILARITY_HIGH,1,INCLUDE_IN_CLUSTER,64.8391
rl2,cenario1_tempo_fixo/310s_10percent,11,0,SIMILARITY_MEDIUM,0,DO_NOT_INCLUDE,0.0
rl2,cenario1_tempo_fixo/310s_10percent,11,0,SIMILARITY_MEDIUM,1,INCLUDE_IN_CLUSTER,0.0
rl2,cenario1_tempo_fixo/310s_10percent,11,1,SIMILARITY_HIGH,0,DO_NOT_INCLUDE,8.09185
rl2,cenario1_tempo_fixo/310s_10percent,11,1,SIMILARITY_HIGH,1,INCLUDE_IN_CLUSTER,67.5555
rl2,cenario1_tempo_fixo/310s_10percent,12,0,SIMILARITY_MEDIUM,0,DO_NOT_INCLUDE,0.0
rl2,cenario1_tempo_fixo/310s_10percent,12,0,SIMILARITY_MEDIUM,1,INCLUDE_IN_CLUSTER,0.0
rl2,cenario1_tempo_fixo/310s_10percent,12,1,SIMILARITY_HIGH,0,DO_NOT_INCLUDE,22.2427
rl2,cenario1_tempo_fixo/310s_10percent,12,1,SIMILARITY_HIGH,1,INCLUDE_IN_CLUSTER,76.2408
rl2,cenario1_tempo_fixo/310s_10percent,13,0,SIMILARITY_MEDIUM,0,DO_NOT_INCLUDE,0.0
rl2,cenario1_tempo_fixo/310s_10percent,13,0,SIMILARITY_MEDIUM,1,INCLUDE_IN_CLUSTER,0.0
rl2,cenario1_tempo_fixo/310s_10percent,13,1,SIMILARITY_HIGH,0,DO_NOT_INCLUDE,30.2278
rl2,cenario1_tempo_fixo/310s_10percent,13,1,SIMILARITY_HIGH,1,INCLUDE_IN_CLUSTER,77.6312
rl2,cenario1_tempo_fixo/310s_10percent,14,0,SIMILARITY_MEDIUM,0,DO_NOT_INCLUDE,0.0
rl2,cenario1_tempo_fixo/310s_10percent,14,0,SIMILARITY_MEDIUM,1,INCLUDE_IN_CLUSTER,0.0
rl2,cenario1_tempo_fixo/310s_10percent,14,1,SIMILARITY_HIGH,0,DO_NOT_INCLUDE,30.2278
rl2,cenario1_tempo_fixo/310s_10percent,14,1,SIMILARITY_HIGH,1,INCLUDE_IN_CLUSTER,81.5196
rl2,cenario1_tempo_fixo/310s_10percent,15,0,SIMILARITY_MEDIUM,0,DO_NOT_INCLUDE,0.0
rl2,cenario1_tempo_fixo/310s_10percent,15,0,SIMILARITY_MEDIUM,1,INCLUDE_IN_CLUSTER,0.0
rl2,cenario1_tempo_fixo/310s_10percent,15,1,SIMILARITY_HIGH,0,DO_NOT_INCLUDE,34.2888
rl2,cenario1_tempo_fixo/310s_10percent,15,1,SIMILARITY_HIGH,1,INCLUDE_IN_CLUSTER,84.8848
rl2,cenario1_tempo_fixo/310s_10percent,16,0,SIMILARITY_MEDIUM,0,DO_NOT_INCLUDE,0.0
rl2,cenario1_tempo_fixo/310s_10percent,16,0,SIMILARITY_MEDIUM,1,INCLUDE_IN_CLUSTER,0.0
rl2,cenario1_tempo_fixo/310s_10percent,16,1,SIMILARITY_HIGH,0,DO_NOT_INCLUDE,38.0532
rl2,cenario1_tempo_fixo/310s_10percent,16,1,SIMILARITY_HIGH,1,INCLUDE_IN_CLUSTER,86.8687
rl2,cenario1_tempo_fixo/310s_10percent,17,0,SIMILARITY_MEDIUM,0,DO_NOT_INCLUDE,0.0
rl2,cenario1_tempo_fixo/310s_10percent,17,0,SIMILARITY_MEDIUM,1,INCLUDE_IN_CLUSTER,0.0
rl2,cenario1_tempo_fixo/310s_10percent,17,1,SIMILARITY_HIGH,0,DO_NOT_INCLUDE,38.0532
rl2,cenario1_tempo_fixo/310s_10percent,17,1,SIMILARITY_HIGH,1,INCLUDE_IN_CLUSTER,87.5123
rl2,cenario1_tempo_fixo/310s_10percent,18,0,SIMILARITY_MEDIUM,0,DO_NOT_INCLUDE,0.0
rl2,cenario1_tempo_fixo/310s_10percent,18,0,SIMILARITY_MEDIUM,1,INCLUDE_IN_CLUSTER,0.0
rl2,cenario1_tempo_fixo/310s_10percent,18,1,SIMILARITY_HIGH,0,DO_NOT_INCLUDE,41.6791
rl2,cenario1_tempo_fixo/310s_10percent,18,1,SIMILARITY_HIGH,1,INCLUDE_IN_CLUSTER,88.5923
rl2,cenario1_tempo_fixo/310s_10percent,19,0,SIMILARITY_MEDIUM,0,DO_NOT_INCLUDE,0.0
rl2,cenario1_tempo_fixo/310s_10percent,19,0,SIMILARITY_MEDIUM,1,INCLUDE_IN_CLUSTER,0.0
rl2,cenario1_tempo_fixo/310s_10percent,19,1,SIMILARITY_HIGH,0,DO_NOT_INCLUDE,45.0348
rl2,cenario1_tempo_fixo/310s_10percent,19,1,SIMILARITY_HIGH,1,INCLUDE_IN_CLUSTER,90.0896
rl2,cenario1_tempo_fixo/310s_10percent,20,0,SIMILARITY_MEDIUM,0,DO_NOT_INCLUDE,0.0
rl2,cenario1_tempo_fixo/310s_10percent,20,0,SIMILARITY_MEDIUM,1,INCLUDE_IN_CLUSTER,0.0
rl2,cenario1_tempo_fixo/310s_10percent,20,1,SIMILARITY_HIGH,0,DO_NOT_INCLUDE,53.8173
rl2,cenario1_tempo_fixo/310s_10percent,20,1,SIMILARITY_HIGH,1,INCLUDE_IN_CLUSTER,92.5952
rl2,cenario1_tempo_fixo/310s_10percent,21,0,SIMILARITY_MEDIUM,0,DO_NOT_INCLUDE,0.0
rl2,cenario1_tempo_fixo/310s_10percent,21,0,SIMILARITY_MEDIUM,1,INCLUDE_IN_CLUSTER,0.0
rl2,cenario1_tempo_fixo/310s_10percent,21,1,SIMILARITY_HIGH,0,DO_NOT_INCLUDE,53.8173
rl2,cenario1_tempo_fixo/310s_10percent,21,1,SIMILARITY_HIGH,1,INCLUDE_IN_CLUSTER,94.0041
rl2,cenario1_tempo_fixo/310s_10percent,22,0,SIMILARITY_MEDIUM,0,DO_NOT_INCLUDE,0.0
rl2,cenario1_tempo_fixo/310s_10percent,22,0,SIMILARITY_MEDIUM,1,INCLUDE_IN_CLUSTER,0.0
rl2,cenario1_tempo_fixo/310s_10percent,22,1,SIMILARITY_HIGH,0,DO_NOT_INCLUDE,56.4224
rl2,cenario1_tempo_fixo/310s_10percent,22,1,SIMILARITY_HIGH,1,INCLUDE_IN_CLUSTER,95.0959
rl2,cenario1_tempo_fixo/310s_10percent,23,0,SIMILARITY_MEDIUM,0,DO_NOT_INCLUDE,0.0
rl2,cenario1_tempo_fixo/310s_10percent,23,0,SIMILARITY_MEDIUM,1,INCLUDE_IN_CLUSTER,0.0
rl2,cenario1_tempo_fixo/310s_10percent,23,1,SIMILARITY_HIGH,0,DO_NOT_INCLUDE,58.9192
rl2,cenario1_tempo_fixo/310s_10percent,23,1,SIMILARITY_HIGH,1,INCLUDE_IN_CLUSTER,96.3358
rl2,cenario1_tempo_fixo/310s_10percent,24,0,SIMILARITY_MEDIUM,0,DO_NOT_INCLUDE,0.0
rl2,cenario1_tempo_fixo/310s_10percent,24,0,SIMILARITY_MEDIUM,1,INCLUDE_IN_CLUSTER,0.0
rl2,cenario1_tempo_fixo/310s_10percent,24,1,SIMILARITY_HIGH,0,DO_NOT_INCLUDE,61.2408
rl2,cenario1_tempo_fixo/310s_10percent,24,1,SIMILARITY_HIGH,1,INCLUDE_IN_CLUSTER,97.1499
rl2,cenario1_tempo_fixo/310s_10percent,25,0,SIMILARITY_MEDIUM,0,DO_NOT_INCLUDE,0.0
rl2,cenario1_tempo_fixo/310s_10percent,25,0,SIMILARITY_MEDIUM,1,INCLUDE_IN_CLUSTER,0.0
rl2,cenario1_tempo_fixo/310s_10percent,25,1,SIMILARITY_HIGH,0,DO_NOT_INCLUDE,63.38
rl2,cenario1_tempo_fixo/310s_10percent,25,1,SIMILARITY_HIGH,1,INCLUDE_IN_CLUSTER,97.499
rl2,cenario1_tempo_fixo/310s_10percent,26,0,SIMILARITY_MEDIUM,0,DO_NOT_INCLUDE,0.0
rl2,cenario1_tempo_fixo/310s_10percent,26,0,SIMILARITY_MEDIUM,1,INCLUDE_IN_CLUSTER,0.0
rl2,cenario1_tempo_fixo/310s_10percent,26,1,SIMILARITY_HIGH,0,DO_NOT_INCLUDE,63.38
rl2,cenario1_tempo_fixo/310s_10percent,26,1,SIMILARITY_HIGH,1,INCLUDE_IN_CLUSTER,98.0547
rl2,cenario1_tempo_fixo/310s_10percent,27,0,SIMILARITY_MEDIUM,0,DO_NOT_INCLUDE,0.0
rl2,cenario1_tempo_fixo/310s_10percent,27,0,SIMILARITY_MEDIUM,1,INCLUDE_IN_CLUSTER,0.0
rl2,cenario1_tempo_fixo/310s_10percent,27,1,SIMILARITY_HIGH,0,DO_NOT_INCLUDE,67.1764
rl2,cenario1_tempo_fixo/310s_10percent,27,1,SIMILARITY_HIGH,1,INCLUDE_IN_CLUSTER,98.5318
rl2,cenario1_tempo_fixo/310s_10percent,28,0,SIMILARITY_MEDIUM,0,DO_NOT_INCLUDE,0.0
rl2,cenario1_tempo_fixo/310s_10percent,28,0,SIMILARITY_MEDIUM,1,INCLUDE_IN_CLUSTER,0.0
rl2,cenario1_tempo_fixo/310s_10percent,28,1,SIMILARITY_HIGH,0,DO_NOT_INCLUDE,68.8507
rl2,cenario1_tempo_fixo/310s_10percent,28,1,SIMILARITY_HIGH,1,INCLUDE_IN_CLUSTER,98.9568
rl2,cenario1_tempo_fixo/310s_10percent,29,0,SIMILARITY_MEDIUM,0,DO_NOT_INCLUDE,0.0
rl2,cenario1_tempo_fixo/310s_10percent,29,0,SIMILARITY_MEDIUM,1,INCLUDE_IN_CLUSTER,0.0
rl2,cenario1_tempo_fixo/310s_10percent,29,1,SIMILARITY_HIGH,0,DO_NOT_INCLUDE,72.9913
rl2,cenario1_tempo_fixo/310s_10percent,29,1,SIMILARITY_HIGH,1,INCLUDE_IN_CLUSTER,99.0846
rl2,cenario1_tempo_fixo/310s_10percent,30,0,SIMILARITY_MEDIUM,0,DO_NOT_INCLUDE,0.0
rl2,cenario1_tempo_fixo/310s_10percent,30,0,SIMILARITY_MEDIUM,1,INCLUDE_IN_CLUSTER,0.0
rl2,cenario1_tempo_fixo/310s_10percent,30,1,SIMILARITY_HIGH,0,DO_NOT_INCLUDE,72.9913
rl2,cenario1_tempo_fixo/310s_10percent,30,1,SIMILARITY_HIGH,1,INCLUDE_IN_CLUSTER,99.1721
rl2,cenario1_tempo_fixo/310s_10percent,31,0,SIMILARITY_MEDIUM,0,DO_NOT_INCLUDE,0.0
rl2,cenario1_tempo_fixo/310s_10percent,31,0,SIMILARITY_MEDIUM,1,INCLUDE_IN_CLUSTER,0.0
rl2,cenario1_tempo_fixo/310s_10percent,31,1,SIMILARITY_HIGH,0,DO_NOT_INCLUDE,76.8879
rl2,cenario1_tempo_fixo/310s_10percent,31,1,SIMILARITY_HIGH,1,INCLUDE_IN_CLUSTER,99.3625
rl2,cenario1_tempo_fixo/310s_10percent,32,0,SIMILARITY_MEDIUM,0,DO_NOT_INCLUDE,0.0
rl2,cenario1_tempo_fixo/310s_10percent,32,0,SIMILARITY_MEDIUM,1,INCLUDE_IN_CLUSTER,0.0
rl2,cenario1_tempo_fixo/310s_10percent,32,1,SIMILARITY_HIGH,0,DO_NOT_INCLUDE,76.8879
rl2,cenario1_tempo_fixo/310s_10percent,32,1,SIMILARITY_HIGH,1,INCLUDE_IN_CLUSTER,99.3998
rl2,cenario1_tempo_fixo/310s_10percent,33,0,SIMILARITY_MEDIUM,0,DO_NOT_INCLUDE,0.0
rl2,cenario1_tempo_fixo/310s_10percent,33,0,SIMILARITY_MEDIUM,1,INCLUDE_IN_CLUSTER,0.0
rl2,cenario1_tempo_fixo/310s_10percent,33,1,SIMILARITY_HIGH,0,DO_NOT_INCLUDE,76.8879
rl2,cenario1_tempo_fixo/310s_10percent,33,1,SIMILARITY_HIGH,1,INCLUDE_IN_CLUSTER,99.5332
rl2,cenario1_tempo_fixo/310s_10percent,34,0,SIMILARITY_MEDIUM,0,DO_NOT_INCLUDE,0.0
rl2,cenario1_tempo_fixo/310s_10percent,34,0,SIMILARITY_MEDIUM,1,INCLUDE_IN_CLUSTER,0.0
rl2,cenario1_tempo_fixo/310s_10percent,34,1,SIMILARITY_HIGH,0,DO_NOT_INCLUDE,76.8879
rl2,cenario1_tempo_fixo/310s_10percent,34,1,SIMILARITY_HIGH,1,INCLUDE_IN_CLUSTER,99.5693
rl2,cenario1_tempo_fixo/310s_10percent,35,0,SIMILARITY_MEDIUM,0,DO_NOT_INCLUDE,0.0
rl2,cenario1_tempo_fixo/310s_10percent,35,0,SIMILARITY_MEDIUM,1,INCLUDE_IN_CLUSTER,0.0
rl2,cenario1_tempo_fixo/310s_10percent,35,1,SIMILARITY_HIGH,0,DO_NOT_INCLUDE,76.8879
rl2,cenario1_tempo_fixo/310s_10percent,35,1,SIMILARITY_HIGH,1,INCLUDE_IN_CLUSTER,99.6258
rl2,cenario1_tempo_fixo/310s_20percent,1,0,SIMILARITY_MEDIUM,0,DO_NOT_INCLUDE,0.0
rl2,cenario1_tempo_fixo/310s_20percent,1,0,SIMILARITY_MEDIUM,1,INCLUDE_IN_CLUSTER,0.0
rl2,cenario1_tempo_fixo/310s_20percent,1,1,SIMILARITY_HIGH,0,DO_NOT_INCLUDE,0.775672
rl2,cenario1_tempo_fixo/310s_20percent,1,1,SIMILARITY_HIGH,1,INCLUDE_IN_CLUSTER,25.2828
rl2,cenario1_tempo_fixo/310s_20percent,2,0,SIMILARITY_MEDIUM,0,DO_NOT_INCLUDE,0.0
rl2,cenario1_tempo_fixo/310s_20percent,2,0,SIMILARITY_MEDIUM,1,INCLUDE_IN_CLUSTER,0.0
rl2,cenario1_tempo_fixo/310s_20percent,2,1,SIMILARITY_HIGH,0,DO_NOT_INCLUDE,5.40768
rl2,cenario1_tempo_fixo/310s_20percent,2,1,SIMILARITY_HIGH,1,INCLUDE_IN_CLUSTER,39.4994
rl2,cenario1_tempo_fixo/310s_20percent,3,0,SIMILARITY_MEDIUM,0,DO_NOT_INCLUDE,0.0
rl2,cenario1_tempo_fixo/310s_20percent,3,0,SIMILARITY_MEDIUM,1,INCLUDE_IN_CLUSTER,0.0
rl2,cenario1_tempo_fixo/310s_20percent,3,1,SIMILARITY_HIGH,0,DO_NOT_INCLUDE,7.97631
rl2,cenario1_tempo_fixo/310s_20percent,3,1,SIMILARITY_HIGH,1,INCLUDE_IN_CLUSTER,49.0014
rl2,cenario1_tempo_fixo/310s_20percent,4,0,SIMILARITY_MEDIUM,0,DO_NOT_INCLUDE,0.0
rl2,cenario1_tempo_fixo/310s_20percent,4,0,SIMILARITY_MEDIUM,1,INCLUDE_IN_CLUSTER,0.0
rl2,cenario1_tempo_fixo/310s_20percent,4,1,SIMILARITY_HIGH,0,DO_NOT_INCLUDE,11.7706
rl2,cenario1_tempo_fixo/310s_20percent,4,1,SIMILARITY_HIGH,1,INCLUDE_IN_CLUSTER,58.705
rl2,cenario1_tempo_fixo/310s_20percent,5,0,SIMILARITY_MEDIUM,0,DO_NOT_INCLUDE,0.0
rl2,cenario1_tempo_fixo/310s_20percent,5,0,SIMILARITY_MEDIUM,1,INCLUDE_IN_CLUSTER,0.0
rl2,cenario1_tempo_fixo/310s_20percent,5,1,SIMILARITY_HIGH,0,DO_NOT_INCLUDE,25.3882
rl2,cenario1_tempo_fixo/310s_20percent,5,1,SIMILARITY_HIGH,1,INCLUDE_IN_CLUSTER,66.8967
rl2,cenario1_tempo_fixo/310s_20percent,6,0,SIMILARITY_MEDIUM,0,DO_NOT_INCLUDE,0.0
rl2,cenario1_tempo_fixo/310s_20percent,6,0,SIMILARITY_MEDIUM,1,INCLUDE_IN_CLUSTER,0.0
rl2,cenario1_tempo_fixo/310s_20percent,6,1,SIMILARITY_HIGH,0,DO_NOT_INCLUDE,28.787
rl2,cenario1_tempo_fixo/310s_20percent,6,1,SIMILARITY_HIGH,1,INCLUDE_IN_CLUSTER,73.9915
rl2,cenario1_tempo_fixo/310s_20percent,7,0,SIMILARITY_MEDIUM,0,DO_NOT_INCLUDE,0.0
rl2,cenario1_tempo_fixo/310s_20percent,7,0,SIMILARITY_MEDIUM,1,INCLUDE_IN_CLUSTER,0.0
rl2,cenario1_tempo_fixo/310s_20percent,7,1,SIMILARITY_HIGH,0,DO_NOT_INCLUDE,28.787
rl2,cenario1_tempo_fixo/310s_20percent,7,1,SIMILARITY_HIGH,1,INCLUDE_IN_CLUSTER,79.1508
rl2,cenario1_tempo_fixo/310s_20percent,8,0,SIMILARITY_MEDIUM,0,DO_NOT_INCLUDE,0.0
rl2,cenario1_tempo_fixo/310s_20percent,8,0,SIMILARITY_MEDIUM,1,INCLUDE_IN_CLUSTER,0.0
rl2,cenario1_tempo_fixo/310s_20percent,8,1,SIMILARITY_HIGH,0,DO_NOT_INCLUDE,36.2796
rl2,cenario1_tempo_fixo/310s_20percent,8,1,SIMILARITY_HIGH,1,INCLUDE_IN_CLUSTER,84.5778
rl2,cenario1_tempo_fixo/310s_20percent,9,0,SIMILARITY_MEDIUM,0,DO_NOT_INCLUDE,0.0
rl2,cenario1_tempo_fixo/310s_20percent,9,0,SIMILARITY_MEDIUM,1,INCLUDE_IN_CLUSTER,0.0
rl2,cenario1_tempo_fixo/310s_20percent,9,1,SIMILARITY_HIGH,0,DO_NOT_INCLUDE,39.8183
rl2,cenario1_tempo_fixo/310s_20percent,9,1,SIMILARITY_HIGH,1,INCLUDE_IN_CLUSTER,87.6371
rl2,cenario1_tempo_fixo/310s_20percent,10,0,SIMILARITY_MEDIUM,0,DO_NOT_INCLUDE,0.0
rl2,cenario1_tempo_fixo/310s_20percent,10,0,SIMILARITY_MEDIUM,1,INCLUDE_IN_CLUSTER,0.0
rl2,cenario1_tempo_fixo/310s_20percent,10,1,SIMILARITY_HIGH,0,DO_NOT_INCLUDE,46.6761
rl2,cenario1_tempo_fixo/310s_20percent,10,1,SIMILARITY_HIGH,1,INCLUDE_IN_CLUSTER,90.3839
rl2,cenario1_tempo_fixo/310s_20percent,11,0,SIMILARITY_MEDIUM,0,DO_NOT_INCLUDE,0.0
rl2,cenario1_tempo_fixo/310s_20percent,11,0,SIMILARITY_MEDIUM,1,INCLUDE_IN_CLUSTER,0.0
rl2,cenario1_tempo_fixo/310s_20percent,11,1,SIMILARITY_HIGH,0,DO_NOT_INCLUDE,52.4568
rl2,cenario1_tempo_fixo/310s_20percent,11,1,SIMILARITY_HIGH,1,INCLUDE_IN_CLUSTER,94.6317
rl2,cenario1_tempo_fixo/310s_20percent,12,0,SIMILARITY_MEDIUM,0,DO_NOT_INCLUDE,0.0
rl2,cenario1_tempo_fixo/310s_20percent,12,0,SIMILARITY_MEDIUM,1,INCLUDE_IN_CLUSTER,0.0
rl2,cenario1_tempo_fixo/310s_20percent,12,1,SIMILARITY_HIGH,0,DO_NOT_INCLUDE,57.8355
rl2,cenario1_tempo_fixo/310s_20percent,12,1,SIMILARITY_HIGH,1,INCLUDE_IN_CLUSTER,95.6092
rl2,cenario1_tempo_fixo/310s_20percent,13,0,SIMILARITY_MEDIUM,0,DO_NOT_INCLUDE,0.0
rl2,cenario1_tempo_fixo/310s_20percent,13,0,SIMILARITY_MEDIUM,1,INCLUDE_IN_CLUSTER,0.0
rl2,cenario1_tempo_fixo/310s_20percent,13,1,SIMILARITY_HIGH,0,DO_NOT_INCLUDE,60.2626
rl2,cenario1_tempo_fixo/310s_20percent,13,1,SIMILARITY_HIGH,1,INCLUDE_IN_CLUSTER,97.2896
rl2,cenario1_tempo_fixo/310s_20percent,14,0,SIMILARITY_MEDIUM,0,DO_NOT_INCLUDE,0.0
rl2,cenario1_tempo_fixo/310s_20percent,14,0,SIMILARITY_MEDIUM,1,INCLUDE_IN_CLUSTER,0.0
rl2,cenario1_tempo_fixo/310s_20percent,14,1,SIMILARITY_HIGH,0,DO_NOT_INCLUDE,64.5523
rl2,cenario1_tempo_fixo/310s_20percent,14,1,SIMILARITY_HIGH,1,INCLUDE_IN_CLUSTER,98.0152
rl2,cenario1_tempo_fixo/310s_20percent,15,0,SIMILARITY_MEDIUM,0,DO_NOT_INCLUDE,0.0
rl2,cenario1_tempo_fixo/310s_20percent,15,0,SIMILARITY_MEDIUM,1,INCLUDE_IN_CLUSTER,0.0
rl2,cenario1_tempo_fixo/310s_20percent,15,1,SIMILARITY_HIGH,0,DO_NOT_INCLUDE,69.6623
rl2,cenario1_tempo_fixo/310s_20percent,15,1,SIMILARITY_HIGH,1,INCLUDE_IN_CLUSTER,98.3766
rl2,cenario1_tempo_fixo/310s_20percent,16,0,SIMILARITY_MEDIUM,0,DO_NOT_INCLUDE,0.0
rl2,cenario1_tempo_fixo/310s_20percent,16,0,SIMILARITY_MEDIUM,1,INCLUDE_IN_CLUSTER,0.0
rl2,cenario1_tempo_fixo/310s_20percent,16,1,SIMILARITY_HIGH,0,DO_NOT_INCLUDE,69.6623
rl2,cenario1_tempo_fixo/310s_20percent,16,1,SIMILARITY_HIGH,1,INCLUDE_IN_CLUSTER,98.6722
rl2,cenario1_tempo_fixo/310s_20percent,17,0,SIMILARITY_MEDIUM,0,DO_NOT_INCLUDE,0.0
rl2,cenario1_tempo_fixo/310s_20percent,17,0,SIMILARITY_MEDIUM,1,INCLUDE_IN_CLUSTER,0.0
rl2,cenario1_tempo_fixo/310s_20percent,17,1,SIMILARITY_HIGH,0,DO_NOT_INCLUDE,71.0983
rl2,cenario1_tempo_fixo/310s_20percent,17,1,SIMILARITY_HIGH,1,INCLUDE_IN_CLUSTER,98.9775
rl2,cenario1_tempo_fixo/310s_20percent,18,0,SIMILARITY_MEDIUM,0,DO_NOT_INCLUDE,0.0
rl2,cenario1_tempo_fixo/310s_20percent,18,0,SIMILARITY_MEDIUM,1,INCLUDE_IN_CLUSTER,0.0
rl2,cenario1_tempo_fixo/310s_20percent,18,1,SIMILARITY_HIGH,0,DO_NOT_INCLUDE,71.0983
rl2,cenario1_tempo_fixo/310s_20percent,18,1,SIMILARITY_HIGH,1,INCLUDE_IN_CLUSTER,99.2587
rl2,cenario1_tempo_fixo/310s_20percent,19,0,SIMILARITY_MEDIUM,0,DO_NOT_INCLUDE,0.0
rl2,cenario1_tempo_fixo/310s_20percent,19,0,SIMILARITY_MEDIUM,1,INCLUDE_IN_CLUSTER,0.0
rl2,cenario1_tempo_fixo/310s_20percent,19,1,SIMILARITY_HIGH,0,DO_NOT_INCLUDE,73.6185
rl2,cenario1_tempo_fixo/310s_20percent,19,1,SIMILARITY_HIGH,1,INCLUDE_IN_CLUSTER,99.4405
rl2,cenario1_tempo_fixo/310s_20percent,20,0,SIMILARITY_MEDIUM,0,DO_NOT_INCLUDE,0.0
rl2,cenario1_tempo_fixo/310s_20percent,20,0,SIMILARITY_MEDIUM,1,INCLUDE_IN_CLUSTER,0.0
rl2,cenario1_tempo_fixo/310s_20percent,20,1,SIMILARITY_HIGH,0,DO_NOT_INCLUDE,73.6185
rl2,cenario1_tempo_fixo/310s_20percent,20,1,SIMILARITY_HIGH,1,INCLUDE_IN_CLUSTER,99.547
rl2,cenario1_tempo_fixo/310s_20percent,21,0,SIMILARITY_MEDIUM,0,DO_NOT_INCLUDE,0.0
rl2,cenario1_tempo_fixo/310s_20percent,21,0,SIMILARITY_MEDIUM,1,INCLUDE_IN_CLUSTER,0.0
rl2,cenario1_tempo_fixo/310s_20percent,21,1,SIMILARITY_HIGH,0,DO_NOT_INCLUDE,74.7233
rl2,cenario1_tempo_fixo/310s_20percent,21,1,SIMILARITY_HIGH,1,INCLUDE_IN_CLUSTER,99.6476
rl2,cenario1_tempo_fixo/310s_20percent,22,0,SIMILARITY_MEDIUM,0,DO_NOT_INCLUDE,0.0
rl2,cenario1_tempo_fixo/310s_20percent,22,0,SIMILARITY_MEDIUM,1,INCLUDE_IN_CLUSTER,0.0
rl2,cenario1_tempo_fixo/310s_20percent,22,1,SIMILARITY_HIGH,0,DO_NOT_INCLUDE,75.7214
rl2,cenario1_tempo_fixo/310s_20percent,22,1,SIMILARITY_HIGH,1,INCLUDE_IN_CLUSTER,99.7259
rl2,cenario1_tempo_fixo/310s_20percent,23,0,SIMILARITY_MEDIUM,0,DO_NOT_INCLUDE,0.0
rl2,cenario1_tempo_fixo/310s_20percent,23,0,SIMILARITY_MEDIUM,1,INCLUDE_IN_CLUSTER,0.0
rl2,cenario1_tempo_fixo/310s_20percent,23,1,SIMILARITY_HIGH,0,DO_NOT_INCLUDE,78.1871
rl2,cenario1_tempo_fixo/310s_20percent,23,1,SIMILARITY_HIGH,1,INCLUDE_IN_CLUSTER,99.8588
rl2,cenario1_tempo_fixo/310s_20percent,24,0,SIMILARITY_MEDIUM,0,DO_NOT_INCLUDE,0.0
rl2,cenario1_tempo_fixo/310s_20percent,24,0,SIMILARITY_MEDIUM,1,INCLUDE_IN_CLUSTER,0.0
rl2,cenario1_tempo_fixo/310s_20percent,24,1,SIMILARITY_HIGH,0,DO_NOT_INCLUDE,78.8575
rl2,cenario1_tempo_fixo/310s_20percent,24,1,SIMILARITY_HIGH,1,INCLUDE_IN_CLUSTER,99.8822
rl2,cenario1_tempo_fixo/310s_20percent,25,0,SIMILARITY_MEDIUM,0,DO_NOT_INCLUDE,0.0
rl2,cenario1_tempo_fixo/310s_20percent,25,0,SIMILARITY_MEDIUM,1,INCLUDE_IN_CLUSTER,0.0
rl2,cenario1_tempo_fixo/310s_20percent,25,1,SIMILARITY_HIGH,0,DO_NOT_INCLUDE,78.8575
rl2,cenario1_tempo_fixo/310s_20percent,25,1,SIMILARITY_HIGH,1,INCLUDE_IN_CLUSTER,99.8966
rl2,cenario1_tempo_fixo/310s_20percent,26,0,SIMILARITY_MEDIUM,0,DO_NOT_INCLUDE,0.0
rl2,cenario1_tempo_fixo/310s_20percent,26,0,SIMILARITY_MEDIUM,1,INCLUDE_IN_CLUSTER,0.0
rl2,cenario1_tempo_fixo/310s_20percent,26,1,SIMILARITY_HIGH,0,DO_NOT_INCLUDE,78.8575
rl2,cenario1_tempo_fixo/310s_20percent,26,1,SIMILARITY_HIGH,1,INCLUDE_IN_CLUSTER,99.9128
rl2,cenario1_tempo_fixo/310s_20percent,27,0,SIMILARITY_MEDIUM,0,DO_NOT_INCLUDE,0.0
rl2,cenario1_tempo_fixo/310s_20percent,27,0,SIMILARITY_MEDIUM,1,INCLUDE_IN_CLUSTER,0.0
rl2,cenario1_tempo_fixo/310s_20percent,27,1,SIMILARITY_HIGH,0,DO_NOT_INCLUDE,79.4649
rl2,cenario1_tempo_fixo/310s_20percent,27,1,SIMILARITY_HIGH,1,INCLUDE_IN_CLUSTER,99.9308
rl2,cenario1_tempo_fixo/310s_20percent,28,0,SIMILARITY_MEDIUM,0,DO_NOT_INCLUDE,0.0
rl2,cenario1_tempo_fixo/310s_20percent,28,0,SIMILARITY_MEDIUM,1,INCLUDE_IN_CLUSTER,0.0
rl2,cenario1_tempo_fixo/310s_20percent,28,1,SIMILARITY_HIGH,0,DO_NOT_INCLUDE,80.5058
rl2,cenario1_tempo_fixo/310s_20percent,28,1,SIMILARITY_HIGH,1,INCLUDE_IN_CLUSTER,99.9483
rl2,cenario1_tempo_fixo/310s_20percent,29,0,SIMILARITY_MEDIUM,0,DO_NOT_INCLUDE,0.0
rl2,cenario1_tempo_fixo/310s_20percent,29,0,SIMILARITY_MEDIUM,1,INCLUDE_IN_CLUSTER,0.0
rl2,cenario1_tempo_fixo/310s_20percent,29,1,SIMILARITY_HIGH,0,DO_NOT_INCLUDE,81.3528
rl2,cenario1_tempo_fixo/310s_20percent,29,1,SIMILARITY_HIGH,1,INCLUDE_IN_CLUSTER,99.9625
rl2,cenario1_tempo_fixo/310s_20percent,30,0,SIMILARITY_MEDIUM,0,DO_NOT_INCLUDE,0.0
rl2,cenario1_tempo_fixo/310s_20percent,30,0,SIMILARITY_MEDIUM,1,INCLUDE_IN_CLUSTER,0.0
rl2,cenario1_tempo_fixo/310s_20percent,30,1,SIMILARITY_HIGH,0,DO_NOT_INCLUDE,81.7141
rl2,cenario1_tempo_fixo/310s_20percent,30,1,SIMILARITY_HIGH,1,INCLUDE_IN_CLUSTER,99.9647
rl2,cenario1_tempo_fixo/310s_20percent,31,0,SIMILARITY_MEDIUM,0,DO_NOT_INCLUDE,0.0
rl2,cenario1_tempo_fixo/310s_20percent,31,0,SIMILARITY_MEDIUM,1,INCLUDE_IN_CLUSTER,0.0
rl2,cenario1_tempo_fixo/310s_20percent,31,1,SIMILARITY_HIGH,0,DO_NOT_INCLUDE,82.8345
rl2,cenario1_tempo_fixo/310s_20percent,31,1,SIMILARITY_HIGH,1,INCLUDE_IN_CLUSTER,99.9795
rl2,cenario1_tempo_fixo/310s_20percent,32,0,SIMILARITY_MEDIUM,0,DO_NOT_INCLUDE,0.0
rl2,cenario1_tempo_fixo/310s_20percent,32,0,SIMILARITY_MEDIUM,1,INCLUDE_IN_CLUSTER,0.0
rl2,cenario1_tempo_fixo/310s_20percent,32,1,SIMILARITY_HIGH,0,DO_NOT_INCLUDE,83.5739
rl2,cenario1_tempo_fixo/310s_20percent,32,1,SIMILARITY_HIGH,1,INCLUDE_IN_CLUSTER,99.9847
rl2,cenario1_tempo_fixo/310s_20percent,33,0,SIMILARITY_MEDIUM,0,DO_NOT_INCLUDE,0.0
rl2,cenario1_tempo_fixo/310s_20percent,33,0,SIMILARITY_MEDIUM,1,INCLUDE_IN_CLUSTER,0.0
rl2,cenario1_tempo_fixo/310s_20percent,33,1,SIMILARITY_HIGH,0,DO_NOT_INCLUDE,83.7152
rl2,cenario1_tempo_fixo/310s_20percent,33,1,SIMILARITY_HIGH,1,INCLUDE_IN_CLUSTER,99.9874
rl2,cenario1_tempo_fixo/310s_20percent,34,0,SIMILARITY_MEDIUM,0,DO_NOT_INCLUDE,0.0
rl2,cenario1_tempo_fixo/310s_20percent,34,0,SIMILARITY_MEDIUM,1,INCLUDE_IN_CLUSTER,0.0
rl2,cenario1_tempo_fixo/310s_20percent,34,1,SIMILARITY_HIGH,0,DO_NOT_INCLUDE,84.0609
rl2,cenario1_tempo_fixo/310s_20percent,34,1,SIMILARITY_HIGH,1,INCLUDE_IN_CLUSTER,99.9914
rl2,cenario1_tempo_fixo/310s_20percent,35,0,SIMILARITY_MEDIUM,0,DO_NOT_INCLUDE,0.0
rl2,cenario1_tempo_fixo/310s_20percent,35,0,SIMILARITY_MEDIUM,1,INCLUDE_IN_CLUSTER,0.0
rl2,cenario1_tempo_fixo/310s_20percent,35,1,SIMILARITY_HIGH,0,DO_NOT_INCLUDE,84.2379
rl2,cenario1_tempo_fixo/310s_20percent,35,1,SIMILARITY_HIGH,1,INCLUDE_IN_CLUSTER,99.9928
rl2,cenario1_tempo_fixo/310s_30percent,1,0,SIMILARITY_MEDIUM,0,DO_NOT_INCLUDE,0.0
rl2,cenario1_tempo_fixo/310s_30percent,1,0,SIMILARITY_MEDIUM,1,INCLUDE_IN_CLUSTER,0.0
rl2,cenario1_tempo_fixo/310s_30percent,1,1,SIMILARITY_HIGH,0,DO_NOT_INCLUDE,3.54371
rl2,cenario1_tempo_fixo/310s_30percent,1,1,SIMILARITY_HIGH,1,INCLUDE_IN_CLUSTER,44.1734
rl2,cenario1_tempo_fixo/310s_30percent,2,0,SIMILARITY_MEDIUM,0,DO_NOT_INCLUDE,0.0
rl2,cenario1_tempo_fixo/310s_30percent,2,0,SIMILARITY_MEDIUM,1,INCLUDE_IN_CLUSTER,0.0
rl2,cenario1_tempo_fixo/310s_30percent,2,1,SIMILARITY_HIGH,0,DO_NOT_INCLUDE,3.54371
rl2,cenario1_tempo_fixo/310s_30percent,2,1,SIMILARITY_HIGH,1,INCLUDE_IN_CLUSTER,63.027
rl2,cenario1_tempo_fixo/310s_30percent,3,0,SIMILARITY_MEDIUM,0,DO_NOT_INCLUDE,0.0
rl2,cenario1_tempo_fixo/310s_30percent,3,0,SIMILARITY_MEDIUM,1,INCLUDE_IN_CLUSTER,0.0
rl2,cenario1_tempo_fixo/310s_30percent,3,1,SIMILARITY_HIGH,0,DO_NOT_INCLUDE,9.22793
rl2,cenario1_tempo_fixo/310s_30percent,3,1,SIMILARITY_HIGH,1,INCLUDE_IN_CLUSTER,72.6511
rl2,cenario1_tempo_fixo/310s_30percent,4,0,SIMILARITY_MEDIUM,0,DO_NOT_INCLUDE,0.0
rl2,cenario1_tempo_fixo/310s_30percent,4,0,SIMILARITY_MEDIUM,1,INCLUDE_IN_CLUSTER,0.0
rl2,cenario1_tempo_fixo/310s_30percent,4,1,SIMILARITY_HIGH,0,DO_NOT_INCLUDE,19.6415
rl2,cenario1_tempo_fixo/310s_30percent,4,1,SIMILARITY_HIGH,1,INCLUDE_IN_CLUSTER,79.5657
rl2,cenario1_tempo_fixo/310s_30percent,5,0,SIMILARITY_MEDIUM,0,DO_NOT_INCLUDE,0.0
rl2,cenario1_tempo_fixo/310s_30percent,5,0,SIMILARITY_MEDIUM,1,INCLUDE_IN_CLUSTER,0.0
rl2,cenario1_tempo_fixo/310s_30percent,5,1,SIMILARITY_HIGH,0,DO_NOT_INCLUDE,37.0829
rl2,cenario1_tempo_fixo/310s_30percent,5,1,SIMILARITY_HIGH,1,INCLUDE_IN_CLUSTER,87.6371
rl2,cenario1_tempo_fixo/310s_30percent,6,0,SIMILARITY_MEDIUM,0,DO_NOT_INCLUDE,0.0
rl2,cenario1_tempo_fixo/310s_30percent,6,0,SIMILARITY_MEDIUM,1,INCLUDE_IN_CLUSTER,0.0
rl2,cenario1_tempo_fixo/310s_30percent,6,1,SIMILARITY_HIGH,0,DO_NOT_INCLUDE,53.143
rl2,cenario1_tempo_fixo/310s_30percent,6,1,SIMILARITY_HIGH,1,INCLUDE_IN_CLUSTER,91.1268
rl2,cenario1_tempo_fixo/310s_30percent,7,0,SIMILARITY_MEDIUM,0,DO_NOT_INCLUDE,0.0
rl2,cenario1_tempo_fixo/310s_30percent,7,0,SIMILARITY_MEDIUM,1,INCLUDE_IN_CLUSTER,0.0
rl2,cenario1_tempo_fixo/310s_30percent,7,1,SIMILARITY_HIGH,0,DO_NOT_INCLUDE,58.1604
rl2,cenario1_tempo_fixo/310s_30percent,7,1,SIMILARITY_HIGH,1,INCLUDE_IN_CLUSTER,94.5774
rl2,cenario1_tempo_fixo/310s_30percent,8,0,SIMILARITY_MEDIUM,0,DO_NOT_INCLUDE,0.0
rl2,cenario1_tempo_fixo/310s_30percent,8,0,SIMILARITY_MEDIUM,1,INCLUDE_IN_CLUSTER,0.0
rl2,cenario1_tempo_fixo/310s_30percent,8,1,SIMILARITY_HIGH,0,DO_NOT_INCLUDE,64.4749
rl2,cenario1_tempo_fixo/310s_30percent,8,1,SIMILARITY_HIGH,1,INCLUDE_IN_CLUSTER,96.5502
rl2,cenario1_tempo_fixo/310s_30percent,9,0,SIMILARITY_MEDIUM,0,DO_NOT_INCLUDE,0.0
rl2,cenario1_tempo_fixo/310s_30percent,9,0,SIMILARITY_MEDIUM,1,INCLUDE_IN_CLUSTER,0.0
rl2,cenario1_tempo_fixo/310s_30percent,9,1,SIMILARITY_HIGH,0,DO_NOT_INCLUDE,66.2231
rl2,cenario1_tempo_fixo/310s_30percent,9,1,SIMILARITY_HIGH,1,INCLUDE_IN_CLUSTER,97.4224
rl2,cenario1_tempo_fixo/310s_30percent,10,0,SIMILARITY_MEDIUM,0,DO_NOT_INCLUDE,0.0
rl2,cenario1_tempo_fixo/310s_30percent,10,0,SIMILARITY_MEDIUM,1,INCLUDE_IN_CLUSTER,0.0
rl2,cenario1_tempo_fixo/310s_30percent,10,1,SIMILARITY_HIGH,0,DO_NOT_INCLUDE,69.3925
rl2,cenario1_tempo_fixo/310s_30percent,10,1,SIMILARITY_HIGH,1,INCLUDE_IN_CLUSTER,98.3928
rl2,cenario1_tempo_fixo/310s_30percent,11,0,SIMILARITY_MEDIUM,0,DO_NOT_INCLUDE,0.0
rl2,cenario1_tempo_fixo/310s_30percent,11,0,SIMILARITY_MEDIUM,1,INCLUDE_IN_CLUSTER,0.0
rl2,cenario1_tempo_fixo/310s_30percent,11,1,SIMILARITY_HIGH,0,DO_NOT_INCLUDE,70.8452
rl2,cenario1_tempo_fixo/310s_30percent,11,1,SIMILARITY_HIGH,1,INCLUDE_IN_CLUSTER,98.9568
rl2,cenario1_tempo_fixo/310s_30percent,12,0,SIMILARITY_MEDIUM,0,DO_NOT_INCLUDE,0.0
rl2,cenario1_tempo_fixo/310s_30percent,12,0,SIMILARITY_MEDIUM,1,INCLUDE_IN_CLUSTER,0.0
rl2,cenario1_tempo_fixo/310s_30percent,12,1,SIMILARITY_HIGH,0,DO_NOT_INCLUDE,70.8452
rl2,cenario1_tempo_fixo/310s_30percent,12,1,SIMILARITY_HIGH,1,INCLUDE_IN_CLUSTER,99.2127
rl2,cenario1_tempo_fixo/310s_30percent,13,0,SIMILARITY_MEDIUM,0,DO_NOT_INCLUDE,0.0
rl2,cenario1_tempo_fixo/310s_30percent,13,0,SIMILARITY_MEDIUM,1,INCLUDE_IN_CLUSTER,0.0
rl2,cenario1_tempo_fixo/310s_30percent,13,1,SIMILARITY_HIGH,0,DO_NOT_INCLUDE,72.1966
rl2,cenario1_tempo_fixo/310s_30percent,13,1,SIMILARITY_HIGH,1,INCLUDE_IN_CLUSTER,99.288
rl2,cenario1_tempo_fixo/310s_30percent,14,0,SIMILARITY_MEDIUM,0,DO_NOT_INCLUDE,0.0
rl2,cenario1_tempo_fixo/310s_30percent,14,0,SIMILARITY_MEDIUM,1,INCLUDE_IN_CLUSTER,0.0
rl2,cenario1_tempo_fixo/310s_30percent,14,1,SIMILARITY_HIGH,0,DO_NOT_INCLUDE,74.5499
rl2,cenario1_tempo_fixo/310s_30percent,14,1,SIMILARITY_HIGH,1,INCLUDE_IN_CLUSTER,99.582
rl2,cenario1_tempo_fixo/310s_30percent,15,0,SIMILARITY_MEDIUM,0,DO_NOT_INCLUDE,0.0
rl2,cenario1_tempo_fixo/310s_30percent,15,0,SIMILARITY_MEDIUM,1,INCLUDE_IN_CLUSTER,0.0
rl2,cenario1_tempo_fixo/310s_30percent,15,1,SIMILARITY_HIGH,0,DO_NOT_INCLUDE,75.5665
rl2,cenario1_tempo_fixo/310s_30percent,15,1,SIMILARITY_HIGH,1,INCLUDE_IN_CLUSTER,99.7204
rl2,cenario1_tempo_fixo/310s_30percent,16,0,SIMILARITY_MEDIUM,0,DO_NOT_INCLUDE,0.0
rl2,cenario1_tempo_fixo/310s_30percent,16,0,SIMILARITY_MEDIUM,1,INCLUDE_IN_CLUSTER,0.0
rl2,cenario1_tempo_fixo/310s_30percent,16,1,SIMILARITY_HIGH,0,DO_NOT_INCLUDE,76.491
rl2,cenario1_tempo_fixo/310s_30percent,16,1,SIMILARITY_HIGH,1,INCLUDE_IN_CLUSTER,99.8092
rl2,cenario1_tempo_fixo/310s_30percent,17,0,SIMILARITY_MEDIUM,0,DO_NOT_INCLUDE,0.0
rl2,cenario1_tempo_fixo/310s_30percent,17,0,SIMILARITY_MEDIUM,1,INCLUDE_IN_CLUSTER,0.0
rl2,cenario1_tempo_fixo/310s_30percent,17,1,SIMILARITY_HIGH,0,DO_NOT_INCLUDE,79.3735
rl2,cenario1_tempo_fixo/310s_30percent,17,1,SIMILARITY_HIGH,1,INCLUDE_IN_CLUSTER,99.8913
rl2,cenario1_tempo_fixo/310s_30percent,18,0,SIMILARITY_MEDIUM,0,DO_NOT_INCLUDE,0.0
rl2,cenario1_tempo_fixo/310s_30percent,18,0,SIMILARITY_MEDIUM,1,INCLUDE_IN_CLUSTER,0.0
rl2,cenario1_tempo_fixo/310s_30percent,18,1,SIMILARITY_HIGH,0,DO_NOT_INCLUDE,79.9283
rl2,cenario1_tempo_fixo/310s_30percent,18,1,SIMILARITY_HIGH,1,INCLUDE_IN_CLUSTER,99.918
rl2,cenario1_tempo_fixo/310s_30percent,19,0,SIMILARITY_MEDIUM,0,DO_NOT_INCLUDE,0.0
rl2,cenario1_tempo_fixo/310s_30percent,19,0,SIMILARITY_MEDIUM,1,INCLUDE_IN_CLUSTER,0.0
rl2,cenario1_tempo_fixo/310s_30percent,19,1,SIMILARITY_HIGH,0,DO_NOT_INCLUDE,80.8802
rl2,cenario1_tempo_fixo/310s_30percent,19,1,SIMILARITY_HIGH,1,INCLUDE_IN_CLUSTER,99.9462
rl2,cenario1_tempo_fixo/310s_30percent,20,0,SIMILARITY_MEDIUM,0,DO_NOT_INCLUDE,0.0
rl2,cenario1_tempo_fixo/310s_30percent,20,0,SIMILARITY_MEDIUM,1,INCLUDE_IN_CLUSTER,0.0
rl2,cenario1_tempo_fixo/310s_30percent,20,1,SIMILARITY_HIGH,0,DO_NOT_INCLUDE,81.2875
rl2,cenario1_tempo_fixo/310s_30percent,20,1,SIMILARITY_HIGH,1,INCLUDE_IN_CLUSTER,99.9528
rl2,cenario1_tempo_fixo/310s_30percent,21,0,SIMILARITY_MEDIUM,0,DO_NOT_INCLUDE,0.0
rl2,cenario1_tempo_fixo/310s_30percent,21,0,SIMILARITY_MEDIUM,1,INCLUDE_IN_CLUSTER,0.0
rl2,cenario1_tempo_fixo/310s_30percent,21,1,SIMILARITY_HIGH,0,DO_NOT_INCLUDE,82.5521
rl2,cenario1_tempo_fixo/310s_30percent,21,1,SIMILARITY_HIGH,1,INCLUDE_IN_CLUSTER,99.9681
rl2,cenario1_tempo_fixo/310s_30percent,22,0,SIMILARITY_MEDIUM,0,DO_NOT_INCLUDE,0.0
rl2,cenario1_tempo_fixo/310s_30percent,22,0,SIMILARITY_MEDIUM,1,INCLUDE_IN_CLUSTER,0.0
rl2,cenario1_tempo_fixo/310s_30percent,22,1,SIMILARITY_HIGH,0,DO_NOT_INCLUDE,82.5521
rl2,cenario1_tempo_fixo/310s_30percent,22,1,SIMILARITY_HIGH,1,INCLUDE_IN_CLUSTER,99.9769
rl2,cenario1_tempo_fixo/310s_30percent,23,0,SIMILARITY_MEDIUM,0,DO_NOT_INCLUDE,0.0
rl2,cenario1_tempo_fixo/310s_30percent,23,0,SIMILARITY_MEDIUM,1,INCLUDE_IN_CLUSTER,0.0
rl2,cenario1_tempo_fixo/310s_30percent,23,1,SIMILARITY_HIGH,0,DO_NOT_INCLUDE,83.2116
rl2,cenario1_tempo_fixo/310s_30percent,23,1,SIMILARITY_HIGH,1,INCLUDE_IN_CLUSTER,99.9867
rl2,cenario1_tempo_fixo/310s_30percent,24,0,SIMILARITY_MEDIUM,0,DO_NOT_INCLUDE,0.0
rl2,cenario1_tempo_fixo/310s_30percent,24,0,SIMILARITY_MEDIUM,1,INCLUDE_IN_CLUSTER,0.0
rl2,cenario1_tempo_fixo/310s_30percent,24,1,SIMILARITY_HIGH,0,DO_NOT_INCLUDE,83.9402
rl2,cenario1_tempo_fixo/310s_30percent,24,1,SIMILARITY_HIGH,1,INCLUDE_IN_CLUSTER,99.9919
rl2,cenario1_tempo_fixo/310s_30percent,25,0,SIMILARITY_MEDIUM,0,DO_NOT_INCLUDE,0.0
rl2,cenario1_tempo_fixo/310s_30percent,25,0,SIMILARITY_MEDIUM,1,INCLUDE_IN_CLUSTER,0.0
rl2,cenario1_tempo_fixo/310s_30percent,25,1,SIMILARITY_HIGH,0,DO_NOT_INCLUDE,84.3026
rl2,cenario1_tempo_fixo/310s_30percent,25,1,SIMILARITY_HIGH,1,INCLUDE_IN_CLUSTER,99.994
rl2,cenario1_tempo_fixo/310s_30percent,26,0,SIMILARITY_MEDIUM,0,DO_NOT_INCLUDE,0.0
rl2,cenario1_tempo_fixo/310s_30percent,26,0,SIMILARITY_MEDIUM,1,INCLUDE_IN_CLUSTER,0.0
rl2,cenario1_tempo_fixo/310s_30percent,26,1,SIMILARITY_HIGH,0,DO_NOT_INCLUDE,84.3026
rl2,cenario1_tempo_fixo/310s_30percent,26,1,SIMILARITY_HIGH,1,INCLUDE_IN_CLUSTER,99.9955
rl2,cenario1_tempo_fixo/310s_30percent,27,0,SIMILARITY_MEDIUM,0,DO_NOT_INCLUDE,0.0
rl2,cenario1_tempo_fixo/310s_30percent,27,0,SIMILARITY_MEDIUM,1,INCLUDE_IN_CLUSTER,0.0
rl2,cenario1_tempo_fixo/310s_30percent,27,1,SIMILARITY_HIGH,0,DO_NOT_INCLUDE,84.4345
rl2,cenario1_tempo_fixo/310s_30percent,27,1,SIMILARITY_HIGH,1,INCLUDE_IN_CLUSTER,99.9968
rl2,cenario1_tempo_fixo/310s_30percent,28,0,SIMILARITY_MEDIUM,0,DO_NOT_INCLUDE,0.0
rl2,cenario1_tempo_fixo/310s_30percent,28,0,SIMILARITY_MEDIUM,1,INCLUDE_IN_CLUSTER,0.0
rl2,cenario1_tempo_fixo/310s_30percent,28,1,SIMILARITY_HIGH,0,DO_NOT_INCLUDE,84.5415
rl2,cenario1_tempo_fixo/310s_30percent,28,1,SIMILARITY_HIGH,1,INCLUDE_IN_CLUSTER,99.9974
rl2,cenario1_tempo_fixo/310s_30percent,29,0,SIMILARITY_MEDIUM,0,DO_NOT_INCLUDE,0.0
rl2,cenario1_tempo_fixo/310s_30percent,29,0,SIMILARITY_MEDIUM,1,INCLUDE_IN_CLUSTER,0.0
rl2,cenario1_tempo_fixo/310s_30percent,29,1,SIMILARITY_HIGH,0,DO_NOT_INCLUDE,84.6652
rl2,cenario1_tempo_fixo/310s_30percent,29,1,SIMILARITY_HIGH,1,INCLUDE_IN_CLUSTER,99.9981
rl2,cenario1_tempo_fixo/310s_30percent,30,0,SIMILARITY_MEDIUM,0,DO_NOT_INCLUDE,0.0
rl2,cenario1_tempo_fixo/310s_30percent,30,0,SIMILARITY_MEDIUM,1,INCLUDE_IN_CLUSTER,0.0
rl2,cenario1_tempo_fixo/310s_30percent,30,1,SIMILARITY_HIGH,0,DO_NOT_INCLUDE,84.7555
rl2,cenario1_tempo_fixo/310s_30percent,30,1,SIMILARITY_HIGH,1,INCLUDE_IN_CLUSTER,99.9987
rl2,cenario1_tempo_fixo/310s_30percent,31,0,SIMILARITY_MEDIUM,0,DO_NOT_INCLUDE,0.0
rl2,cenario1_tempo_fixo/310s_30percent,31,0,SIMILARITY_MEDIUM,1,INCLUDE_IN_CLUSTER,0.0
rl2,cenario1_tempo_fixo/310s_30percent,31,1,SIMILARITY_HIGH,0,DO_NOT_INCLUDE,84.8018
rl2,cenario1_tempo_fixo/310s_30percent,31,1,SIMILARITY_HIGH,1,INCLUDE_IN_CLUSTER,99.9991
rl2,cenario1_tempo_fixo/310s_30percent,32,0,SIMILARITY_MEDIUM,0,DO_NOT_INCLUDE,0.0
rl2,cenario1_tempo_fixo/310s_30percent,32,0,SIMILARITY_MEDIUM,1,INCLUDE_IN_CLUSTER,0.0
rl2,cenario1_tempo_fixo/310s_30percent,32,1,SIMILARITY_HIGH,0,DO_NOT_INCLUDE,84.8215
rl2,cenario1_tempo_fixo/310s_30percent,32,1,SIMILARITY_HIGH,1,INCLUDE_IN_CLUSTER,99.9993
rl2,cenario1_tempo_fixo/310s_30percent,33,0,SIMILARITY_MEDIUM,0,DO_NOT_INCLUDE,0.0
rl2,cenario1_tempo_fixo/310s_30percent,33,0,SIMILARITY_MEDIUM,1,INCLUDE_IN_CLUSTER,0.0
rl2,cenario1_tempo_fixo/310s_30percent,33,1,SIMILARITY_HIGH,0,DO_NOT_INCLUDE,84.8553
rl2,cenario1_tempo_fixo/310s_30percent,33,1,SIMILARITY_HIGH,1,INCLUDE_IN_CLUSTER,99.9995
rl2,cenario1_tempo_fixo/310s_30percent,34,0,SIMILARITY_MEDIUM,0,DO_NOT_INCLUDE,0.0
rl2,cenario1_tempo_fixo/310s_30percent,34,0,SIMILARITY_MEDIUM,1,INCLUDE_IN_CLUSTER,0.0
rl2,cenario1_tempo_fixo/310s_30percent,34,1,SIMILARITY_HIGH,0,DO_NOT_INCLUDE,84.8827
rl2,cenario1_tempo_fixo/310s_30percent,34,1,SIMILARITY_HIGH,1,INCLUDE_IN_CLUSTER,99.9997
rl2,cenario1_tempo_fixo/310s_30percent,35,0,SIMILARITY_MEDIUM,0,DO_NOT_INCLUDE,0.0
rl2,cenario1_tempo_fixo/310s_30percent,35,0,SIMILARITY_MEDIUM,1,INCLUDE_IN_CLUSTER,0.0
rl2,cenario1_tempo_fixo/310s_30percent,35,1,SIMILARITY_HIGH,0,DO_NOT_INCLUDE,84.8827
rl2,cenario1_tempo_fixo/310s_30percent,35,1,SIMILARITY_HIGH,1,INCLUDE_IN_CLUSTER,99.9998
rl2,cenario2_tempo_aleatorio/180-600s_10percent,1,0,SIMILARITY_MEDIUM,0,DO_NOT_INCLUDE,0.0
rl2,cenario2_tempo_aleatorio/180-600s_10percent,1,0,SIMILARITY_MEDIUM,1,INCLUDE_IN_CLUSTER,0.0
rl2,cenario2_tempo_aleatorio/180-600s_10percent,1,1,SIMILARITY_HIGH,0,DO_NOT_INCLUDE,1.21245
rl2,cenario2_tempo_aleatorio/180-600s_10percent,1,1,SIMILARITY_HIGH,1,INCLUDE_IN_CLUSTER,21.4322
rl2,cenario2_tempo_aleatorio/180-600s_10percent,2,0,SIMILARITY_MEDIUM,0,DO_NOT_INCLUDE,0.0
rl2,cenario2_tempo_aleatorio/180-600s_10percent,2,0,SIMILARITY_MEDIUM,1,INCLUDE_IN_CLUSTER,0.0
rl2,cenario2_tempo_aleatorio/180-600s_10percent,2,1,SIMILARITY_HIGH,0,DO_NOT_INCLUDE,5.0547
rl2,cenario2_tempo_aleatorio/180-600s_10percent,2,1,SIMILARITY_HIGH,1,INCLUDE_IN_CLUSTER,31.0551
rl2,cenario2_tempo_aleatorio/180-600s_10percent,3,0,SIMILARITY_MEDIUM,0,DO_NOT_INCLUDE,0.0
rl2,cenario2_tempo_aleatorio/180-600s_10percent,3,0,SIMILARITY_MEDIUM,1,INCLUDE_IN_CLUSTER,0.0
rl2,cenario2_tempo_aleatorio/180-600s_10percent,3,1,SIMILARITY_HIGH,0,DO_NOT_INCLUDE,5.0547
rl2,cenario2_tempo_aleatorio/180-600s_10percent,3,1,SIMILARITY_HIGH,1,INCLUDE_IN_CLUSTER,46.9095
rl2,cenario2_tempo_aleatorio/180-600s_10percent,4,0,SIMILARITY_MEDIUM,0,DO_NOT_INCLUDE,0.0
rl2,cenario2_tempo_aleatorio/180-600s_10percent,4,0,SIMILARITY_MEDIUM,1,INCLUDE_IN_CLUSTER,0.0
rl2,cenario2_tempo_aleatorio/180-600s_10percent,4,1,SIMILARITY_HIGH,0,DO_NOT_INCLUDE,9.21892
rl2,cenario2_tempo_aleatorio/180-600s_10percent,4,1,SIMILARITY_HIGH,1,INCLUDE_IN_CLUSTER,60.7289
rl2,cenario2_tempo_aleatorio/180-600s_10percent,5,0,SIMILARITY_MEDIUM,0,DO_NOT_INCLUDE,0.0
rl2,cenario2_tempo_aleatorio/180-600s_10percent,5,0,SIMILARITY_MEDIUM,1,INCLUDE_IN_CLUSTER,0.0
rl2,cenario2_tempo_aleatorio/180-600s_10percent,5,1,SIMILARITY_HIGH,0,DO_NOT_INCLUDE,13.333
rl2,cenario2_tempo_aleatorio/180-600s_10percent,5,1,SIMILARITY_HIGH,1,INCLUDE_IN_CLUSTER,68.2011
rl2,cenario2_tempo_aleatorio/180-600s_10percent,6,0,SIMILARITY_MEDIUM,0,DO_NOT_INCLUDE,0.0
rl2,cenario2_tempo_aleatorio/180-600s_10percent,6,0,SIMILARITY_MEDIUM,1,INCLUDE_IN_CLUSTER,0.0
rl2,cenario2_tempo_aleatorio/180-600s_10percent,6,1,SIMILARITY_HIGH,0,DO_NOT_INCLUDE,13.333
rl2,cenario2_tempo_aleatorio/180-600s_10percent,6,1,SIMILARITY_HIGH,1,INCLUDE_IN_CLUSTER,70.6577
rl2,cenario2_tempo_aleatorio/180-600s_10percent,7,0,SIMILARITY_MEDIUM,0,DO_NOT_INCLUDE,0.0
rl2,cenario2_tempo_aleatorio/180-600s_10percent,7,0,SIMILARITY_MEDIUM,1,INCLUDE_IN_CLUSTER,0.0
rl2,cenario2_tempo_aleatorio/180-600s_10percent,7,1,SIMILARITY_HIGH,0,DO_NOT_INCLUDE,18.2512
rl2,cenario2_tempo_aleatorio/180-600s_10percent,7,1,SIMILARITY_HIGH,1,INCLUDE_IN_CLUSTER,76.0007
rl2,cenario2_tempo_aleatorio/180-600s_10percent,8,0,SIMILARITY_MEDIUM,0,DO_NOT_INCLUDE,0.0
rl2,cenario2_tempo_aleatorio/180-600s_10percent,8,0,SIMILARITY_MEDIUM,1,INCLUDE_IN_CLUSTER,0.0
rl2,cenario2_tempo_aleatorio/180-600s_10percent,8,1,SIMILARITY_HIGH,0,DO_NOT_INCLUDE,34.9047
rl2,cenario2_tempo_aleatorio/180-600s_10percent,8,1,SIMILARITY_HIGH,1,INCLUDE_IN_CLUSTER,81.1443
rl2,cenario2_tempo_aleatorio/180-600s_10percent,9,0,SIMILARITY_MEDIUM,0,DO_NOT_INCLUDE,0.0
rl2,cenario2_tempo_aleatorio/180-600s_10percent,9,0,SIMILARITY_MEDIUM,1,INCLUDE_IN_CLUSTER,0.0
rl2,cenario2_tempo_aleatorio/180-600s_10percent,9,1,SIMILARITY_HIGH,0,DO_NOT_INCLUDE,38.364
rl2,cenario2_tempo_aleatorio/180-600s_10percent,9,1,SIMILARITY_HIGH,1,INCLUDE_IN_CLUSTER,85.6255
rl2,cenario2_tempo_aleatorio/180-600s_10percent,10,0,SIMILARITY_MEDIUM,0,DO_NOT_INCLUDE,0.0
rl2,cenario2_tempo_aleatorio/180-600s_10percent,10,0,SIMILARITY_MEDIUM,1,INCLUDE_IN_CLUSTER,0.0
rl2,cenario2_tempo_aleatorio/180-600s_10percent,10,1,SIMILARITY_HIGH,0,DO_NOT_INCLUDE,44.9929
rl2,cenario2_tempo_aleatorio/180-600s_10percent,10,1,SIMILARITY_HIGH,1,INCLUDE_IN_CLUSTER,88.0043
rl2,cenario2_tempo_aleatorio/180-600s_10percent,11,0,SIMILARITY_MEDIUM,0,DO_NOT_INCLUDE,0.0
rl2,cenario2_tempo_aleatorio/180-600s_10percent,11,0,SIMILARITY_MEDIUM,1,INCLUDE_IN_CLUSTER,0.0
rl2,cenario2_tempo_aleatorio/180-600s_10percent,11,1,SIMILARITY_HIGH,0,DO_NOT_INCLUDE,53.0675
rl2,cenario2_tempo_aleatorio/180-600s_10percent,11,1,SIMILARITY_HIGH,1,INCLUDE_IN_CLUSTER,90.3839
rl2,cenario2_tempo_aleatorio/180-600s_10percent,12,0,SIMILARITY_MEDIUM,0,DO_NOT_INCLUDE,0.0
rl2,cenario2_tempo_aleatorio/180-600s_10percent,12,0,SIMILARITY_MEDIUM,1,INCLUDE_IN_CLUSTER,0.0
rl2,cenario2_tempo_aleatorio/180-600s_10percent,12,1,SIMILARITY_HIGH,0,DO_NOT_INCLUDE,53.0675
rl2,cenario2_tempo_aleatorio/180-600s_10percent,12,1,SIMILARITY_HIGH,1,INCLUDE_IN_CLUSTER,90.3839
rl2,cenario2_tempo_aleatorio/180-600s_10percent,13,0,SIMILARITY_MEDIUM,0,DO_NOT_INCLUDE,0.0
rl2,cenario2_tempo_aleatorio/180-600s_10percent,13,0,SIMILARITY_MEDIUM,1,INCLUDE_IN_CLUSTER,0.0
rl2,cenario2_tempo_aleatorio/180-600s_10percent,13,1,SIMILARITY_HIGH,0,DO_NOT_INCLUDE,55.4294
rl2,cenario2_tempo_aleatorio/180-600s_10percent,13,1,SIMILARITY_HIGH,1,INCLUDE_IN_CLUSTER,91.2155
rl2,cenario2_tempo_aleatorio/180-600s_10percent,14,0,SIMILARITY_MEDIUM,0,DO_NOT_INCLUDE,0.0
rl2,cenario2_tempo_aleatorio/180-600s_10percent,14,0,SIMILARITY_MEDIUM,1,INCLUDE_IN_CLUSTER,0.0
rl2,cenario2_tempo_aleatorio/180-600s_10percent,14,1,SIMILARITY_HIGH,0,DO_NOT_INCLUDE,55.4294
rl2,cenario2_tempo_aleatorio/180-600s_10percent,14,1,SIMILARITY_HIGH,1,INCLUDE_IN_CLUSTER,92.9581
rl2,cenario2_tempo_aleatorio/180-600s_10percent,15,0,SIMILARITY_MEDIUM,0,DO_NOT_INCLUDE,0.0
rl2,cenario2_tempo_aleatorio/180-600s_10percent,15,0,SIMILARITY_MEDIUM,1,INCLUDE_IN_CLUSTER,0.0
rl2,cenario2_tempo_aleatorio/180-600s_10percent,15,1,SIMILARITY_HIGH,0,DO_NOT_INCLUDE,59.91
rl2,cenario2_tempo_aleatorio/180-600s_10percent,15,1,SIMILARITY_HIGH,1,INCLUDE_IN_CLUSTER,93.8824
rl2,cenario2_tempo_aleatorio/180-600s_10percent,16,0,SIMILARITY_MEDIUM,0,DO_NOT_INCLUDE,0.0
rl2,cenario2_tempo_aleatorio/180-600s_10percent,16,0,SIMILARITY_MEDIUM,1,INCLUDE_IN_CLUSTER,0.0
rl2,cenario2_tempo_aleatorio/180-600s_10percent,16,1,SIMILARITY_HIGH,0,DO_NOT_INCLUDE,59.91
rl2,cenario2_tempo_aleatorio/180-600s_10percent,16,1,SIMILARITY_HIGH,1,INCLUDE_IN_CLUSTER,94.8432
rl2,cenario2_tempo_aleatorio/180-600s_10percent,17,0,SIMILARITY_MEDIUM,0,DO_NOT_INCLUDE,0.0
rl2,cenario2_tempo_aleatorio/180-600s_10percent,17,0,SIMILARITY_MEDIUM,1,INCLUDE_IN_CLUSTER,0.0
rl2,cenario2_tempo_aleatorio/180-600s_10percent,17,1,SIMILARITY_HIGH,0,DO_NOT_INCLUDE,59.91
rl2,cenario2_tempo_aleatorio/180-600s_10percent,17,1,SIMILARITY_HIGH,1,INCLUDE_IN_CLUSTER,95.0464
rl2,cenario2_tempo_aleatorio/180-600s_10percent,18,0,SIMILARITY_MEDIUM,0,DO_NOT_INCLUDE,0.0
rl2,cenario2_tempo_aleatorio/180-600s_10percent,18,0,SIMILARITY_MEDIUM,1,INCLUDE_IN_CLUSTER,0.0
rl2,cenario2_tempo_aleatorio/180-600s_10percent,18,1,SIMILARITY_HIGH,0,DO_NOT_INCLUDE,59.91
rl2,cenario2_tempo_aleatorio/180-600s_10percent,18,1,SIMILARITY_HIGH,1,INCLUDE_IN_CLUSTER,95.8662
rl2,cenario2_tempo_aleatorio/180-600s_10percent,19,0,SIMILARITY_MEDIUM,0,DO_NOT_INCLUDE,0.0
rl2,cenario2_tempo_aleatorio/180-600s_10percent,19,0,SIMILARITY_MEDIUM,1,INCLUDE_IN_CLUSTER,0.0
rl2,cenario2_tempo_aleatorio/180-600s_10percent,19,1,SIMILARITY_HIGH,0,DO_NOT_INCLUDE,62.1022
rl2,cenario2_tempo_aleatorio/180-600s_10percent,19,1,SIMILARITY_HIGH,1,INCLUDE_IN_CLUSTER,96.7194
rl2,cenario2_tempo_aleatorio/180-600s_10percent,20,0,SIMILARITY_MEDIUM,0,DO_NOT_INCLUDE,0.0
rl2,cenario2_tempo_aleatorio/180-600s_10percent,20,0,SIMILARITY_MEDIUM,1,INCLUDE_IN_CLUSTER,0.0
rl2,cenario2_tempo_aleatorio/180-600s_10percent,20,1,SIMILARITY_HIGH,0,DO_NOT_INCLUDE,62.1022
rl2,cenario2_tempo_aleatorio/180-600s_10percent,20,1,SIMILARITY_HIGH,1,INCLUDE_IN_CLUSTER,96.9728
rl2,cenario2_tempo_aleatorio/180-600s_10percent,21,0,SIMILARITY_MEDIUM,0,DO_NOT_INCLUDE,0.0
rl2,cenario2_tempo_aleatorio/180-600s_10percent,21,0,SIMILARITY_MEDIUM,1,INCLUDE_IN_CLUSTER,0.0
rl2,cenario2_tempo_aleatorio/180-600s_10percent,21,1,SIMILARITY_HIGH,0,DO_NOT_INCLUDE,64.138
rl2,cenario2_tempo_aleatorio/180-600s_10percent,21,1,SIMILARITY_HIGH,1,INCLUDE_IN_CLUSTER,97.1785
rl2,cenario2_tempo_aleatorio/180-600s_10percent,22,0,SIMILARITY_MEDIUM,0,DO_NOT_INCLUDE,0.0
rl2,cenario2_tempo_aleatorio/180-600s_10percent,22,0,SIMILARITY_MEDIUM,1,INCLUDE_IN_CLUSTER,0.0
rl2,cenario2_tempo_aleatorio/180-600s_10percent,22,1,SIMILARITY_HIGH,0,DO_NOT_INCLUDE,64.138
rl2,cenario2_tempo_aleatorio/180-600s_10percent,22,1,SIMILARITY_HIGH,1,INCLUDE_IN_CLUSTER,97.8273
rl2,cenario2_tempo_aleatorio/180-600s_10percent,23,0,SIMILARITY_MEDIUM,0,DO_NOT_INCLUDE,0.0
rl2,cenario2_tempo_aleatorio/180-600s_10percent,23,0,SIMILARITY_MEDIUM,1,INCLUDE_IN_CLUSTER,0.0
rl2,cenario2_tempo_aleatorio/180-600s_10percent,23,1,SIMILARITY_HIGH,0,DO_NOT_INCLUDE,66.056
rl2,cenario2_tempo_aleatorio/180-600s_10percent,23,1,SIMILARITY_HIGH,1,INCLUDE_IN_CLUSTER,98.2229
rl2,cenario2_tempo_aleatorio/180-600s_10percent,24,0,SIMILARITY_MEDIUM,0,DO_NOT_INCLUDE,0.0
rl2,cenario2_tempo_aleatorio/180-600s_10percent,24,0,SIMILARITY_MEDIUM,1,INCLUDE_IN_CLUSTER,0.0
rl2,cenario2_tempo_aleatorio/180-600s_10percent,24,1,SIMILARITY_HIGH,0,DO_NOT_INCLUDE,67.8101
rl2,cenario2_tempo_aleatorio/180-600s_10percent,24,1,SIMILARITY_HIGH,1,INCLUDE_IN_CLUSTER,98.4716
rl2,cenario2_tempo_aleatorio/180-600s_10percent,25,0,SIMILARITY_MEDIUM,0,DO_NOT_INCLUDE,0.0
rl2,cenario2_tempo_aleatorio/180-600s_10percent,25,0,SIMILARITY_MEDIUM,1,INCLUDE_IN_CLUSTER,0.0
rl2,cenario2_tempo_aleatorio/180-600s_10percent,25,1,SIMILARITY_HIGH,0,DO_NOT_INCLUDE,67.8101
rl2,cenario2_tempo_aleatorio/180-600s_10percent,25,1,SIMILARITY_HIGH,1,INCLUDE_IN_CLUSTER,98.6038
rl2,cenario2_tempo_aleatorio/180-600s_10percent,26,0,SIMILARITY_MEDIUM,0,DO_NOT_INCLUDE,0.0
rl2,cenario2_tempo_aleatorio/180-600s_10percent,26,0,SIMILARITY_MEDIUM,1,INCLUDE_IN_CLUSTER,0.0
rl2,cenario2_tempo_aleatorio/180-600s_10percent,26,1,SIMILARITY_HIGH,0,DO_NOT_INCLUDE,69.4284
rl2,cenario2_tempo_aleatorio/180-600s_10percent,26,1,SIMILARITY_HIGH,1,INCLUDE_IN_CLUSTER,98.9568
rl2,cenario2_tempo_aleatorio/180-600s_10percent,27,0,SIMILARITY_MEDIUM,0,DO_NOT_INCLUDE,0.0
rl2,cenario2_tempo_aleatorio/180-600s_10percent,27,0,SIMILARITY_MEDIUM,1,INCLUDE_IN_CLUSTER,0.0
rl2,cenario2_tempo_aleatorio/180-600s_10percent,27,1,SIMILARITY_HIGH,0,DO_NOT_INCLUDE,73.4336
rl2,cenario2_tempo_aleatorio/180-600s_10percent,27,1,SIMILARITY_HIGH,1,INCLUDE_IN_CLUSTER,99.2127
rl2,cenario2_tempo_aleatorio/180-600s_10percent,28,0,SIMILARITY_MEDIUM,0,DO_NOT_INCLUDE,0.0
rl2,cenario2_tempo_aleatorio/180-600s_10percent,28,0,SIMILARITY_MEDIUM,1,INCLUDE_IN_CLUSTER,0.0
rl2,cenario2_tempo_aleatorio/180-600s_10percent,28,1,SIMILARITY_HIGH,0,DO_NOT_INCLUDE,75.4986
rl2,cenario2_tempo_aleatorio/180-600s_10percent,28,1,SIMILARITY_HIGH,1,INCLUDE_IN_CLUSTER,99.343
rl2,cenario2_tempo_aleatorio/180-600s_10percent,29,0,SIMILARITY_MEDIUM,0,DO_NOT_INCLUDE,0.0
rl2,cenario2_tempo_aleatorio/180-600s_10percent,29,0,SIMILARITY_MEDIUM,1,INCLUDE_IN_CLUSTER,0.0
rl2,cenario2_tempo_aleatorio/180-600s_10percent,29,1,SIMILARITY_HIGH,0,DO_NOT_INCLUDE,76.4041
rl2,cenario2_tempo_aleatorio/180-600s_10percent,29,1,SIMILARITY_HIGH,1,INCLUDE_IN_CLUSTER,99.5091
rl2,cenario2_tempo_aleatorio/180-600s_10percent,30,0,SIMILARITY_MEDIUM,0,DO_NOT_INCLUDE,0.0
rl2,cenario2_tempo_aleatorio/180-600s_10percent,30,0,SIMILARITY_MEDIUM,1,INCLUDE_IN_CLUSTER,0.0
rl2,cenario2_tempo_aleatorio/180-600s_10percent,30,1,SIMILARITY_HIGH,0,DO_NOT_INCLUDE,77.2272
rl2,cenario2_tempo_aleatorio/180-600s_10percent,30,1,SIMILARITY_HIGH,1,INCLUDE_IN_CLUSTER,99.6405
rl2,cenario2_tempo_aleatorio/180-600s_10percent,31,0,SIMILARITY_MEDIUM,0,DO_NOT_INCLUDE,0.0
rl2,cenario2_tempo_aleatorio/180-600s_10percent,31,0,SIMILARITY_MEDIUM,1,INCLUDE_IN_CLUSTER,0.0
rl2,cenario2_tempo_aleatorio/180-600s_10percent,31,1,SIMILARITY_HIGH,0,DO_NOT_INCLUDE,77.9731
rl2,cenario2_tempo_aleatorio/180-600s_10percent,31,1,SIMILARITY_HIGH,1,INCLUDE_IN_CLUSTER,99.6877
rl2,cenario2_tempo_aleatorio/180-600s_10percent,32,0,SIMILARITY_MEDIUM,0,DO_NOT_INCLUDE,0.0
rl2,cenario2_tempo_aleatorio/180-600s_10percent,32,0,SIMILARITY_MEDIUM,1,INCLUDE_IN_CLUSTER,0.0
rl2,cenario2_tempo_aleatorio/180-600s_10percent,32,1,SIMILARITY_HIGH,0,DO_NOT_INCLUDE,78.6511
rl2,cenario2_tempo_aleatorio/180-600s_10percent,32,1,SIMILARITY_HIGH,1,INCLUDE_IN_CLUSTER,99.7546
rl2,cenario2_tempo_aleatorio/180-600s_10percent,33,0,SIMILARITY_MEDIUM,0,DO_NOT_INCLUDE,0.0
rl2,cenario2_tempo_aleatorio/180-600s_10percent,33,0,SIMILARITY_MEDIUM,1,INCLUDE_IN_CLUSTER,0.0
rl2,cenario2_tempo_aleatorio/180-600s_10percent,33,1,SIMILARITY_HIGH,0,DO_NOT_INCLUDE,79.2664
rl2,cenario2_tempo_aleatorio/180-600s_10percent,33,1,SIMILARITY_HIGH,1,INCLUDE_IN_CLUSTER,99.7973
rl2,cenario2_tempo_aleatorio/180-600s_10percent,34,0,SIMILARITY_MEDIUM,0,DO_NOT_INCLUDE,0.0
rl2,cenario2_tempo_aleatorio/180-600s_10percent,34,0,SIMILARITY_MEDIUM,1,INCLUDE_IN_CLUSTER,0.0
rl2,cenario2_tempo_aleatorio/180-600s_10percent,34,1,SIMILARITY_HIGH,0,DO_NOT_INCLUDE,79.2664
rl2,cenario2_tempo_aleatorio/180-600s_10percent,34,1,SIMILARITY_HIGH,1,INCLUDE_IN_CLUSTER,99.8516
rl2,cenario2_tempo_aleatorio/180-600s_10percent,35,0,SIMILARITY_MEDIUM,0,DO_NOT_INCLUDE,0.0
rl2,cenario2_tempo_aleatorio/180-600s_10percent,35,0,SIMILARITY_MEDIUM,1,INCLUDE_IN_CLUSTER,0.0
rl2,cenario2_tempo_aleatorio/180-600s_10percent,35,1,SIMILARITY_HIGH,0,DO_NOT_INCLUDE,79.2664
rl2,cenario2_tempo_aleatorio/180-600s_10percent,35,1,SIMILARITY_HIGH,1,INCLUDE_IN_CLUSTER,99.8644
rl2,cenario2_tempo_aleatorio/180-600s_20percent,1,0,SIMILARITY_MEDIUM,0,DO_NOT_INCLUDE,0.0
rl2,cenario2_tempo_aleatorio/180-600s_20percent,1,0,SIMILARITY_MEDIUM,1,INCLUDE_IN_CLUSTER,0.0
rl2,cenario2_tempo_aleatorio/180-600s_20percent,1,1,SIMILARITY_HIGH,0,DO_NOT_INCLUDE,2.80801
rl2,cenario2_tempo_aleatorio/180-600s_20percent,1,1,SIMILARITY_HIGH,1,INCLUDE_IN_CLUSTER,23.7657
rl2,cenario2_tempo_aleatorio/180-600s_20percent,2,0,SIMILARITY_MEDIUM,0,DO_NOT_INCLUDE,0.0
rl2,cenario2_tempo_aleatorio/180-600s_20percent,2,0,SIMILARITY_MEDIUM,1,INCLUDE_IN_CLUSTER,0.0
rl2,cenario2_tempo_aleatorio/180-600s_20percent,2,1,SIMILARITY_HIGH,0,DO_NOT_INCLUDE,5.85453
rl2,cenario2_tempo_aleatorio/180-600s_20percent,2,1,SIMILARITY_HIGH,1,INCLUDE_IN_CLUSTER,31.0551
rl2,cenario2_tempo_aleatorio/180-600s_20percent,3,0,SIMILARITY_MEDIUM,0,DO_NOT_INCLUDE,0.0
rl2,cenario2_tempo_aleatorio/180-600s_20percent,3,0,SIMILARITY_MEDIUM,1,INCLUDE_IN_CLUSTER,0.0
rl2,cenario2_tempo_aleatorio/180-600s_20percent,3,1,SIMILARITY_HIGH,0,DO_NOT_INCLUDE,5.85453
rl2,cenario2_tempo_aleatorio/180-600s_20percent,3,1,SIMILARITY_HIGH,1,INCLUDE_IN_CLUSTER,45.2843
rl2,cenario2_tempo_aleatorio/180-600s_20percent,4,0,SIMILARITY_MEDIUM,0,DO_NOT_INCLUDE,0.0
rl2,cenario2_tempo_aleatorio/180-600s_20percent,4,0,SIMILARITY_MEDIUM,1,INCLUDE_IN_CLUSTER,0.0
rl2,cenario2_tempo_aleatorio/180-600s_20percent,4,1,SIMILARITY_HIGH,0,DO_NOT_INCLUDE,13.9132
rl2,cenario2_tempo_aleatorio/180-600s_20percent,4,1,SIMILARITY_HIGH,1,INCLUDE_IN_CLUSTER,69.7595
rl2,cenario2_tempo_aleatorio/180-600s_20percent,5,0,SIMILARITY_MEDIUM,0,DO_NOT_INCLUDE,0.0
rl2,cenario2_tempo_aleatorio/180-600s_20percent,5,0,SIMILARITY_MEDIUM,1,INCLUDE_IN_CLUSTER,0.0
rl2,cenario2_tempo_aleatorio/180-600s_20percent,5,1,SIMILARITY_HIGH,0,DO_NOT_INCLUDE,22.978
rl2,cenario2_tempo_aleatorio/180-600s_20percent,5,1,SIMILARITY_HIGH,1,INCLUDE_IN_CLUSTER,80.7614
rl2,cenario2_tempo_aleatorio/180-600s_20percent,6,0,SIMILARITY_MEDIUM,0,DO_NOT_INCLUDE,0.0
rl2,cenario2_tempo_aleatorio/180-600s_20percent,6,0,SIMILARITY_MEDIUM,1,INCLUDE_IN_CLUSTER,0.0
rl2,cenario2_tempo_aleatorio/180-600s_20percent,6,1,SIMILARITY_HIGH,0,DO_NOT_INCLUDE,27.5985
rl2,cenario2_tempo_aleatorio/180-600s_20percent,6,1,SIMILARITY_HIGH,1,INCLUDE_IN_CLUSTER,83.9451
rl2,cenario2_tempo_aleatorio/180-600s_20percent,7,0,SIMILARITY_MEDIUM,0,DO_NOT_INCLUDE,0.0
rl2,cenario2_tempo_aleatorio/180-600s_20percent,7,0,SIMILARITY_MEDIUM,1,INCLUDE_IN_CLUSTER,0.0
rl2,cenario2_tempo_aleatorio/180-600s_20percent,7,1,SIMILARITY_HIGH,0,DO_NOT_INCLUDE,27.5985
rl2,cenario2_tempo_aleatorio/180-600s_20percent,7,1,SIMILARITY_HIGH,1,INCLUDE_IN_CLUSTER,87.386
rl2,cenario2_tempo_aleatorio/180-600s_20percent,8,0,SIMILARITY_MEDIUM,0,DO_NOT_INCLUDE,0.0
rl2,cenario2_tempo_aleatorio/180-600s_20percent,8,0,SIMILARITY_MEDIUM,1,INCLUDE_IN_CLUSTER,0.0
rl2,cenario2_tempo_aleatorio/180-600s_20percent,8,1,SIMILARITY_HIGH,0,DO_NOT_INCLUDE,36.7153
rl2,cenario2_tempo_aleatorio/180-600s_20percent,8,1,SIMILARITY_HIGH,1,INCLUDE_IN_CLUSTER,91.2154
rl2,cenario2_tempo_aleatorio/180-600s_20percent,9,0,SIMILARITY_MEDIUM,0,DO_NOT_INCLUDE,0.0
rl2,cenario2_tempo_aleatorio/180-600s_20percent,9,0,SIMILARITY_MEDIUM,1,INCLUDE_IN_CLUSTER,0.0
rl2,cenario2_tempo_aleatorio/180-600s_20percent,9,1,SIMILARITY_HIGH,0,DO_NOT_INCLUDE,36.7153
rl2,cenario2_tempo_aleatorio/180-600s_20percent,9,1,SIMILARITY_HIGH,1,INCLUDE_IN_CLUSTER,92.7424
rl2,cenario2_tempo_aleatorio/180-600s_20percent,10,0,SIMILARITY_MEDIUM,0,DO_NOT_INCLUDE,0.0
rl2,cenario2_tempo_aleatorio/180-600s_20percent,10,0,SIMILARITY_MEDIUM,1,INCLUDE_IN_CLUSTER,0.0
rl2,cenario2_tempo_aleatorio/180-600s_20percent,10,1,SIMILARITY_HIGH,0,DO_NOT_INCLUDE,36.7153
rl2,cenario2_tempo_aleatorio/180-600s_20percent,10,1,SIMILARITY_HIGH,1,INCLUDE_IN_CLUSTER,93.8205
rl2,cenario2_tempo_aleatorio/180-600s_20percent,11,0,SIMILARITY_MEDIUM,0,DO_NOT_INCLUDE,0.0
rl2,cenario2_tempo_aleatorio/180-600s_20percent,11,0,SIMILARITY_MEDIUM,1,INCLUDE_IN_CLUSTER,0.0
rl2,cenario2_tempo_aleatorio/180-600s_20percent,11,1,SIMILARITY_HIGH,0,DO_NOT_INCLUDE,41.1112
rl2,cenario2_tempo_aleatorio/180-600s_20percent,11,1,SIMILARITY_HIGH,1,INCLUDE_IN_CLUSTER,95.52
rl2,cenario2_tempo_aleatorio/180-600s_20percent,12,0,SIMILARITY_MEDIUM,0,DO_NOT_INCLUDE,0.0
rl2,cenario2_tempo_aleatorio/180-600s_20percent,12,0,SIMILARITY_MEDIUM,1,INCLUDE_IN_CLUSTER,0.0
rl2,cenario2_tempo_aleatorio/180-600s_20percent,12,1,SIMILARITY_HIGH,0,DO_NOT_INCLUDE,41.1112
rl2,cenario2_tempo_aleatorio/180-600s_20percent,12,1,SIMILARITY_HIGH,1,INCLUDE_IN_CLUSTER,97.3167
rl2,cenario2_tempo_aleatorio/180-600s_20percent,13,0,SIMILARITY_MEDIUM,0,DO_NOT_INCLUDE,0.0
rl2,cenario2_tempo_aleatorio/180-600s_20percent,13,0,SIMILARITY_MEDIUM,1,INCLUDE_IN_CLUSTER,0.0
rl2,cenario2_tempo_aleatorio/180-600s_20percent,13,1,SIMILARITY_HIGH,0,DO_NOT_INCLUDE,41.1112
rl2,cenario2_tempo_aleatorio/180-600s_20percent,13,1,SIMILARITY_HIGH,1,INCLUDE_IN_CLUSTER,97.9749
rl2,cenario2_tempo_aleatorio/180-600s_20percent,14,0,SIMILARITY_MEDIUM,0,DO_NOT_INCLUDE,0.0
rl2,cenario2_tempo_aleatorio/180-600s_20percent,14,0,SIMILARITY_MEDIUM,1,INCLUDE_IN_CLUSTER,0.0
rl2,cenario2_tempo_aleatorio/180-600s_20percent,14,1,SIMILARITY_HIGH,0,DO_NOT_INCLUDE,52.6766
rl2,cenario2_tempo_aleatorio/180-600s_20percent,14,1,SIMILARITY_HIGH,1,INCLUDE_IN_CLUSTER,98.8808
rl2,cenario2_tempo_aleatorio/180-600s_20percent,15,0,SIMILARITY_MEDIUM,0,DO_NOT_INCLUDE,0.0
rl2,cenario2_tempo_aleatorio/180-600s_20percent,15,0,SIMILARITY_MEDIUM,1,INCLUDE_IN_CLUSTER,0.0
rl2,cenario2_tempo_aleatorio/180-600s_20percent,15,1,SIMILARITY_HIGH,0,DO_NOT_INCLUDE,55.8188
rl2,cenario2_tempo_aleatorio/180-600s_20percent,15,1,SIMILARITY_HIGH,1,INCLUDE_IN_CLUSTER,99.2951
rl2,cenario2_tempo_aleatorio/180-600s_20percent,16,0,SIMILARITY_MEDIUM,0,DO_NOT_INCLUDE,0.0
rl2,cenario2_tempo_aleatorio/180-600s_20percent,16,0,SIMILARITY_MEDIUM,1,INCLUDE_IN_CLUSTER,0.0
rl2,cenario2_tempo_aleatorio/180-600s_20percent,16,1,SIMILARITY_HIGH,0,DO_NOT_INCLUDE,58.6735
rl2,cenario2_tempo_aleatorio/180-600s_20percent,16,1,SIMILARITY_HIGH,1,INCLUDE_IN_CLUSTER,99.4058
rl2,cenario2_tempo_aleatorio/180-600s_20percent,17,0,SIMILARITY_MEDIUM,0,DO_NOT_INCLUDE,0.0
rl2,cenario2_tempo_aleatorio/180-600s_20percent,17,0,SIMILARITY_MEDIUM,1,INCLUDE_IN_CLUSTER,0.0
rl2,cenario2_tempo_aleatorio/180-600s_20percent,17,1,SIMILARITY_HIGH,0,DO_NOT_INCLUDE,61.2602
rl2,cenario2_tempo_aleatorio/180-600s_20percent,17,1,SIMILARITY_HIGH,1,INCLUDE_IN_CLUSTER,99.547
rl2,cenario2_tempo_aleatorio/180-600s_20percent,18,0,SIMILARITY_MEDIUM,0,DO_NOT_INCLUDE,0.0
rl2,cenario2_tempo_aleatorio/180-600s_20percent,18,0,SIMILARITY_MEDIUM,1,INCLUDE_IN_CLUSTER,0.0
rl2,cenario2_tempo_aleatorio/180-600s_20percent,18,1,SIMILARITY_HIGH,0,DO_NOT_INCLUDE,61.2602
rl2,cenario2_tempo_aleatorio/180-600s_20percent,18,1,SIMILARITY_HIGH,1,INCLUDE_IN_CLUSTER,99.6547
rl2,cenario2_tempo_aleatorio/180-600s_20percent,19,0,SIMILARITY_MEDIUM,0,DO_NOT_INCLUDE,0.0
rl2,cenario2_tempo_aleatorio/180-600s_20percent,19,0,SIMILARITY_MEDIUM,1,INCLUDE_IN_CLUSTER,0.0
rl2,cenario2_tempo_aleatorio/180-600s_20percent,19,1,SIMILARITY_HIGH,0,DO_NOT_INCLUDE,61.2602
rl2,cenario2_tempo_aleatorio/180-600s_20percent,19,1,SIMILARITY_HIGH,1,INCLUDE_IN_CLUSTER,99.6908
rl2,cenario2_tempo_aleatorio/180-600s_20percent,20,0,SIMILARITY_MEDIUM,0,DO_NOT_INCLUDE,0.0
rl2,cenario2_tempo_aleatorio/180-600s_20percent,20,0,SIMILARITY_MEDIUM,1,INCLUDE_IN_CLUSTER,0.0
rl2,cenario2_tempo_aleatorio/180-600s_20percent,20,1,SIMILARITY_HIGH,0,DO_NOT_INCLUDE,61.2602
rl2,cenario2_tempo_aleatorio/180-600s_20percent,20,1,SIMILARITY_HIGH,1,INCLUDE_IN_CLUSTER,99.7445
rl2,cenario2_tempo_aleatorio/180-600s_20percent,21,0,SIMILARITY_MEDIUM,0,DO_NOT_INCLUDE,0.0
rl2,cenario2_tempo_aleatorio/180-600s_20percent,21,0,SIMILARITY_MEDIUM,1,INCLUDE_IN_CLUSTER,0.0
rl2,cenario2_tempo_aleatorio/180-600s_20percent,21,1,SIMILARITY_HIGH,0,DO_NOT_INCLUDE,63.6125
rl2,cenario2_tempo_aleatorio/180-600s_20percent,21,1,SIMILARITY_HIGH,1,INCLUDE_IN_CLUSTER,99.8545
rl2,cenario2_tempo_aleatorio/180-600s_20percent,22,0,SIMILARITY_MEDIUM,0,DO_NOT_INCLUDE,0.0
rl2,cenario2_tempo_aleatorio/180-600s_20percent,22,0,SIMILARITY_MEDIUM,1,INCLUDE_IN_CLUSTER,0.0
rl2,cenario2_tempo_aleatorio/180-600s_20percent,22,1,SIMILARITY_HIGH,0,DO_NOT_INCLUDE,72.3274
rl2,cenario2_tempo_aleatorio/180-600s_20percent,22,1,SIMILARITY_HIGH,1,INCLUDE_IN_CLUSTER,99.9093
rl2,cenario2_tempo_aleatorio/180-600s_20percent,23,0,SIMILARITY_MEDIUM,0,DO_NOT_INCLUDE,0.0
rl2,cenario2_tempo_aleatorio/180-600s_20percent,23,0,SIMILARITY_MEDIUM,1,INCLUDE_IN_CLUSTER,0.0
rl2,cenario2_tempo_aleatorio/180-600s_20percent,23,1,SIMILARITY_HIGH,0,DO_NOT_INCLUDE,72.3274
rl2,cenario2_tempo_aleatorio/180-600s_20percent,23,1,SIMILARITY_HIGH,1,INCLUDE_IN_CLUSTER,99.928
rl2,cenario2_tempo_aleatorio/180-600s_20percent,24,0,SIMILARITY_MEDIUM,0,DO_NOT_INCLUDE,0.0
rl2,cenario2_tempo_aleatorio/180-600s_20percent,24,0,SIMILARITY_MEDIUM,1,INCLUDE_IN_CLUSTER,0.0
rl2,cenario2_tempo_aleatorio/180-600s_20percent,24,1,SIMILARITY_HIGH,0,DO_NOT_INCLUDE,73.5903
rl2,cenario2_tempo_aleatorio/180-600s_20percent,24,1,SIMILARITY_HIGH,1,INCLUDE_IN_CLUSTER,99.9533
rl2,cenario2_tempo_aleatorio/180-600s_20percent,25,0,SIMILARITY_MEDIUM,0,DO_NOT_INCLUDE,0.0
rl2,cenario2_tempo_aleatorio/180-600s_20percent,25,0,SIMILARITY_MEDIUM,1,INCLUDE_IN_CLUSTER,0.0
rl2,cenario2_tempo_aleatorio/180-600s_20percent,25,1,SIMILARITY_HIGH,0,DO_NOT_INCLUDE,77.5017
rl2,cenario2_tempo_aleatorio/180-600s_20percent,25,1,SIMILARITY_HIGH,1,INCLUDE_IN_CLUSTER,99.9715
rl2,cenario2_tempo_aleatorio/180-600s_20percent,26,0,SIMILARITY_MEDIUM,0,DO_NOT_INCLUDE,0.0
rl2,cenario2_tempo_aleatorio/180-600s_20percent,26,0,SIMILARITY_MEDIUM,1,INCLUDE_IN_CLUSTER,0.0
rl2,cenario2_tempo_aleatorio/180-600s_20percent,26,1,SIMILARITY_HIGH,0,DO_NOT_INCLUDE,79.528
rl2,cenario2_tempo_aleatorio/180-600s_20percent,26,1,SIMILARITY_HIGH,1,INCLUDE_IN_CLUSTER,99.9802
rl2,cenario2_tempo_aleatorio/180-600s_20percent,27,0,SIMILARITY_MEDIUM,0,DO_NOT_INCLUDE,0.0
rl2,cenario2_tempo_aleatorio/180-600s_20percent,27,0,SIMILARITY_MEDIUM,1,INCLUDE_IN_CLUSTER,0.0
rl2,cenario2_tempo_aleatorio/180-600s_20percent,27,1,SIMILARITY_HIGH,0,DO_NOT_INCLUDE,79.528
rl2,cenario2_tempo_aleatorio/180-600s_20percent,27,1,SIMILARITY_HIGH,1,INCLUDE_IN_CLUSTER,99.984
rl2,cenario2_tempo_aleatorio/180-600s_20percent,28,0,SIMILARITY_MEDIUM,0,DO_NOT_INCLUDE,0.0
rl2,cenario2_tempo_aleatorio/180-600s_20percent,28,0,SIMILARITY_MEDIUM,1,INCLUDE_IN_CLUSTER,0.0
rl2,cenario2_tempo_aleatorio/180-600s_20percent,28,1,SIMILARITY_HIGH,0,DO_NOT_INCLUDE,81.0076
rl2,cenario2_tempo_aleatorio/180-600s_20percent,28,1,SIMILARITY_HIGH,1,INCLUDE_IN_CLUSTER,99.988
rl2,cenario2_tempo_aleatorio/180-600s_20percent,29,0,SIMILARITY_MEDIUM,0,DO_NOT_INCLUDE,0.0
rl2,cenario2_tempo_aleatorio/180-600s_20percent,29,0,SIMILARITY_MEDIUM,1,INCLUDE_IN_CLUSTER,0.0
rl2,cenario2_tempo_aleatorio/180-600s_20percent,29,1,SIMILARITY_HIGH,0,DO_NOT_INCLUDE,81.4061
rl2,cenario2_tempo_aleatorio/180-600s_20percent,29,1,SIMILARITY_HIGH,1,INCLUDE_IN_CLUSTER,99.9923
rl2,cenario2_tempo_aleatorio/180-600s_20percent,30,0,SIMILARITY_MEDIUM,0,DO_NOT_INCLUDE,0.0
rl2,cenario2_tempo_aleatorio/180-600s_20percent,30,0,SIMILARITY_MEDIUM,1,INCLUDE_IN_CLUSTER,0.0
rl2,cenario2_tempo_aleatorio/180-600s_20percent,30,1,SIMILARITY_HIGH,0,DO_NOT_INCLUDE,82.0878
rl2,cenario2_tempo_aleatorio/180-600s_20percent,30,1,SIMILARITY_HIGH,1,INCLUDE_IN_CLUSTER,99.9948
rl2,cenario2_tempo_aleatorio/180-600s_20percent,31,0,SIMILARITY_MEDIUM,0,DO_NOT_INCLUDE,0.0
rl2,cenario2_tempo_aleatorio/180-600s_20percent,31,0,SIMILARITY_MEDIUM,1,INCLUDE_IN_CLUSTER,0.0
rl2,cenario2_tempo_aleatorio/180-600s_20percent,31,1,SIMILARITY_HIGH,0,DO_NOT_INCLUDE,82.3787
rl2,cenario2_tempo_aleatorio/180-600s_20percent,31,1,SIMILARITY_HIGH,1,INCLUDE_IN_CLUSTER,99.9967
rl2,cenario2_tempo_aleatorio/180-600s_20percent,32,0,SIMILARITY_MEDIUM,0,DO_NOT_INCLUDE,0.0
rl2,cenario2_tempo_aleatorio/180-600s_20percent,32,0,SIMILARITY_MEDIUM,1,INCLUDE_IN_CLUSTER,0.0
rl2,cenario2_tempo_aleatorio/180-600s_20percent,32,1,SIMILARITY_HIGH,0,DO_NOT_INCLUDE,82.8762
rl2,cenario2_tempo_aleatorio/180-600s_20percent,32,1,SIMILARITY_HIGH,1,INCLUDE_IN_CLUSTER,99.9974
rl2,cenario2_tempo_aleatorio/180-600s_20percent,33,0,SIMILARITY_MEDIUM,0,DO_NOT_INCLUDE,0.0
rl2,cenario2_tempo_aleatorio/180-600s_20percent,33,0,SIMILARITY_MEDIUM,1,INCLUDE_IN_CLUSTER,0.0
rl2,cenario2_tempo_aleatorio/180-600s_20percent,33,1,SIMILARITY_HIGH,0,DO_NOT_INCLUDE,83.2794
rl2,cenario2_tempo_aleatorio/180-600s_20percent,33,1,SIMILARITY_HIGH,1,INCLUDE_IN_CLUSTER,99.9985
rl2,cenario2_tempo_aleatorio/180-600s_20percent,34,0,SIMILARITY_MEDIUM,0,DO_NOT_INCLUDE,0.0
rl2,cenario2_tempo_aleatorio/180-600s_20percent,34,0,SIMILARITY_MEDIUM,1,INCLUDE_IN_CLUSTER,0.0
rl2,cenario2_tempo_aleatorio/180-600s_20percent,34,1,SIMILARITY_HIGH,0,DO_NOT_INCLUDE,83.6061
rl2,cenario2_tempo_aleatorio/180-600s_20percent,34,1,SIMILARITY_HIGH,1,INCLUDE_IN_CLUSTER,99.9989
rl2,cenario2_tempo_aleatorio/180-600s_20percent,35,0,SIMILARITY_MEDIUM,0,DO_NOT_INCLUDE,0.0
rl2,cenario2_tempo_aleatorio/180-600s_20percent,35,0,SIMILARITY_MEDIUM,1,INCLUDE_IN_CLUSTER,0.0
rl2,cenario2_tempo_aleatorio/180-600s_20percent,35,1,SIMILARITY_HIGH,0,DO_NOT_INCLUDE,83.9836
rl2,cenario2_tempo_aleatorio/180-600s_20percent,35,1,SIMILARITY_HIGH,1,INCLUDE_IN_CLUSTER,99.9994
rl2,cenario2_tempo_aleatorio/180-600s_30percent,1,0,SIMILARITY_MEDIUM,0,DO_NOT_INCLUDE,0.0
rl2,cenario2_tempo_aleatorio/180-600s_30percent,1,0,SIMILARITY_MEDIUM,1,INCLUDE_IN_CLUSTER,0.0
rl2,cenario2_tempo_aleatorio/180-600s_30percent,1,1,SIMILARITY_HIGH,0,DO_NOT_INCLUDE,3.48721
rl2,cenario2_tempo_aleatorio/180-600s_30percent,1,1,SIMILARITY_HIGH,1,INCLUDE_IN_CLUSTER,40.7034
rl2,cenario2_tempo_aleatorio/180-600s_30percent,2,0,SIMILARITY_MEDIUM,0,DO_NOT_INCLUDE,0.0
rl2,cenario2_tempo_aleatorio/180-600s_30percent,2,0,SIMILARITY_MEDIUM,1,INCLUDE_IN_CLUSTER,0.0
rl2,cenario2_tempo_aleatorio/180-600s_30percent,2,1,SIMILARITY_HIGH,0,DO_NOT_INCLUDE,13.6235
rl2,cenario2_tempo_aleatorio/180-600s_30percent,2,1,SIMILARITY_HIGH,1,INCLUDE_IN_CLUSTER,55.2477
rl2,cenario2_tempo_aleatorio/180-600s_30percent,3,0,SIMILARITY_MEDIUM,0,DO_NOT_INCLUDE,0.0
rl2,cenario2_tempo_aleatorio/180-600s_30percent,3,0,SIMILARITY_MEDIUM,1,INCLUDE_IN_CLUSTER,0.0
rl2,cenario2_tempo_aleatorio/180-600s_30percent,3,1,SIMILARITY_HIGH,0,DO_NOT_INCLUDE,13.6235
rl2,cenario2_tempo_aleatorio/180-600s_30percent,3,1,SIMILARITY_HIGH,1,INCLUDE_IN_CLUSTER,66.8967
rl2,cenario2_tempo_aleatorio/180-600s_30percent,4,0,SIMILARITY_MEDIUM,0,DO_NOT_INCLUDE,0.0
rl2,cenario2_tempo_aleatorio/180-600s_30percent,4,0,SIMILARITY_MEDIUM,1,INCLUDE_IN_CLUSTER,0.0
rl2,cenario2_tempo_aleatorio/180-600s_30percent,4,1,SIMILARITY_HIGH,0,DO_NOT_INCLUDE,13.6235
rl2,cenario2_tempo_aleatorio/180-600s_30percent,4,1,SIMILARITY_HIGH,1,INCLUDE_IN_CLUSTER,78.9402
rl2,cenario2_tempo_aleatorio/180-600s_30percent,5,0,SIMILARITY_MEDIUM,0,DO_NOT_INCLUDE,0.0
rl2,cenario2_tempo_aleatorio/180-600s_30percent,5,0,SIMILARITY_MEDIUM,1,INCLUDE_IN_CLUSTER,0.0
rl2,cenario2_tempo_aleatorio/180-600s_30percent,5,1,SIMILARITY_HIGH,0,DO_NOT_INCLUDE,24.2836
rl2,cenario2_tempo_aleatorio/180-600s_30percent,5,1,SIMILARITY_HIGH,1,INCLUDE_IN_CLUSTER,85.1855
rl2,cenario2_tempo_aleatorio/180-600s_30percent,6,0,SIMILARITY_MEDIUM,0,DO_NOT_INCLUDE,0.0
rl2,cenario2_tempo_aleatorio/180-600s_30percent,6,0,SIMILARITY_MEDIUM,1,INCLUDE_IN_CLUSTER,0.0
rl2,cenario2_tempo_aleatorio/180-600s_30percent,6,1,SIMILARITY_HIGH,0,DO_NOT_INCLUDE,33.7916
rl2,cenario2_tempo_aleatorio/180-600s_30percent,6,1,SIMILARITY_HIGH,1,INCLUDE_IN_CLUSTER,88.8192
rl2,cenario2_tempo_aleatorio/180-600s_30percent,7,0,SIMILARITY_MEDIUM,0,DO_NOT_INCLUDE,0.0
rl2,cenario2_tempo_aleatorio/180-600s_30percent,7,0,SIMILARITY_MEDIUM,1,INCLUDE_IN_CLUSTER,0.0
rl2,cenario2_tempo_aleatorio/180-600s_30percent,7,1,SIMILARITY_HIGH,0,DO_NOT_INCLUDE,37.9458
rl2,cenario2_tempo_aleatorio/180-600s_30percent,7,1,SIMILARITY_HIGH,1,INCLUDE_IN_CLUSTER,92.5204
rl2,cenario2_tempo_aleatorio/180-600s_30percent,8,0,SIMILARITY_MEDIUM,0,DO_NOT_INCLUDE,0.0
rl2,cenario2_tempo_aleatorio/180-600s_30percent,8,0,SIMILARITY_MEDIUM,1,INCLUDE_IN_CLUSTER,0.0
rl2,cenario2_tempo_aleatorio/180-600s_30percent,8,1,SIMILARITY_HIGH,0,DO_NOT_INCLUDE,37.9458
rl2,cenario2_tempo_aleatorio/180-600s_30percent,8,1,SIMILARITY_HIGH,1,INCLUDE_IN_CLUSTER,95.0959
rl2,cenario2_tempo_aleatorio/180-600s_30percent,9,0,SIMILARITY_MEDIUM,0,DO_NOT_INCLUDE,0.0
rl2,cenario2_tempo_aleatorio/180-600s_30percent,9,0,SIMILARITY_MEDIUM,1,INCLUDE_IN_CLUSTER,0.0
rl2,cenario2_tempo_aleatorio/180-600s_30percent,9,1,SIMILARITY_HIGH,0,DO_NOT_INCLUDE,46.3001
rl2,cenario2_tempo_aleatorio/180-600s_30percent,9,1,SIMILARITY_HIGH,1,INCLUDE_IN_CLUSTER,97.2346
rl2,cenario2_tempo_aleatorio/180-600s_30percent,10,0,SIMILARITY_MEDIUM,0,DO_NOT_INCLUDE,0.0
rl2,cenario2_tempo_aleatorio/180-600s_30percent,10,0,SIMILARITY_MEDIUM,1,INCLUDE_IN_CLUSTER,0.0
rl2,cenario2_tempo_aleatorio/180-600s_30percent,10,1,SIMILARITY_HIGH,0,DO_NOT_INCLUDE,53.2466
rl2,cenario2_tempo_aleatorio/180-600s_30percent,10,1,SIMILARITY_HIGH,1,INCLUDE_IN_CLUSTER,97.7382
rl2,cenario2_tempo_aleatorio/180-600s_30percent,11,0,SIMILARITY_MEDIUM,0,DO_NOT_INCLUDE,0.0
rl2,cenario2_tempo_aleatorio/180-600s_30percent,11,0,SIMILARITY_MEDIUM,1,INCLUDE_IN_CLUSTER,0.0
rl2,cenario2_tempo_aleatorio/180-600s_30percent,11,1,SIMILARITY_HIGH,0,DO_NOT_INCLUDE,58.925
rl2,cenario2_tempo_aleatorio/180-600s_30percent,11,1,SIMILARITY_HIGH,1,INCLUDE_IN_CLUSTER,98.31
rl2,cenario2_tempo_aleatorio/180-600s_30percent,12,0,SIMILARITY_MEDIUM,0,DO_NOT_INCLUDE,0.0
rl2,cenario2_tempo_aleatorio/180-600s_30percent,12,0,SIMILARITY_MEDIUM,1,INCLUDE_IN_CLUSTER,0.0
rl2,cenario2_tempo_aleatorio/180-600s_30percent,12,1,SIMILARITY_HIGH,0,DO_NOT_INCLUDE,61.4318
rl2,cenario2_tempo_aleatorio/180-600s_30percent,12,1,SIMILARITY_HIGH,1,INCLUDE_IN_CLUSTER,99.0937
rl2,cenario2_tempo_aleatorio/180-600s_30percent,13,0,SIMILARITY_MEDIUM,0,DO_NOT_INCLUDE,0.0
rl2,cenario2_tempo_aleatorio/180-600s_30percent,13,0,SIMILARITY_MEDIUM,1,INCLUDE_IN_CLUSTER,0.0
rl2,cenario2_tempo_aleatorio/180-600s_30percent,13,1,SIMILARITY_HIGH,0,DO_NOT_INCLUDE,63.7357
rl2,cenario2_tempo_aleatorio/180-600s_30percent,13,1,SIMILARITY_HIGH,1,INCLUDE_IN_CLUSTER,99.4349
rl2,cenario2_tempo_aleatorio/180-600s_30percent,14,0,SIMILARITY_MEDIUM,0,DO_NOT_INCLUDE,0.0
rl2,cenario2_tempo_aleatorio/180-600s_30percent,14,0,SIMILARITY_MEDIUM,1,INCLUDE_IN_CLUSTER,0.0
rl2,cenario2_tempo_aleatorio/180-600s_30percent,14,1,SIMILARITY_HIGH,0,DO_NOT_INCLUDE,65.8209
rl2,cenario2_tempo_aleatorio/180-600s_30percent,14,1,SIMILARITY_HIGH,1,INCLUDE_IN_CLUSTER,99.5424
rl2,cenario2_tempo_aleatorio/180-600s_30percent,15,0,SIMILARITY_MEDIUM,0,DO_NOT_INCLUDE,0.0
rl2,cenario2_tempo_aleatorio/180-600s_30percent,15,0,SIMILARITY_MEDIUM,1,INCLUDE_IN_CLUSTER,0.0
rl2,cenario2_tempo_aleatorio/180-600s_30percent,15,1,SIMILARITY_HIGH,0,DO_NOT_INCLUDE,69.4188
rl2,cenario2_tempo_aleatorio/180-600s_30percent,15,1,SIMILARITY_HIGH,1,INCLUDE_IN_CLUSTER,99.7973
rl2,cenario2_tempo_aleatorio/180-600s_30percent,16,0,SIMILARITY_MEDIUM,0,DO_NOT_INCLUDE,0.0
rl2,cenario2_tempo_aleatorio/180-600s_30percent,16,0,SIMILARITY_MEDIUM,1,INCLUDE_IN_CLUSTER,0.0
rl2,cenario2_tempo_aleatorio/180-600s_30percent,16,1,SIMILARITY_HIGH,0,DO_NOT_INCLUDE,69.4188
rl2,cenario2_tempo_aleatorio/180-600s_30percent,16,1,SIMILARITY_HIGH,1,INCLUDE_IN_CLUSTER,99.8274
rl2,cenario2_tempo_aleatorio/180-600s_30percent,17,0,SIMILARITY_MEDIUM,0,DO_NOT_INCLUDE,0.0
rl2,cenario2_tempo_aleatorio/180-600s_30percent,17,0,SIMILARITY_MEDIUM,1,INCLUDE_IN_CLUSTER,0.0
rl2,cenario2_tempo_aleatorio/180-600s_30percent,17,1,SIMILARITY_HIGH,0,DO_NOT_INCLUDE,72.351
rl2,cenario2_tempo_aleatorio/180-600s_30percent,17,1,SIMILARITY_HIGH,1,INCLUDE_IN_CLUSTER,99.8774
rl2,cenario2_tempo_aleatorio/180-600s_30percent,18,0,SIMILARITY_MEDIUM,0,DO_NOT_INCLUDE,0.0
rl2,cenario2_tempo_aleatorio/180-600s_30percent,18,0,SIMILARITY_MEDIUM,1,INCLUDE_IN_CLUSTER,0.0
rl2,cenario2_tempo_aleatorio/180-600s_30percent,18,1,SIMILARITY_HIGH,0,DO_NOT_INCLUDE,75.7533
rl2,cenario2_tempo_aleatorio/180-600s_30percent,18,1,SIMILARITY_HIGH,1,INCLUDE_IN_CLUSTER,99.9212
rl2,cenario2_tempo_aleatorio/180-600s_30percent,19,0,SIMILARITY_MEDIUM,0,DO_NOT_INCLUDE,0.0
rl2,cenario2_tempo_aleatorio/180-600s_30percent,19,0,SIMILARITY_MEDIUM,1,INCLUDE_IN_CLUSTER,0.0
rl2,cenario2_tempo_aleatorio/180-600s_30percent,19,1,SIMILARITY_HIGH,0,DO_NOT_INCLUDE,78.2449
rl2,cenario2_tempo_aleatorio/180-600s_30percent,19,1,SIMILARITY_HIGH,1,INCLUDE_IN_CLUSTER,99.9518
rl2,cenario2_tempo_aleatorio/180-600s_30percent,20,0,SIMILARITY_MEDIUM,0,DO_NOT_INCLUDE,0.0
rl2,cenario2_tempo_aleatorio/180-600s_30percent,20,0,SIMILARITY_MEDIUM,1,INCLUDE_IN_CLUSTER,0.0
rl2,cenario2_tempo_aleatorio/180-600s_30percent,20,1,SIMILARITY_HIGH,0,DO_NOT_INCLUDE,80.0658
rl2,cenario2_tempo_aleatorio/180-600s_30percent,20,1,SIMILARITY_HIGH,1,INCLUDE_IN_CLUSTER,99.9708
rl2,cenario2_tempo_aleatorio/180-600s_30percent,21,0,SIMILARITY_MEDIUM,0,DO_NOT_INCLUDE,0.0
rl2,cenario2_tempo_aleatorio/180-600s_30percent,21,0,SIMILARITY_MEDIUM,1,INCLUDE_IN_CLUSTER,0.0
rl2,cenario2_tempo_aleatorio/180-600s_30percent,21,1,SIMILARITY_HIGH,0,DO_NOT_INCLUDE,82.0783
rl2,cenario2_tempo_aleatorio/180-600s_30percent,21,1,SIMILARITY_HIGH,1,INCLUDE_IN_CLUSTER,99.9812
rl2,cenario2_tempo_aleatorio/180-600s_30percent,22,0,SIMILARITY_MEDIUM,0,DO_NOT_INCLUDE,0.0
rl2,cenario2_tempo_aleatorio/180-600s_30percent,22,0,SIMILARITY_MEDIUM,1,INCLUDE_IN_CLUSTER,0.0
rl2,cenario2_tempo_aleatorio/180-600s_30percent,22,1,SIMILARITY_HIGH,0,DO_NOT_INCLUDE,82.0783
rl2,cenario2_tempo_aleatorio/180-600s_30percent,22,1,SIMILARITY_HIGH,1,INCLUDE_IN_CLUSTER,99.9854
rl2,cenario2_tempo_aleatorio/180-600s_30percent,23,0,SIMILARITY_MEDIUM,0,DO_NOT_INCLUDE,0.0
rl2,cenario2_tempo_aleatorio/180-600s_30percent,23,0,SIMILARITY_MEDIUM,1,INCLUDE_IN_CLUSTER,0.0
rl2,cenario2_tempo_aleatorio/180-600s_30percent,23,1,SIMILARITY_HIGH,0,DO_NOT_INCLUDE,82.6315
rl2,cenario2_tempo_aleatorio/180-600s_30percent,23,1,SIMILARITY_HIGH,1,INCLUDE_IN_CLUSTER,99.9914
rl2,cenario2_tempo_aleatorio/180-600s_30percent,24,0,SIMILARITY_MEDIUM,0,DO_NOT_INCLUDE,0.0
rl2,cenario2_tempo_aleatorio/180-600s_30percent,24,0,SIMILARITY_MEDIUM,1,INCLUDE_IN_CLUSTER,0.0
rl2,cenario2_tempo_aleatorio/180-600s_30percent,24,1,SIMILARITY_HIGH,0,DO_NOT_INCLUDE,83.5992
rl2,cenario2_tempo_aleatorio/180-600s_30percent,24,1,SIMILARITY_HIGH,1,INCLUDE_IN_CLUSTER,99.9956
rl2,cenario2_tempo_aleatorio/180-600s_30percent,25,0,SIMILARITY_MEDIUM,0,DO_NOT_INCLUDE,0.0
rl2,cenario2_tempo_aleatorio/180-600s_30percent,25,0,SIMILARITY_MEDIUM,1,INCLUDE_IN_CLUSTER,0.0
rl2,cenario2_tempo_aleatorio/180-600s_30percent,25,1,SIMILARITY_HIGH,0,DO_NOT_INCLUDE,83.7389
rl2,cenario2_tempo_aleatorio/180-600s_30percent,25,1,SIMILARITY_HIGH,1,INCLUDE_IN_CLUSTER,99.9969
rl2,cenario2_tempo_aleatorio/180-600s_30percent,26,0,SIMILARITY_MEDIUM,0,DO_NOT_INCLUDE,0.0
rl2,cenario2_tempo_aleatorio/180-600s_30percent,26,0,SIMILARITY_MEDIUM,1,INCLUDE_IN_CLUSTER,0.0
rl2,cenario2_tempo_aleatorio/180-600s_30percent,26,1,SIMILARITY_HIGH,0,DO_NOT_INCLUDE,83.8648
rl2,cenario2_tempo_aleatorio/180-600s_30percent,26,1,SIMILARITY_HIGH,1,INCLUDE_IN_CLUSTER,99.9978
rl2,cenario2_tempo_aleatorio/180-600s_30percent,27,0,SIMILARITY_MEDIUM,0,DO_NOT_INCLUDE,0.0
rl2,cenario2_tempo_aleatorio/180-600s_30percent,27,0,SIMILARITY_MEDIUM,1,INCLUDE_IN_CLUSTER,0.0
rl2,cenario2_tempo_aleatorio/180-600s_30percent,27,1,SIMILARITY_HIGH,0,DO_NOT_INCLUDE,83.8648
rl2,cenario2_tempo_aleatorio/180-600s_30percent,27,1,SIMILARITY_HIGH,1,INCLUDE_IN_CLUSTER,99.9984
rl2,cenario2_tempo_aleatorio/180-600s_30percent,28,0,SIMILARITY_MEDIUM,0,DO_NOT_INCLUDE,0.0
rl2,cenario2_tempo_aleatorio/180-600s_30percent,28,0,SIMILARITY_MEDIUM,1,INCLUDE_IN_CLUSTER,0.0
rl2,cenario2_tempo_aleatorio/180-600s_30percent,28,1,SIMILARITY_HIGH,0,DO_NOT_INCLUDE,84.0803
rl2,cenario2_tempo_aleatorio/180-600s_30percent,28,1,SIMILARITY_HIGH,1,INCLUDE_IN_CLUSTER,99.9991
rl2,cenario2_tempo_aleatorio/180-600s_30percent,29,0,SIMILARITY_MEDIUM,0,DO_NOT_INCLUDE,0.0
rl2,cenario2_tempo_aleatorio/180-600s_30percent,29,0,SIMILARITY_MEDIUM,1,INCLUDE_IN_CLUSTER,0.0
rl2,cenario2_tempo_aleatorio/180-600s_30percent,29,1,SIMILARITY_HIGH,0,DO_NOT_INCLUDE,84.1722
rl2,cenario2_tempo_aleatorio/180-600s_30percent,29,1,SIMILARITY_HIGH,1,INCLUDE_IN_CLUSTER,99.9995
rl2,cenario2_tempo_aleatorio/180-600s_30percent,30,0,SIMILARITY_MEDIUM,0,DO_NOT_INCLUDE,0.0
rl2,cenario2_tempo_aleatorio/180-600s_30percent,30,0,SIMILARITY_MEDIUM,1,INCLUDE_IN_CLUSTER,0.0
rl2,cenario2_tempo_aleatorio/180-600s_30percent,30,1,SIMILARITY_HIGH,0,DO_NOT_INCLUDE,84.3964
rl2,cenario2_tempo_aleatorio/180-600s_30percent,30,1,SIMILARITY_HIGH,1,INCLUDE_IN_CLUSTER,99.9998
rl2,cenario2_tempo_aleatorio/180-600s_30percent,31,0,SIMILARITY_MEDIUM,0,DO_NOT_INCLUDE,0.0
rl2,cenario2_tempo_aleatorio/180-600s_30percent,31,0,SIMILARITY_MEDIUM,1,INCLUDE_IN_CLUSTER,0.0
rl2,cenario2_tempo_aleatorio/180-600s_30percent,31,1,SIMILARITY_HIGH,0,DO_NOT_INCLUDE,84.3964
rl2,cenario2_tempo_aleatorio/180-600s_30percent,31,1,SIMILARITY_HIGH,1,INCLUDE_IN_CLUSTER,99.9999
rl2,cenario2_tempo_aleatorio/180-600s_30percent,32,0,SIMILARITY_MEDIUM,0,DO_NOT_INCLUDE,0.0
rl2,cenario2_tempo_aleatorio/180-600s_30percent,32,0,SIMILARITY_MEDIUM,1,INCLUDE_IN_CLUSTER,0.0
rl2,cenario2_tempo_aleatorio/180-600s_30percent,32,1,SIMILARITY_HIGH,0,DO_NOT_INCLUDE,84.56
rl2,cenario2_tempo_aleatorio/180-600s_30percent,32,1,SIMILARITY_HIGH,1,INCLUDE_IN_CLUSTER,99.9999
rl2,cenario2_tempo_aleatorio/180-600s_30percent,33,0,SIMILARITY_MEDIUM,0,DO_NOT_INCLUDE,0.0
rl2,cenario2_tempo_aleatorio/180-600s_30percent,33,0,SIMILARITY_MEDIUM,1,INCLUDE_IN_CLUSTER,0.0
rl2,cenario2_tempo_aleatorio/180-600s_30percent,33,1,SIMILARITY_HIGH,0,DO_NOT_INCLUDE,84.7402
rl2,cenario2_tempo_aleatorio/180-600s_30percent,33,1,SIMILARITY_HIGH,1,INCLUDE_IN_CLUSTER,99.9999
rl2,cenario2_tempo_aleatorio/180-600s_30percent,34,0,SIMILARITY_MEDIUM,0,DO_NOT_INCLUDE,0.0
rl2,cenario2_tempo_aleatorio/180-600s_30percent,34,0,SIMILARITY_MEDIUM,1,INCLUDE_IN_CLUSTER,0.0
rl2,cenario2_tempo_aleatorio/180-600s_30percent,34,1,SIMILARITY_HIGH,0,DO_NOT_INCLUDE,84.8881
rl2,cenario2_tempo_aleatorio/180-600s_30percent,34,1,SIMILARITY_HIGH,1,INCLUDE_IN_CLUSTER,100.0
rl2,cenario2_tempo_aleatorio/180-600s_30percent,35,0,SIMILARITY_MEDIUM,0,DO_NOT_INCLUDE,0.0
rl2,cenario2_tempo_aleatorio/180-600s_30percent,35,0,SIMILARITY_MEDIUM,1,INCLUDE_IN_CLUSTER,0.0
rl2,cenario2_tempo_aleatorio/180-600s_30percent,35,1,SIMILARITY_HIGH,0,DO_NOT_INCLUDE,84.8881
rl2,cenario2_tempo_aleatorio/180-600s_30percent,35,1,SIMILARITY_HIGH,1,INCLUDE_IN_CLUSTER,100.0
rl2,cenario3_tudo_aleatorio/180-600s_10-30percent,1,0,SIMILARITY_MEDIUM,0,DO_NOT_INCLUDE,0.0
rl2,cenario3_tudo_aleatorio/180-600s_10-30percent,1,0,SIMILARITY_MEDIUM,1,INCLUDE_IN_CLUSTER,0.0
rl2,cenario3_tudo_aleatorio/180-600s_10-30percent,1,1,SIMILARITY_HIGH,0,DO_NOT_INCLUDE,2.63925
rl2,cenario3_tudo_aleatorio/180-600s_10-30percent,1,1,SIMILARITY_HIGH,1,INCLUDE_IN_CLUSTER,30.3587
rl2,cenario3_tudo_aleatorio/180-600s_10-30percent,2,0,SIMILARITY_MEDIUM,0,DO_NOT_INCLUDE,0.0
rl2,cenario3_tudo_aleatorio/180-600s_10-30percent,2,0,SIMILARITY_MEDIUM,1,INCLUDE_IN_CLUSTER,0.0
rl2,cenario3_tudo_aleatorio/180-600s_10-30percent,2,1,SIMILARITY_HIGH,0,DO_NOT_INCLUDE,2.63925
rl2,cenario3_tudo_aleatorio/180-600s_10-30percent,2,1,SIMILARITY_HIGH,1,INCLUDE_IN_CLUSTER,44.7317
rl2,cenario3_tudo_aleatorio/180-600s_10-30percent,3,0,SIMILARITY_MEDIUM,0,DO_NOT_INCLUDE,0.0
rl2,cenario3_tudo_aleatorio/180-600s_10-30percent,3,0,SIMILARITY_MEDIUM,1,INCLUDE_IN_CLUSTER,0.0
rl2,cenario3_tudo_aleatorio/180-600s_10-30percent,3,1,SIMILARITY_HIGH,0,DO_NOT_INCLUDE,10.791
rl2,cenario3_tudo_aleatorio/180-600s_10-30percent,3,1,SIMILARITY_HIGH,1,INCLUDE_IN_CLUSTER,56.5769
rl2,cenario3_tudo_aleatorio/180-600s_10-30percent,4,0,SIMILARITY_MEDIUM,0,DO_NOT_INCLUDE,0.0
rl2,cenario3_tudo_aleatorio/180-600s_10-30percent,4,0,SIMILARITY_MEDIUM,1,INCLUDE_IN_CLUSTER,0.0
rl2,cenario3_tudo_aleatorio/180-600s_10-30percent,4,1,SIMILARITY_HIGH,0,DO_NOT_INCLUDE,20.5598
rl2,cenario3_tudo_aleatorio/180-600s_10-30percent,4,1,SIMILARITY_HIGH,1,INCLUDE_IN_CLUSTER,65.5388
rl2,cenario3_tudo_aleatorio/180-600s_10-30percent,5,0,SIMILARITY_MEDIUM,0,DO_NOT_INCLUDE,0.0
rl2,cenario3_tudo_aleatorio/180-600s_10-30percent,5,0,SIMILARITY_MEDIUM,1,INCLUDE_IN_CLUSTER,0.0
rl2,cenario3_tudo_aleatorio/180-600s_10-30percent,5,1,SIMILARITY_HIGH,0,DO_NOT_INCLUDE,30.4288
rl2,cenario3_tudo_aleatorio/180-600s_10-30percent,5,1,SIMILARITY_HIGH,1,INCLUDE_IN_CLUSTER,81.5196
rl2,cenario3_tudo_aleatorio/180-600s_10-30percent,6,0,SIMILARITY_MEDIUM,0,DO_NOT_INCLUDE,0.0
rl2,cenario3_tudo_aleatorio/180-600s_10-30percent,6,0,SIMILARITY_MEDIUM,1,INCLUDE_IN_CLUSTER,0.0
rl2,cenario3_tudo_aleatorio/180-600s_10-30percent,6,1,SIMILARITY_HIGH,0,DO_NOT_INCLUDE,30.4288
rl2,cenario3_tudo_aleatorio/180-600s_10-30percent,6,1,SIMILARITY_HIGH,1,INCLUDE_IN_CLUSTER,85.3337
rl2,cenario3_tudo_aleatorio/180-600s_10-30percent,7,0,SIMILARITY_MEDIUM,0,DO_NOT_INCLUDE,0.0
rl2,cenario3_tudo_aleatorio/180-600s_10-30percent,7,0,SIMILARITY_MEDIUM,1,INCLUDE_IN_CLUSTER,0.0
rl2,cenario3_tudo_aleatorio/180-600s_10-30percent,7,1,SIMILARITY_HIGH,0,DO_NOT_INCLUDE,45.4836
rl2,cenario3_tudo_aleatorio/180-600s_10-30percent,7,1,SIMILARITY_HIGH,1,INCLUDE_IN_CLUSTER,90.0896
rl2,cenario3_tudo_aleatorio/180-600s_10-30percent,8,0,SIMILARITY_MEDIUM,0,DO_NOT_INCLUDE,0.0
rl2,cenario3_tudo_aleatorio/180-600s_10-30percent,8,0,SIMILARITY_MEDIUM,1,INCLUDE_IN_CLUSTER,0.0
rl2,cenario3_tudo_aleatorio/180-600s_10-30percent,8,1,SIMILARITY_HIGH,0,DO_NOT_INCLUDE,57.1626
rl2,cenario3_tudo_aleatorio/180-600s_10-30percent,8,1,SIMILARITY_HIGH,1,INCLUDE_IN_CLUSTER,95.7822
rl2,cenario3_tudo_aleatorio/180-600s_10-30percent,9,0,SIMILARITY_MEDIUM,0,DO_NOT_INCLUDE,0.0
rl2,cenario3_tudo_aleatorio/180-600s_10-30percent,9,0,SIMILARITY_MEDIUM,1,INCLUDE_IN_CLUSTER,0.0
rl2,cenario3_tudo_aleatorio/180-600s_10-30percent,9,1,SIMILARITY_HIGH,0,DO_NOT_INCLUDE,57.1626
rl2,cenario3_tudo_aleatorio/180-600s_10-30percent,9,1,SIMILARITY_HIGH,1,INCLUDE_IN_CLUSTER,96.2988
rl2,cenario3_tudo_aleatorio/180-600s_10-30percent,10,0,SIMILARITY_MEDIUM,0,DO_NOT_INCLUDE,0.0
rl2,cenario3_tudo_aleatorio/180-600s_10-30percent,10,0,SIMILARITY_MEDIUM,1,INCLUDE_IN_CLUSTER,0.0
rl2,cenario3_tudo_aleatorio/180-600s_10-30percent,10,1,SIMILARITY_HIGH,0,DO_NOT_INCLUDE,59.6132
rl2,cenario3_tudo_aleatorio/180-600s_10-30percent,10,1,SIMILARITY_HIGH,1,INCLUDE_IN_CLUSTER,97.1784
rl2,cenario3_tudo_aleatorio/180-600s_10-30percent,11,0,SIMILARITY_MEDIUM,0,DO_NOT_INCLUDE,0.0
rl2,cenario3_tudo_aleatorio/180-600s_10-30percent,11,0,SIMILARITY_MEDIUM,1,INCLUDE_IN_CLUSTER,0.0
rl2,cenario3_tudo_aleatorio/180-600s_10-30percent,11,1,SIMILARITY_HIGH,0,DO_NOT_INCLUDE,59.6132
rl2,cenario3_tudo_aleatorio/180-600s_10-30percent,11,1,SIMILARITY_HIGH,1,INCLUDE_IN_CLUSTER,97.5975
rl2,cenario3_tudo_aleatorio/180-600s_10-30percent,12,0,SIMILARITY_MEDIUM,0,DO_NOT_INCLUDE,0.0
rl2,cenario3_tudo_aleatorio/180-600s_10-30percent,12,0,SIMILARITY_MEDIUM,1,INCLUDE_IN_CLUSTER,0.0
rl2,cenario3_tudo_aleatorio/180-600s_10-30percent,12,1,SIMILARITY_HIGH,0,DO_NOT_INCLUDE,61.9563
rl2,cenario3_tudo_aleatorio/180-600s_10-30percent,12,1,SIMILARITY_HIGH,1,INCLUDE_IN_CLUSTER,97.8918
rl2,cenario3_tudo_aleatorio/180-600s_10-30percent,13,0,SIMILARITY_MEDIUM,0,DO_NOT_INCLUDE,0.0
rl2,cenario3_tudo_aleatorio/180-600s_10-30percent,13,0,SIMILARITY_MEDIUM,1,INCLUDE_IN_CLUSTER,0.0
rl2,cenario3_tudo_aleatorio/180-600s_10-30percent,13,1,SIMILARITY_HIGH,0,DO_NOT_INCLUDE,67.7151
rl2,cenario3_tudo_aleatorio/180-600s_10-30percent,13,1,SIMILARITY_HIGH,1,INCLUDE_IN_CLUSTER,98.7116
rl2,cenario3_tudo_aleatorio/180-600s_10-30percent,14,0,SIMILARITY_MEDIUM,0,DO_NOT_INCLUDE,0.0
rl2,cenario3_tudo_aleatorio/180-600s_10-30percent,14,0,SIMILARITY_MEDIUM,1,INCLUDE_IN_CLUSTER,0.0
rl2,cenario3_tudo_aleatorio/180-600s_10-30percent,14,1,SIMILARITY_HIGH,0,DO_NOT_INCLUDE,67.7151
rl2,cenario3_tudo_aleatorio/180-600s_10-30percent,14,1,SIMILARITY_HIGH,1,INCLUDE_IN_CLUSTER,98.9356
rl2,cenario3_tudo_aleatorio/180-600s_10-30percent,15,0,SIMILARITY_MEDIUM,0,DO_NOT_INCLUDE,0.0
rl2,cenario3_tudo_aleatorio/180-600s_10-30percent,15,0,SIMILARITY_MEDIUM,1,INCLUDE_IN_CLUSTER,0.0
rl2,cenario3_tudo_aleatorio/180-600s_10-30percent,15,1,SIMILARITY_HIGH,0,DO_NOT_INCLUDE,69.3525
rl2,cenario3_tudo_aleatorio/180-600s_10-30percent,15,1,SIMILARITY_HIGH,1,INCLUDE_IN_CLUSTER,99.1381
rl2,cenario3_tudo_aleatorio/180-600s_10-30percent,16,0,SIMILARITY_MEDIUM,0,DO_NOT_INCLUDE,0.0
rl2,cenario3_tudo_aleatorio/180-600s_10-30percent,16,0,SIMILARITY_MEDIUM,1,INCLUDE_IN_CLUSTER,0.0
rl2,cenario3_tudo_aleatorio/180-600s_10-30percent,16,1,SIMILARITY_HIGH,0,DO_NOT_INCLUDE,70.8435
rl2,cenario3_tudo_aleatorio/180-600s_10-30percent,16,1,SIMILARITY_HIGH,1,INCLUDE_IN_CLUSTER,99.2879
rl2,cenario3_tudo_aleatorio/180-600s_10-30percent,17,0,SIMILARITY_MEDIUM,0,DO_NOT_INCLUDE,0.0
rl2,cenario3_tudo_aleatorio/180-600s_10-30percent,17,0,SIMILARITY_MEDIUM,1,INCLUDE_IN_CLUSTER,0.0
rl2,cenario3_tudo_aleatorio/180-600s_10-30percent,17,1,SIMILARITY_HIGH,0,DO_NOT_INCLUDE,70.8435
rl2,cenario3_tudo_aleatorio/180-600s_10-30percent,17,1,SIMILARITY_HIGH,1,INCLUDE_IN_CLUSTER,99.509
rl2,cenario3_tudo_aleatorio/180-600s_10-30percent,18,0,SIMILARITY_MEDIUM,0,DO_NOT_INCLUDE,0.0
rl2,cenario3_tudo_aleatorio/180-600s_10-30percent,18,0,SIMILARITY_MEDIUM,1,INCLUDE_IN_CLUSTER,0.0
rl2,cenario3_tudo_aleatorio/180-600s_10-30percent,18,1,SIMILARITY_HIGH,0,DO_NOT_INCLUDE,73.4597
rl2,cenario3_tudo_aleatorio/180-600s_10-30percent,18,1,SIMILARITY_HIGH,1,INCLUDE_IN_CLUSTER,99.7286
rl2,cenario3_tudo_aleatorio/180-600s_10-30percent,19,0,SIMILARITY_MEDIUM,0,DO_NOT_INCLUDE,0.0
rl2,cenario3_tudo_aleatorio/180-600s_10-30percent,19,0,SIMILARITY_MEDIUM,1,INCLUDE_IN_CLUSTER,0.0
rl2,cenario3_tudo_aleatorio/180-600s_10-30percent,19,1,SIMILARITY_HIGH,0,DO_NOT_INCLUDE,76.5367
rl2,cenario3_tudo_aleatorio/180-600s_10-30percent,19,1,SIMILARITY_HIGH,1,INCLUDE_IN_CLUSTER,99.8325
rl2,cenario3_tudo_aleatorio/180-600s_10-30percent,20,0,SIMILARITY_MEDIUM,0,DO_NOT_INCLUDE,0.0
rl2,cenario3_tudo_aleatorio/180-600s_10-30percent,20,0,SIMILARITY_MEDIUM,1,INCLUDE_IN_CLUSTER,0.0
rl2,cenario3_tudo_aleatorio/180-600s_10-30percent,20,1,SIMILARITY_HIGH,0,DO_NOT_INCLUDE,78.1187
rl2,cenario3_tudo_aleatorio/180-600s_10-30percent,20,1,SIMILARITY_HIGH,1,INCLUDE_IN_CLUSTER,99.8697
rl2,cenario3_tudo_aleatorio/180-600s_10-30percent,21,0,SIMILARITY_MEDIUM,0,DO_NOT_INCLUDE,0.0
rl2,cenario3_tudo_aleatorio/180-600s_10-30percent,21,0,SIMILARITY_MEDIUM,1,INCLUDE_IN_CLUSTER,0.0
rl2,cenario3_tudo_aleatorio/180-600s_10-30percent,21,1,SIMILARITY_HIGH,0,DO_NOT_INCLUDE,78.7991
rl2,cenario3_tudo_aleatorio/180-600s_10-30percent,21,1,SIMILARITY_HIGH,1,INCLUDE_IN_CLUSTER,99.9212
rl2,cenario3_tudo_aleatorio/180-600s_10-30percent,22,0,SIMILARITY_MEDIUM,0,DO_NOT_INCLUDE,0.0
rl2,cenario3_tudo_aleatorio/180-600s_10-30percent,22,0,SIMILARITY_MEDIUM,1,INCLUDE_IN_CLUSTER,0.0
rl2,cenario3_tudo_aleatorio/180-600s_10-30percent,22,1,SIMILARITY_HIGH,0,DO_NOT_INCLUDE,79.9662
rl2,cenario3_tudo_aleatorio/180-600s_10-30percent,22,1,SIMILARITY_HIGH,1,INCLUDE_IN_CLUSTER,99.944
rl2,cenario3_tudo_aleatorio/180-600s_10-30percent,23,0,SIMILARITY_MEDIUM,0,DO_NOT_INCLUDE,0.0
rl2,cenario3_tudo_aleatorio/180-600s_10-30percent,23,0,SIMILARITY_MEDIUM,1,INCLUDE_IN_CLUSTER,0.0
rl2,cenario3_tudo_aleatorio/180-600s_10-30percent,23,1,SIMILARITY_HIGH,0,DO_NOT_INCLUDE,81.3184
rl2,cenario3_tudo_aleatorio/180-600s_10-30percent,23,1,SIMILARITY_HIGH,1,INCLUDE_IN_CLUSTER,99.9658
rl2,cenario3_tudo_aleatorio/180-600s_10-30percent,24,0,SIMILARITY_MEDIUM,0,DO_NOT_INCLUDE,0.0
rl2,cenario3_tudo_aleatorio/180-600s_10-30percent,24,0,SIMILARITY_MEDIUM,1,INCLUDE_IN_CLUSTER,0.0
rl2,cenario3_tudo_aleatorio/180-600s_10-30percent,24,1,SIMILARITY_HIGH,0,DO_NOT_INCLUDE,81.3184
rl2,cenario3_tudo_aleatorio/180-600s_10-30percent,24,1,SIMILARITY_HIGH,1,INCLUDE_IN_CLUSTER,99.97
rl2,cenario3_tudo_aleatorio/180-600s_10-30percent,25,0,SIMILARITY_MEDIUM,0,DO_NOT_INCLUDE,0.0
rl2,cenario3_tudo_aleatorio/180-600s_10-30percent,25,0,SIMILARITY_MEDIUM,1,INCLUDE_IN_CLUSTER,0.0
rl2,cenario3_tudo_aleatorio/180-600s_10-30percent,25,1,SIMILARITY_HIGH,0,DO_NOT_INCLUDE,82.3094
rl2,cenario3_tudo_aleatorio/180-600s_10-30percent,25,1,SIMILARITY_HIGH,1,INCLUDE_IN_CLUSTER,99.9785
rl2,cenario3_tudo_aleatorio/180-600s_10-30percent,26,0,SIMILARITY_MEDIUM,0,DO_NOT_INCLUDE,0.0
rl2,cenario3_tudo_aleatorio/180-600s_10-30percent,26,0,SIMILARITY_MEDIUM,1,INCLUDE_IN_CLUSTER,0.0
rl2,cenario3_tudo_aleatorio/180-600s_10-30percent,26,1,SIMILARITY_HIGH,0,DO_NOT_INCLUDE,82.5766
rl2,cenario3_tudo_aleatorio/180-600s_10-30percent,26,1,SIMILARITY_HIGH,1,INCLUDE_IN_CLUSTER,99.9817
rl2,cenario3_tudo_aleatorio/180-600s_10-30percent,27,0,SIMILARITY_MEDIUM,0,DO_NOT_INCLUDE,0.0
rl2,cenario3_tudo_aleatorio/180-600s_10-30percent,27,0,SIMILARITY_MEDIUM,1,INCLUDE_IN_CLUSTER,0.0
rl2,cenario3_tudo_aleatorio/180-600s_10-30percent,27,1,SIMILARITY_HIGH,0,DO_NOT_INCLUDE,82.8173
rl2,cenario3_tudo_aleatorio/180-600s_10-30percent,27,1,SIMILARITY_HIGH,1,INCLUDE_IN_CLUSTER,99.9866
rl2,cenario3_tudo_aleatorio/180-600s_10-30percent,28,0,SIMILARITY_MEDIUM,0,DO_NOT_INCLUDE,0.0
rl2,cenario3_tudo_aleatorio/180-600s_10-30percent,28,0,SIMILARITY_MEDIUM,1,INCLUDE_IN_CLUSTER,0.0
rl2,cenario3_tudo_aleatorio/180-600s_10-30percent,28,1,SIMILARITY_HIGH,0,DO_NOT_INCLUDE,83.0344
rl2,cenario3_tudo_aleatorio/180-600s_10-30percent,28,1,SIMILARITY_HIGH,1,INCLUDE_IN_CLUSTER,99.9895
rl2,cenario3_tudo_aleatorio/180-600s_10-30percent,29,0,SIMILARITY_MEDIUM,0,DO_NOT_INCLUDE,0.0
rl2,cenario3_tudo_aleatorio/180-600s_10-30percent,29,0,SIMILARITY_MEDIUM,1,INCLUDE_IN_CLUSTER,0.0
rl2,cenario3_tudo_aleatorio/180-600s_10-30percent,29,1,SIMILARITY_HIGH,0,DO_NOT_INCLUDE,83.4064
rl2,cenario3_tudo_aleatorio/180-600s_10-30percent,29,1,SIMILARITY_HIGH,1,INCLUDE_IN_CLUSTER,99.9928
rl2,cenario3_tudo_aleatorio/180-600s_10-30percent,30,0,SIMILARITY_MEDIUM,0,DO_NOT_INCLUDE,0.0
rl2,cenario3_tudo_aleatorio/180-600s_10-30percent,30,0,SIMILARITY_MEDIUM,1,INCLUDE_IN_CLUSTER,0.0
rl2,cenario3_tudo_aleatorio/180-600s_10-30percent,30,1,SIMILARITY_HIGH,0,DO_NOT_INCLUDE,83.9525
rl2,cenario3_tudo_aleatorio/180-600s_10-30percent,30,1,SIMILARITY_HIGH,1,INCLUDE_IN_CLUSTER,99.9945
rl2,cenario3_tudo_aleatorio/180-600s_10-30percent,31,0,SIMILARITY_MEDIUM,0,DO_NOT_INCLUDE,0.0
rl2,cenario3_tudo_aleatorio/180-600s_10-30percent,31,0,SIMILARITY_MEDIUM,1,INCLUDE_IN_CLUSTER,0.0
rl2,cenario3_tudo_aleatorio/180-600s_10-30percent,31,1,SIMILARITY_HIGH,0,DO_NOT_INCLUDE,84.1507
rl2,cenario3_tudo_aleatorio/180-600s_10-30percent,31,1,SIMILARITY_HIGH,1,INCLUDE_IN_CLUSTER,99.9956
rl2,cenario3_tudo_aleatorio/180-600s_10-30percent,32,0,SIMILARITY_MEDIUM,0,DO_NOT_INCLUDE,0.0
rl2,cenario3_tudo_aleatorio/180-600s_10-30percent,32,0,SIMILARITY_MEDIUM,1,INCLUDE_IN_CLUSTER,0.0
rl2,cenario3_tudo_aleatorio/180-600s_10-30percent,32,1,SIMILARITY_HIGH,0,DO_NOT_INCLUDE,84.1507
rl2,cenario3_tudo_aleatorio/180-600s_10-30percent,32,1,SIMILARITY_HIGH,1,INCLUDE_IN_CLUSTER,99.9966
rl2,cenario3_tudo_aleatorio/180-600s_10-30percent,33,0,SIMILARITY_MEDIUM,0,DO_NOT_INCLUDE,0.0
rl2,cenario3_tudo_aleatorio/180-600s_10-30percent,33,0,SIMILARITY_MEDIUM,1,INCLUDE_IN_CLUSTER,0.0
rl2,cenario3_tudo_aleatorio/180-600s_10-30percent,33,1,SIMILARITY_HIGH,0,DO_NOT_INCLUDE,84.3801
rl2,cenario3_tudo_aleatorio/180-600s_10-30percent,33,1,SIMILARITY_HIGH,1,INCLUDE_IN_CLUSTER,99.9977
rl2,cenario3_tudo_aleatorio/180-600s_10-30percent,34,0,SIMILARITY_MEDIUM,0,DO_NOT_INCLUDE,0.0
rl2,cenario3_tudo_aleatorio/180-600s_10-30percent,34,0,SIMILARITY_MEDIUM,1,INCLUDE_IN_CLUSTER,0.0
rl2,cenario3_tudo_aleatorio/180-600s_10-30percent,34,1,SIMILARITY_HIGH,0,DO_NOT_INCLUDE,84.4419
rl2,cenario3_tudo_aleatorio/180-600s_10-30percent,34,1,SIMILARITY_HIGH,1,INCLUDE_IN_CLUSTER,99.9982
rl2,cenario3_tudo_aleatorio/180-600s_10-30percent,35,0,SIMILARITY_MEDIUM,0,DO_NOT_INCLUDE,0.0
rl2,cenario3_tudo_aleatorio/180-600s_10-30percent,35,0,SIMILARITY_MEDIUM,1,INCLUDE_IN_CLUSTER,0.0
rl2,cenario3_tudo_aleatorio/180-600s_10-30percent,35,1,SIMILARITY_HIGH,0,DO_NOT_INCLUDE,84.4976
rl2,cenario3_tudo_aleatorio/180-600s_10-30percent,35,1,SIMILARITY_HIGH,1,INCLUDE_IN_CLUSTER,99.9986
rl3,cenario1_tempo_fixo/310s_10percent,1,0,SIM_ORPHAN_HIGH,0,DO_NOT_ALLOC,0.989376
rl3,cenario1_tempo_fixo/310s_10percent,1,0,SIM_ORPHAN_HIGH,1,REALLOC_EXIST,0.0
rl3,cenario1_tempo_fixo/310s_10percent,1,0,SIM_ORPHAN_HIGH,2,FORM_NEW_CLUST,16.5486
rl3,cenario1_tempo_fixo/310s_10percent,1,1,SIM_EXISTING_HIGH,0,DO_NOT_ALLOC,0.0
rl3,cenario1_tempo_fixo/310s_10percent,1,1,SIM_EXISTING_HIGH,1,REALLOC_EXIST,0.0
rl3,cenario1_tempo_fixo/310s_10percent,1,1,SIM_EXISTING_HIGH,2,FORM_NEW_CLUST,0.0
rl3,cenario1_tempo_fixo/310s_10percent,1,2,SIM_ORPHAN_LOW,0,DO_NOT_ALLOC,0.0
rl3,cenario1_tempo_fixo/310s_10percent,1,2,SIM_ORPHAN_LOW,1,REALLOC_EXIST,0.0
rl3,cenario1_tempo_fixo/310s_10percent,1,2,SIM_ORPHAN_LOW,2,FORM_NEW_CLUST,0.0
rl3,cenario1_tempo_fixo/310s_10percent,1,3,SIM_EXISTING_LOW,0,DO_NOT_ALLOC,0.0
rl3,cenario1_tempo_fixo/310s_10percent,1,3,SIM_EXISTING_LOW,1,REALLOC_EXIST,0.0
rl3,cenario1_tempo_fixo/310s_10percent,1,3,SIM_EXISTING_LOW,2,FORM_NEW_CLUST,0.0
rl3,cenario1_tempo_fixo/310s_10percent,2,0,SIM_ORPHAN_HIGH,0,DO_NOT_ALLOC,0.989376
rl3,cenario1_tempo_fixo/310s_10percent,2,0,SIM_ORPHAN_HIGH,1,REALLOC_EXIST,0.0
rl3,cenario1_tempo_fixo/310s_10percent,2,0,SIM_ORPHAN_HIGH,2,FORM_NEW_CLUST,27.5019
rl3,cenario1_tempo_fixo/310s_10percent,2,1,SIM_EXISTING_HIGH,0,DO_NOT_ALLOC,0.0
rl3,cenario1_tempo_fixo/310s_10percent,2,1,SIM_EXISTING_HIGH,1,REALLOC_EXIST,0.0
rl3,cenario1_tempo_fixo/310s_10percent,2,1,SIM_EXISTING_HIGH,2,FORM_NEW_CLUST,0.0
rl3,cenario1_tempo_fixo/310s_10percent,2,2,SIM_ORPHAN_LOW,0,DO_NOT_ALLOC,0.0
rl3,cenario1_tempo_fixo/310s_10percent,2,2,SIM_ORPHAN_LOW,1,REALLOC_EXIST,0.0
rl3,cenario1_tempo_fixo/310s_10percent,2,2,SIM_ORPHAN_LOW,2,FORM_NEW_CLUST,0.0
rl3,cenario1_tempo_fixo/310s_10percent,2,3,SIM_EXISTING_LOW,0,DO_NOT_ALLOC,0.0
rl3,cenario1_tempo_fixo/310s_10percent,2,3,SIM_EXISTING_LOW,1,REALLOC_EXIST,0.0
rl3,cenario1_tempo_fixo/310s_10percent,2,3,SIM_EXISTING_LOW,2,FORM_NEW_CLUST,0.0
rl3,cenario1_tempo_fixo/310s_10percent,3,0,SIM_ORPHAN_HIGH,0,DO_NOT_ALLOC,7.04151
rl3,cenario1_tempo_fixo/310s_10percent,3,0,SIM_ORPHAN_HIGH,1,REALLOC_EXIST,3.857
rl3,cenario1_tempo_fixo/310s_10percent,3,0,SIM_ORPHAN_HIGH,2,FORM_NEW_CLUST,36.3814
rl3,cenario1_tempo_fixo/310s_10percent,3,1,SIM_EXISTING_HIGH,0,DO_NOT_ALLOC,0.0
rl3,cenario1_tempo_fixo/310s_10percent,3,1,SIM_EXISTING_HIGH,1,REALLOC_EXIST,0.0
rl3,cenario1_tempo_fixo/310s_10percent,3,1,SIM_EXISTING_HIGH,2,FORM_NEW_CLUST,0.0
rl3,cenario1_tempo_fixo/310s_10percent,3,2,SIM_ORPHAN_LOW,0,DO_NOT_ALLOC,0.0
rl3,cenario1_tempo_fixo/310s_10percent,3,2,SIM_ORPHAN_LOW,1,REALLOC_EXIST,0.0
rl3,cenario1_tempo_fixo/310s_10percent,3,2,SIM_ORPHAN_LOW,2,FORM_NEW_CLUST,0.0
rl3,cenario1_tempo_fixo/310s_10percent,3,3,SIM_EXISTING_LOW,0,DO_NOT_ALLOC,0.0
rl3,cenario1_tempo_fixo/310s_10percent,3,3,SIM_EXISTING_LOW,1,REALLOC_EXIST,0.0
rl3,cenario1_tempo_fixo/310s_10percent,3,3,SIM_EXISTING_LOW,2,FORM_NEW_CLUST,0.0
rl3,cenario1_tempo_fixo/310s_10percent,4,0,SIM_ORPHAN_HIGH,0,DO_NOT_ALLOC,7.04151
rl3,cenario1_tempo_fixo/310s_10percent,4,0,SIM_ORPHAN_HIGH,1,REALLOC_EXIST,3.857
rl3,cenario1_tempo_fixo/310s_10percent,4,0,SIM_ORPHAN_HIGH,2,FORM_NEW_CLUST,38.8882
rl3,cenario1_tempo_fixo/310s_10percent,4,1,SIM_EXISTING_HIGH,0,DO_NOT_ALLOC,0.0
rl3,cenario1_tempo_fixo/310s_10percent,4,1,SIM_EXISTING_HIGH,1,REALLOC_EXIST,0.0
rl3,cenario1_tempo_fixo/310s_10percent,4,1,SIM_EXISTING_HIGH,2,FORM_NEW_CLUST,0.0
rl3,cenario1_tempo_fixo/310s_10percent,4,2,SIM_ORPHAN_LOW,0,DO_NOT_ALLOC,0.0
rl3,cenario1_tempo_fixo/310s_10percent,4,2,SIM_ORPHAN_LOW,1,REALLOC_EXIST,0.0
rl3,cenario1_tempo_fixo/310s_10percent,4,2,SIM_ORPHAN_LOW,2,FORM_NEW_CLUST,0.0
rl3,cenario1_tempo_fixo/310s_10percent,4,3,SIM_EXISTING_LOW,0,DO_NOT_ALLOC,0.0
rl3,cenario1_tempo_fixo/310s_10percent,4,3,SIM_EXISTING_LOW,1,REALLOC_EXIST,0.0
rl3,cenario1_tempo_fixo/310s_10percent,4,3,SIM_EXISTING_LOW,2,FORM_NEW_CLUST,0.0
rl3,cenario1_tempo_fixo/310s_10percent,5,0,SIM_ORPHAN_HIGH,0,DO_NOT_ALLOC,7.04151
rl3,cenario1_tempo_fixo/310s_10percent,5,0,SIM_ORPHAN_HIGH,1,REALLOC_EXIST,8.02624
rl3,cenario1_tempo_fixo/310s_10percent,5,0,SIM_ORPHAN_HIGH,2,FORM_NEW_CLUST,51.5008
rl3,cenario1_tempo_fixo/310s_10percent,5,1,SIM_EXISTING_HIGH,0,DO_NOT_ALLOC,0.0
rl3,cenario1_tempo_fixo/310s_10percent,5,1,SIM_EXISTING_HIGH,1,REALLOC_EXIST,0.0
rl3,cenario1_tempo_fixo/310s_10percent,5,1,SIM_EXISTING_HIGH,2,FORM_NEW_CLUST,0.0
rl3,cenario1_tempo_fixo/310s_10percent,5,2,SIM_ORPHAN_LOW,0,DO_NOT_ALLOC,0.0
rl3,cenario1_tempo_fixo/310s_10percent,5,2,SIM_ORPHAN_LOW,1,REALLOC_EXIST,0.0
rl3,cenario1_tempo_fixo/310s_10percent,5,2,SIM_ORPHAN_LOW,2,FORM_NEW_CLUST,0.0
rl3,cenario1_tempo_fixo/310s_10percent,5,3,SIM_EXISTING_LOW,0,DO_NOT_ALLOC,0.0
rl3,cenario1_tempo_fixo/310s_10percent,5,3,SIM_EXISTING_LOW,1,REALLOC_EXIST,0.0
rl3,cenario1_tempo_fixo/310s_10percent,5,3,SIM_EXISTING_LOW,2,FORM_NEW_CLUST,0.0
rl3,cenario1_tempo_fixo/310s_10percent,6,0,SIM_ORPHAN_HIGH,0,DO_NOT_ALLOC,7.04151
rl3,cenario1_tempo_fixo/310s_10percent,6,0,SIM_ORPHAN_HIGH,1,REALLOC_EXIST,8.02624
rl3,cenario1_tempo_fixo/310s_10percent,6,0,SIM_ORPHAN_HIGH,2,FORM_NEW_CLUST,58.2879
rl3,cenario1_tempo_fixo/310s_10percent,6,1,SIM_EXISTING_HIGH,0,DO_NOT_ALLOC,0.0
rl3,cenario1_tempo_fixo/310s_10percent,6,1,SIM_EXISTING_HIGH,1,REALLOC_EXIST,0.0
rl3,cenario1_tempo_fixo/310s_10percent,6,1,SIM_EXISTING_HIGH,2,FORM_NEW_CLUST,0.0
rl3,cenario1_tempo_fixo/310s_10percent,6,2,SIM_ORPHAN_LOW,0,DO_NOT_ALLOC,0.0
rl3,cenario1_tempo_fixo/310s_10percent,6,2,SIM_ORPHAN_LOW,1,REALLOC_EXIST,0.0
rl3,cenario1_tempo_fixo/310s_10percent,6,2,SIM_ORPHAN_LOW,2,FORM_NEW_CLUST,0.0
rl3,cenario1_tempo_fixo/310s_10percent,6,3,SIM_EXISTING_LOW,0,DO_NOT_ALLOC,0.0
rl3,cenario1_tempo_fixo/310s_10percent,6,3,SIM_EXISTING_LOW,1,REALLOC_EXIST,0.0
rl3,cenario1_tempo_fixo/310s_10percent,6,3,SIM_EXISTING_LOW,2,FORM_NEW_CLUST,0.0
rl3,cenario1_tempo_fixo/310s_10percent,7,0,SIM_ORPHAN_HIGH,0,DO_NOT_ALLOC,15.539
rl3,cenario1_tempo_fixo/310s_10percent,7,0,SIM_ORPHAN_HIGH,1,REALLOC_EXIST,8.02624
rl3,cenario1_tempo_fixo/310s_10percent,7,0,SIM_ORPHAN_HIGH,2,FORM_NEW_CLUST,65.5388
rl3,cenario1_tempo_fixo/310s_10percent,7,1,SIM_EXISTING_HIGH,0,DO_NOT_ALLOC,0.0
rl3,cenario1_tempo_fixo/310s_10percent,7,1,SIM_EXISTING_HIGH,1,REALLOC_EXIST,0.0
rl3,cenario1_tempo_fixo/310s_10percent,7,1,SIM_EXISTING_HIGH,2,FORM_NEW_CLUST,0.0
rl3,cenario1_tempo_fixo/310s_10percent,7,2,SIM_ORPHAN_LOW,0,DO_NOT_ALLOC,0.0
rl3,cenario1_tempo_fixo/310s_10percent,7,2,SIM_ORPHAN_LOW,1,REALLOC_EXIST,0.0
rl3,cenario1_tempo_fixo/310s_10percent,7,2,SIM_ORPHAN_LOW,2,FORM_NEW_CLUST,0.0
rl3,cenario1_tempo_fixo/310s_10percent,7,3,SIM_EXISTING_LOW,0,DO_NOT_ALLOC,0.0
rl3,cenario1_tempo_fixo/310s_10percent,7,3,SIM_EXISTING_LOW,1,REALLOC_EXIST,0.0
rl3,cenario1_tempo_fixo/310s_10percent,7,3,SIM_EXISTING_LOW,2,FORM_NEW_CLUST,0.0
rl3,cenario1_tempo_fixo/310s_10percent,8,0,SIM_ORPHAN_HIGH,0,DO_NOT_ALLOC,19.8443
rl3,cenario1_tempo_fixo/310s_10percent,8,0,SIM_ORPHAN_HIGH,1,REALLOC_EXIST,8.02624
rl3,cenario1_tempo_fixo/310s_10percent,8,0,SIM_ORPHAN_HIGH,2,FORM_NEW_CLUST,75.0163
rl3,cenario1_tempo_fixo/310s_10percent,8,1,SIM_EXISTING_HIGH,0,DO_NOT_ALLOC,0.0
rl3,cenario1_tempo_fixo/310s_10percent,8,1,SIM_EXISTING_HIGH,1,REALLOC_EXIST,0.0
rl3,cenario1_tempo_fixo/310s_10percent,8,1,SIM_EXISTING_HIGH,2,FORM_NEW_CLUST,0.0
rl3,cenario1_tempo_fixo/310s_10percent,8,2,SIM_ORPHAN_LOW,0,DO_NOT_ALLOC,0.0
rl3,cenario1_tempo_fixo/310s_10percent,8,2,SIM_ORPHAN_LOW,1,REALLOC_EXIST,0.0
rl3,cenario1_tempo_fixo/310s_10percent,8,2,SIM_ORPHAN_LOW,2,FORM_NEW_CLUST,0.0
rl3,cenario1_tempo_fixo/310s_10percent,8,3,SIM_EXISTING_LOW,0,DO_NOT_ALLOC,0.0
rl3,cenario1_tempo_fixo/310s_10percent,8,3,SIM_EXISTING_LOW,1,REALLOC_EXIST,0.0
rl3,cenario1_tempo_fixo/310s_10percent,8,3,SIM_EXISTING_LOW,2,FORM_NEW_CLUST,0.0
rl3,cenario1_tempo_fixo/310s_10percent,9,0,SIM_ORPHAN_HIGH,0,DO_NOT_ALLOC,24.1781
rl3,cenario1_tempo_fixo/310s_10percent,9,0,SIM_ORPHAN_HIGH,1,REALLOC_EXIST,15.2306
rl3,cenario1_tempo_fixo/310s_10percent,9,0,SIM_ORPHAN_HIGH,2,FORM_NEW_CLUST,80.9539
rl3,cenario1_tempo_fixo/310s_10percent,9,1,SIM_EXISTING_HIGH,0,DO_NOT_ALLOC,0.0
rl3,cenario1_tempo_fixo/310s_10percent,9,1,SIM_EXISTING_HIGH,1,REALLOC_EXIST,0.0
rl3,cenario1_tempo_fixo/310s_10percent,9,1,SIM_EXISTING_HIGH,2,FORM_NEW_CLUST,0.0
rl3,cenario1_tempo_fixo/310s_10percent,9,2,SIM_ORPHAN_LOW,0,DO_NOT_ALLOC,0.0
rl3,cenario1_tempo_fixo/310s_10percent,9,2,SIM_ORPHAN_LOW,1,REALLOC_EXIST,0.0
rl3,cenario1_tempo_fixo/310s_10percent,9,2,SIM_ORPHAN_LOW,2,FORM_NEW_CLUST,0.0
rl3,cenario1_tempo_fixo/310s_10percent,9,3,SIM_EXISTING_LOW,0,DO_NOT_ALLOC,0.0
rl3,cenario1_tempo_fixo/310s_10percent,9,3,SIM_EXISTING_LOW,1,REALLOC_EXIST,0.0
rl3,cenario1_tempo_fixo/310s_10percent,9,3,SIM_EXISTING_LOW,2,FORM_NEW_CLUST,0.0
rl3,cenario1_tempo_fixo/310s_10percent,10,0,SIM_ORPHAN_HIGH,0,DO_NOT_ALLOC,24.1781
rl3,cenario1_tempo_fixo/310s_10percent,10,0,SIM_ORPHAN_HIGH,1,REALLOC_EXIST,15.2306
rl3,cenario1_tempo_fixo/310s_10percent,10,0,SIM_ORPHAN_HIGH,2,FORM_NEW_CLUST,85.7693
rl3,cenario1_tempo_fixo/310s_10percent,10,1,SIM_EXISTING_HIGH,0,DO_NOT_ALLOC,0.0
rl3,cenario1_tempo_fixo/310s_10percent,10,1,SIM_EXISTING_HIGH,1,REALLOC_EXIST,0.0
rl3,cenario1_tempo_fixo/310s_10percent,10,1,SIM_EXISTING_HIGH,2,FORM_NEW_CLUST,0.0
rl3,cenario1_tempo_fixo/310s_10percent,10,2,SIM_ORPHAN_LOW,0,DO_NOT_ALLOC,0.0
rl3,cenario1_tempo_fixo/310s_10percent,10,2,SIM_ORPHAN_LOW,1,REALLOC_EXIST,0.0
rl3,cenario1_tempo_fixo/310s_10percent,10,2,SIM_ORPHAN_LOW,2,FORM_NEW_CLUST,0.0
rl3,cenario1_tempo_fixo/310s_10percent,10,3,SIM_EXISTING_LOW,0,DO_NOT_ALLOC,0.0
rl3,cenario1_tempo_fixo/310s_10percent,10,3,SIM_EXISTING_LOW,1,REALLOC_EXIST,0.0
rl3,cenario1_tempo_fixo/310s_10percent,10,3,SIM_EXISTING_LOW,2,FORM_NEW_CLUST,0.0
rl3,cenario1_tempo_fixo/310s_10percent,11,0,SIM_ORPHAN_HIGH,0,DO_NOT_ALLOC,29.0665
rl3,cenario1_tempo_fixo/310s_10percent,11,0,SIM_ORPHAN_HIGH,1,REALLOC_EXIST,15.2306
rl3,cenario1_tempo_fixo/310s_10percent,11,0,SIM_ORPHAN_HIGH,2,FORM_NEW_CLUST,87.3861
rl3,cenario1_tempo_fixo/310s_10percent,11,1,SIM_EXISTING_HIGH,0,DO_NOT_ALLOC,0.0
rl3,cenario1_tempo_fixo/310s_10percent,11,1,SIM_EXISTING_HIGH,1,REALLOC_EXIST,0.0
rl3,cenario1_tempo_fixo/310s_10percent,11,1,SIM_EXISTING_HIGH,2,FORM_NEW_CLUST,0.0
rl3,cenario1_tempo_fixo/310s_10percent,11,2,SIM_ORPHAN_LOW,0,DO_NOT_ALLOC,0.0
rl3,cenario1_tempo_fixo/310s_10percent,11,2,SIM_ORPHAN_LOW,1,REALLOC_EXIST,0.0
rl3,cenario1_tempo_fixo/310s_10percent,11,2,SIM_ORPHAN_LOW,2,FORM_NEW_CLUST,0.0
rl3,cenario1_tempo_fixo/310s_10percent,11,3,SIM_EXISTING_LOW,0,DO_NOT_ALLOC,0.0
rl3,cenario1_tempo_fixo/310s_10percent,11,3,SIM_EXISTING_LOW,1,REALLOC_EXIST,0.0
rl3,cenario1_tempo_fixo/310s_10percent,11,3,SIM_EXISTING_LOW,2,FORM_NEW_CLUST,0.0
rl3,cenario1_tempo_fixo/310s_10percent,12,0,SIM_ORPHAN_HIGH,0,DO_NOT_ALLOC,29.0665
rl3,cenario1_tempo_fixo/310s_10percent,12,0,SIM_ORPHAN_HIGH,1,REALLOC_EXIST,15.2306
rl3,cenario1_tempo_fixo/310s_10percent,12,0,SIM_ORPHAN_HIGH,2,FORM_NEW_CLUST,89.3672
rl3,cenario1_tempo_fixo/310s_10percent,12,1,SIM_EXISTING_HIGH,0,DO_NOT_ALLOC,0.0
rl3,cenario1_tempo_fixo/310s_10percent,12,1,SIM_EXISTING_HIGH,1,REALLOC_EXIST,0.0
rl3,cenario1_tempo_fixo/310s_10percent,12,1,SIM_EXISTING_HIGH,2,FORM_NEW_CLUST,0.0
rl3,cenario1_tempo_fixo/310s_10percent,12,2,SIM_ORPHAN_LOW,0,DO_NOT_ALLOC,0.0
rl3,cenario1_tempo_fixo/310s_10percent,12,2,SIM_ORPHAN_LOW,1,REALLOC_EXIST,0.0
rl3,cenario1_tempo_fixo/310s_10percent,12,2,SIM_ORPHAN_LOW,2,FORM_NEW_CLUST,0.0
rl3,cenario1_tempo_fixo/310s_10percent,12,3,SIM_EXISTING_LOW,0,DO_NOT_ALLOC,0.0
rl3,cenario1_tempo_fixo/310s_10percent,12,3,SIM_EXISTING_LOW,1,REALLOC_EXIST,0.0
rl3,cenario1_tempo_fixo/310s_10percent,12,3,SIM_EXISTING_LOW,2,FORM_NEW_CLUST,0.0
rl3,cenario1_tempo_fixo/310s_10percent,13,0,SIM_ORPHAN_HIGH,0,DO_NOT_ALLOC,33.7857
rl3,cenario1_tempo_fixo/310s_10percent,13,0,SIM_ORPHAN_HIGH,1,REALLOC_EXIST,15.2306
rl3,cenario1_tempo_fixo/310s_10percent,13,0,SIM_ORPHAN_HIGH,2,FORM_NEW_CLUST,90.6695
rl3,cenario1_tempo_fixo/310s_10percent,13,1,SIM_EXISTING_HIGH,0,DO_NOT_ALLOC,0.0
rl3,cenario1_tempo_fixo/310s_10percent,13,1,SIM_EXISTING_HIGH,1,REALLOC_EXIST,0.0
rl3,cenario1_tempo_fixo/310s_10percent,13,1,SIM_EXISTING_HIGH,2,FORM_NEW_CLUST,0.0
rl3,cenario1_tempo_fixo/310s_10percent,13,2,SIM_ORPHAN_LOW,0,DO_NOT_ALLOC,0.0
rl3,cenario1_tempo_fixo/310s_10percent,13,2,SIM_ORPHAN_LOW,1,REALLOC_EXIST,0.0
rl3,cenario1_tempo_fixo/310s_10percent,13,2,SIM_ORPHAN_LOW,2,FORM_NEW_CLUST,0.0
rl3,cenario1_tempo_fixo/310s_10percent,13,3,SIM_EXISTING_LOW,0,DO_NOT_ALLOC,0.0
rl3,cenario1_tempo_fixo/310s_10percent,13,3,SIM_EXISTING_LOW,1,REALLOC_EXIST,0.0
rl3,cenario1_tempo_fixo/310s_10percent,13,3,SIM_EXISTING_LOW,2,FORM_NEW_CLUST,0.0
rl3,cenario1_tempo_fixo/310s_10percent,14,0,SIM_ORPHAN_HIGH,0,DO_NOT_ALLOC,38.1165
rl3,cenario1_tempo_fixo/310s_10percent,14,0,SIM_ORPHAN_HIGH,1,REALLOC_EXIST,15.2306
rl3,cenario1_tempo_fixo/310s_10percent,14,0,SIM_ORPHAN_HIGH,2,FORM_NEW_CLUST,91.7296
rl3,cenario1_tempo_fixo/310s_10percent,14,1,SIM_EXISTING_HIGH,0,DO_NOT_ALLOC,0.0
rl3,cenario1_tempo_fixo/310s_10percent,14,1,SIM_EXISTING_HIGH,1,REALLOC_EXIST,0.0
rl3,cenario1_tempo_fixo/310s_10percent,14,1,SIM_EXISTING_HIGH,2,FORM_NEW_CLUST,0.0
rl3,cenario1_tempo_fixo/310s_10percent,14,2,SIM_ORPHAN_LOW,0,DO_NOT_ALLOC,0.0
rl3,cenario1_tempo_fixo/310s_10percent,14,2,SIM_ORPHAN_LOW,1,REALLOC_EXIST,0.0
rl3,cenario1_tempo_fixo/310s_10percent,14,2,SIM_ORPHAN_LOW,2,FORM_NEW_CLUST,0.0
rl3,cenario1_tempo_fixo/310s_10percent,14,3,SIM_EXISTING_LOW,0,DO_NOT_ALLOC,0.0
rl3,cenario1_tempo_fixo/310s_10percent,14,3,SIM_EXISTING_LOW,1,REALLOC_EXIST,0.0
rl3,cenario1_tempo_fixo/310s_10percent,14,3,SIM_EXISTING_LOW,2,FORM_NEW_CLUST,0.0
rl3,cenario1_tempo_fixo/310s_10percent,15,0,SIM_ORPHAN_HIGH,0,DO_NOT_ALLOC,42.0605
rl3,cenario1_tempo_fixo/310s_10percent,15,0,SIM_ORPHAN_HIGH,1,REALLOC_EXIST,23.0801
rl3,cenario1_tempo_fixo/310s_10percent,15,0,SIM_ORPHAN_HIGH,2,FORM_NEW_CLUST,93.0982
rl3,cenario1_tempo_fixo/310s_10percent,15,1,SIM_EXISTING_HIGH,0,DO_NOT_ALLOC,0.0
rl3,cenario1_tempo_fixo/310s_10percent,15,1,SIM_EXISTING_HIGH,1,REALLOC_EXIST,0.0
rl3,cenario1_tempo_fixo/310s_10percent,15,1,SIM_EXISTING_HIGH,2,FORM_NEW_CLUST,0.0
rl3,cenario1_tempo_fixo/310s_10percent,15,2,SIM_ORPHAN_LOW,0,DO_NOT_ALLOC,0.0
rl3,cenario1_tempo_fixo/310s_10percent,15,2,SIM_ORPHAN_LOW,1,REALLOC_EXIST,0.0
rl3,cenario1_tempo_fixo/310s_10percent,15,2,SIM_ORPHAN_LOW,2,FORM_NEW_CLUST,0.0
rl3,cenario1_tempo_fixo/310s_10percent,15,3,SIM_EXISTING_LOW,0,DO_NOT_ALLOC,0.0
rl3,cenario1_tempo_fixo/310s_10percent,15,3,SIM_EXISTING_LOW,1,REALLOC_EXIST,0.0
rl3,cenario1_tempo_fixo/310s_10percent,15,3,SIM_EXISTING_LOW,2,FORM_NEW_CLUST,0.0
rl3,cenario1_tempo_fixo/310s_10percent,16,0,SIM_ORPHAN_HIGH,0,DO_NOT_ALLOC,45.7983
rl3,cenario1_tempo_fixo/310s_10percent,16,0,SIM_ORPHAN_HIGH,1,REALLOC_EXIST,30.1873
rl3,cenario1_tempo_fixo/310s_10percent,16,0,SIM_ORPHAN_HIGH,2,FORM_NEW_CLUST,94.5774
rl3,cenario1_tempo_fixo/310s_10percent,16,1,SIM_EXISTING_HIGH,0,DO_NOT_ALLOC,0.0
rl3,cenario1_tempo_fixo/310s_10percent,16,1,SIM_EXISTING_HIGH,1,REALLOC_EXIST,0.0
rl3,cenario1_tempo_fixo/310s_10percent,16,1,SIM_EXISTING_HIGH,2,FORM_NEW_CLUST,0.0
rl3,cenario1_tempo_fixo/310s_10percent,16,2,SIM_ORPHAN_LOW,0,DO_NOT_ALLOC,0.0
rl3,cenario1_tempo_fixo/310s_10percent,16,2,SIM_ORPHAN_LOW,1,REALLOC_EXIST,0.0
rl3,cenario1_tempo_fixo/310s_10percent,16,2,SIM_ORPHAN_LOW,2,FORM_NEW_CLUST,0.0
rl3,cenario1_tempo_fixo/310s_10percent,16,3,SIM_EXISTING_LOW,0,DO_NOT_ALLOC,0.0
rl3,cenario1_tempo_fixo/310s_10percent,16,3,SIM_EXISTING_LOW,1,REALLOC_EXIST,0.0
rl3,cenario1_tempo_fixo/310s_10percent,16,3,SIM_EXISTING_LOW,2,FORM_NEW_CLUST,0.0
rl3,cenario1_tempo_fixo/310s_10percent,17,0,SIM_ORPHAN_HIGH,0,DO_NOT_ALLOC,45.7983
rl3,cenario1_tempo_fixo/310s_10percent,17,0,SIM_ORPHAN_HIGH,1,REALLOC_EXIST,30.1873
rl3,cenario1_tempo_fixo/310s_10percent,17,0,SIM_ORPHAN_HIGH,2,FORM_NEW_CLUST,95.1449
rl3,cenario1_tempo_fixo/310s_10percent,17,1,SIM_EXISTING_HIGH,0,DO_NOT_ALLOC,0.0
rl3,cenario1_tempo_fixo/310s_10percent,17,1,SIM_EXISTING_HIGH,1,REALLOC_EXIST,0.0
rl3,cenario1_tempo_fixo/310s_10percent,17,1,SIM_EXISTING_HIGH,2,FORM_NEW_CLUST,0.0
rl3,cenario1_tempo_fixo/310s_10percent,17,2,SIM_ORPHAN_LOW,0,DO_NOT_ALLOC,0.0
rl3,cenario1_tempo_fixo/310s_10percent,17,2,SIM_ORPHAN_LOW,1,REALLOC_EXIST,0.0
rl3,cenario1_tempo_fixo/310s_10percent,17,2,SIM_ORPHAN_LOW,2,FORM_NEW_CLUST,0.0
rl3,cenario1_tempo_fixo/310s_10percent,17,3,SIM_EXISTING_LOW,0,DO_NOT_ALLOC,0.0
rl3,cenario1_tempo_fixo/310s_10percent,17,3,SIM_EXISTING_LOW,1,REALLOC_EXIST,0.0
rl3,cenario1_tempo_fixo/310s_10percent,17,3,SIM_EXISTING_LOW,2,FORM_NEW_CLUST,0.0
rl3,cenario1_tempo_fixo/310s_10percent,18,0,SIM_ORPHAN_HIGH,0,DO_NOT_ALLOC,45.7983
rl3,cenario1_tempo_fixo/310s_10percent,18,0,SIM_ORPHAN_HIGH,1,REALLOC_EXIST,36.8076
rl3,cenario1_tempo_fixo/310s_10percent,18,0,SIM_ORPHAN_HIGH,2,FORM_NEW_CLUST,96.2614
rl3,cenario1_tempo_fixo/310s_10percent,18,1,SIM_EXISTING_HIGH,0,DO_NOT_ALLOC,0.0
rl3,cenario1_tempo_fixo/310s_10percent,18,1,SIM_EXISTING_HIGH,1,REALLOC_EXIST,0.0
rl3,cenario1_tempo_fixo/310s_10percent,18,1,SIM_EXISTING_HIGH,2,FORM_NEW_CLUST,0.0
rl3,cenario1_tempo_fixo/310s_10percent,18,2,SIM_ORPHAN_LOW,0,DO_NOT_ALLOC,0.0
rl3,cenario1_tempo_fixo/310s_10percent,18,2,SIM_ORPHAN_LOW,1,REALLOC_EXIST,0.0
rl3,cenario1_tempo_fixo/310s_10percent,18,2,SIM_ORPHAN_LOW,2,FORM_NEW_CLUST,0.0
rl3,cenario1_tempo_fixo/310s_10percent,18,3,SIM_EXISTING_LOW,0,DO_NOT_ALLOC,0.0
rl3,cenario1_tempo_fixo/310s_10percent,18,3,SIM_EXISTING_LOW,1,REALLOC_EXIST,0.0
rl3,cenario1_tempo_fixo/310s_10percent,18,3,SIM_EXISTING_LOW,2,FORM_NEW_CLUST,0.0
rl3,cenario1_tempo_fixo/310s_10percent,19,0,SIM_ORPHAN_HIGH,0,DO_NOT_ALLOC,45.7983
rl3,cenario1_tempo_fixo/310s_10percent,19,0,SIM_ORPHAN_HIGH,1,REALLOC_EXIST,42.8132
rl3,cenario1_tempo_fixo/310s_10percent,19,0,SIM_ORPHAN_HIGH,2,FORM_NEW_CLUST,96.6189
rl3,cenario1_tempo_fixo/310s_10percent,19,1,SIM_EXISTING_HIGH,0,DO_NOT_ALLOC,0.0
rl3,cenario1_tempo_fixo/310s_10percent,19,1,SIM_EXISTING_HIGH,1,REALLOC_EXIST,0.0
rl3,cenario1_tempo_fixo/310s_10percent,19,1,SIM_EXISTING_HIGH,2,FORM_NEW_CLUST,0.0
rl3,cenario1_tempo_fixo/310s_10percent,19,2,SIM_ORPHAN_LOW,0,DO_NOT_ALLOC,0.0
rl3,cenario1_tempo_fixo/310s_10percent,19,2,SIM_ORPHAN_LOW,1,REALLOC_EXIST,0.0
rl3,cenario1_tempo_fixo/310s_10percent,19,2,SIM_ORPHAN_LOW,2,FORM_NEW_CLUST,0.0
rl3,cenario1_tempo_fixo/310s_10percent,19,3,SIM_EXISTING_LOW,0,DO_NOT_ALLOC,0.0
rl3,cenario1_tempo_fixo/310s_10percent,19,3,SIM_EXISTING_LOW,1,REALLOC_EXIST,0.0
rl3,cenario1_tempo_fixo/310s_10percent,19,3,SIM_EXISTING_LOW,2,FORM_NEW_CLUST,0.0
rl3,cenario1_tempo_fixo/310s_10percent,20,0,SIM_ORPHAN_HIGH,0,DO_NOT_ALLOC,49.4911
rl3,cenario1_tempo_fixo/310s_10percent,20,0,SIM_ORPHAN_HIGH,1,REALLOC_EXIST,42.8132
rl3,cenario1_tempo_fixo/310s_10percent,20,0,SIM_ORPHAN_HIGH,2,FORM_NEW_CLUST,97.4737
rl3,cenario1_tempo_fixo/310s_10percent,20,1,SIM_EXISTING_HIGH,0,DO_NOT_ALLOC,0.0
rl3,cenario1_tempo_fixo/310s_10percent,20,1,SIM_EXISTING_HIGH,1,REALLOC_EXIST,0.0
rl3,cenario1_tempo_fixo/310s_10percent,20,1,SIM_EXISTING_HIGH,2,FORM_NEW_CLUST,0.0
rl3,cenario1_tempo_fixo/310s_10percent,20,2,SIM_ORPHAN_LOW,0,DO_NOT_ALLOC,0.0
rl3,cenario1_tempo_fixo/310s_10percent,20,2,SIM_ORPHAN_LOW,1,REALLOC_EXIST,0.0
rl3,cenario1_tempo_fixo/310s_10percent,20,2,SIM_ORPHAN_LOW,2,FORM_NEW_CLUST,0.0
rl3,cenario1_tempo_fixo/310s_10percent,20,3,SIM_EXISTING_LOW,0,DO_NOT_ALLOC,0.0
rl3,cenario1_tempo_fixo/310s_10percent,20,3,SIM_EXISTING_LOW,1,REALLOC_EXIST,0.0
rl3,cenario1_tempo_fixo/310s_10percent,20,3,SIM_EXISTING_LOW,2,FORM_NEW_CLUST,0.0
rl3,cenario1_tempo_fixo/310s_10percent,21,0,SIM_ORPHAN_HIGH,0,DO_NOT_ALLOC,49.4911
rl3,cenario1_tempo_fixo/310s_10percent,21,0,SIM_ORPHAN_HIGH,1,REALLOC_EXIST,57.7589
rl3,cenario1_tempo_fixo/310s_10percent,21,0,SIM_ORPHAN_HIGH,2,FORM_NEW_CLUST,97.9129
rl3,cenario1_tempo_fixo/310s_10percent,21,1,SIM_EXISTING_HIGH,0,DO_NOT_ALLOC,0.0
rl3,cenario1_tempo_fixo/310s_10percent,21,1,SIM_EXISTING_HIGH,1,REALLOC_EXIST,0.0
rl3,cenario1_tempo_fixo/310s_10percent,21,1,SIM_EXISTING_HIGH,2,FORM_NEW_CLUST,0.0
rl3,cenario1_tempo_fixo/310s_10percent,21,2,SIM_ORPHAN_LOW,0,DO_NOT_ALLOC,0.0
rl3,cenario1_tempo_fixo/310s_10percent,21,2,SIM_ORPHAN_LOW,1,REALLOC_EXIST,0.0
rl3,cenario1_tempo_fixo/310s_10percent,21,2,SIM_ORPHAN_LOW,2,FORM_NEW_CLUST,0.0
rl3,cenario1_tempo_fixo/310s_10percent,21,3,SIM_EXISTING_LOW,0,DO_NOT_ALLOC,0.0
rl3,cenario1_tempo_fixo/310s_10percent,21,3,SIM_EXISTING_LOW,1,REALLOC_EXIST,0.0
rl3,cenario1_tempo_fixo/310s_10percent,21,3,SIM_EXISTING_LOW,2,FORM_NEW_CLUST,0.0
rl3,cenario1_tempo_fixo/310s_10percent,22,0,SIM_ORPHAN_HIGH,0,DO_NOT_ALLOC,49.4911
rl3,cenario1_tempo_fixo/310s_10percent,22,0,SIM_ORPHAN_HIGH,1,REALLOC_EXIST,57.7589
rl3,cenario1_tempo_fixo/310s_10percent,22,0,SIM_ORPHAN_HIGH,2,FORM_NEW_CLUST,97.9129
rl3,cenario1_tempo_fixo/310s_10percent,22,1,SIM_EXISTING_HIGH,0,DO_NOT_ALLOC,0.0
rl3,cenario1_tempo_fixo/310s_10percent,22,1,SIM_EXISTING_HIGH,1,REALLOC_EXIST,0.0
rl3,cenario1_tempo_fixo/310s_10percent,22,1,SIM_EXISTING_HIGH,2,FORM_NEW_CLUST,0.0
rl3,cenario1_tempo_fixo/310s_10percent,22,2,SIM_ORPHAN_LOW,0,DO_NOT_ALLOC,0.0
rl3,cenario1_tempo_fixo/310s_10percent,22,2,SIM_ORPHAN_LOW,1,REALLOC_EXIST,4.901
rl3,cenario1_tempo_fixo/310s_10percent,22,2,SIM_ORPHAN_LOW,2,FORM_NEW_CLUST,0.0
rl3,cenario1_tempo_fixo/310s_10percent,22,3,SIM_EXISTING_LOW,0,DO_NOT_ALLOC,0.0
rl3,cenario1_tempo_fixo/310s_10percent,22,3,SIM_EXISTING_LOW,1,REALLOC_EXIST,0.0
rl3,cenario1_tempo_fixo/310s_10percent,22,3,SIM_EXISTING_LOW,2,FORM_NEW_CLUST,0.0
rl3,cenario1_tempo_fixo/310s_10percent,23,0,SIM_ORPHAN_HIGH,0,DO_NOT_ALLOC,49.4911
rl3,cenario1_tempo_fixo/310s_10percent,23,0,SIM_ORPHAN_HIGH,1,REALLOC_EXIST,57.7589
rl3,cenario1_tempo_fixo/310s_10percent,23,0,SIM_ORPHAN_HIGH,2,FORM_NEW_CLUST,97.9129
rl3,cenario1_tempo_fixo/310s_10percent,23,1,SIM_EXISTING_HIGH,0,DO_NOT_ALLOC,0.0
rl3,cenario1_tempo_fixo/310s_10percent,23,1,SIM_EXISTING_HIGH,1,REALLOC_EXIST,0.0
rl3,cenario1_tempo_fixo/310s_10percent,23,1,SIM_EXISTING_HIGH,2,FORM_NEW_CLUST,0.0
rl3,cenario1_tempo_fixo/310s_10percent,23,2,SIM_ORPHAN_LOW,0,DO_NOT_ALLOC,0.522537
rl3,cenario1_tempo_fixo/310s_10percent,23,2,SIM_ORPHAN_LOW,1,REALLOC_EXIST,12.2479
rl3,cenario1_tempo_fixo/310s_10percent,23,2,SIM_ORPHAN_LOW,2,FORM_NEW_CLUST,0.0
rl3,cenario1_tempo_fixo/310s_10percent,23,3,SIM_EXISTING_LOW,0,DO_NOT_ALLOC,0.0
rl3,cenario1_tempo_fixo/310s_10percent,23,3,SIM_EXISTING_LOW,1,REALLOC_EXIST,0.0
rl3,cenario1_tempo_fixo/310s_10percent,23,3,SIM_EXISTING_LOW,2,FORM_NEW_CLUST,0.0
rl3,cenario1_tempo_fixo/310s_10percent,24,0,SIM_ORPHAN_HIGH,0,DO_NOT_ALLOC,52.8738
rl3,cenario1_tempo_fixo/310s_10percent,24,0,SIM_ORPHAN_HIGH,1,REALLOC_EXIST,65.4573
rl3,cenario1_tempo_fixo/310s_10percent,24,0,SIM_ORPHAN_HIGH,2,FORM_NEW_CLUST,98.2757
rl3,cenario1_tempo_fixo/310s_10percent,24,1,SIM_EXISTING_HIGH,0,DO_NOT_ALLOC,0.0
rl3,cenario1_tempo_fixo/310s_10percent,24,1,SIM_EXISTING_HIGH,1,REALLOC_EXIST,0.0
rl3,cenario1_tempo_fixo/310s_10percent,24,1,SIM_EXISTING_HIGH,2,FORM_NEW_CLUST,0.0
rl3,cenario1_tempo_fixo/310s_10percent,24,2,SIM_ORPHAN_LOW,0,DO_NOT_ALLOC,0.522537
rl3,cenario1_tempo_fixo/310s_10percent,24,2,SIM_ORPHAN_LOW,1,REALLOC_EXIST,12.2479
rl3,cenario1_tempo_fixo/310s_10percent,24,2,SIM_ORPHAN_LOW,2,FORM_NEW_CLUST,0.0
rl3,cenario1_tempo_fixo/310s_10percent,24,3,SIM_EXISTING_LOW,0,DO_NOT_ALLOC,0.0
rl3,cenario1_tempo_fixo/310s_10percent,24,3,SIM_EXISTING_LOW,1,REALLOC_EXIST,0.0
rl3,cenario1_tempo_fixo/310s_10percent,24,3,SIM_EXISTING_LOW,2,FORM_NEW_CLUST,0.0
rl3,cenario1_tempo_fixo/310s_10percent,25,0,SIM_ORPHAN_HIGH,0,DO_NOT_ALLOC,52.8738
rl3,cenario1_tempo_fixo/310s_10percent,25,0,SIM_ORPHAN_HIGH,1,REALLOC_EXIST,65.4573
rl3,cenario1_tempo_fixo/310s_10percent,25,0,SIM_ORPHAN_HIGH,2,FORM_NEW_CLUST,98.6316
rl3,cenario1_tempo_fixo/310s_10percent,25,1,SIM_EXISTING_HIGH,0,DO_NOT_ALLOC,0.0
rl3,cenario1_tempo_fixo/310s_10percent,25,1,SIM_EXISTING_HIGH,1,REALLOC_EXIST,0.0
rl3,cenario1_tempo_fixo/310s_10percent,25,1,SIM_EXISTING_HIGH,2,FORM_NEW_CLUST,0.0
rl3,cenario1_tempo_fixo/310s_10percent,25,2,SIM_ORPHAN_LOW,0,DO_NOT_ALLOC,0.522537
rl3,cenario1_tempo_fixo/310s_10percent,25,2,SIM_ORPHAN_LOW,1,REALLOC_EXIST,12.2479
rl3,cenario1_tempo_fixo/310s_10percent,25,2,SIM_ORPHAN_LOW,2,FORM_NEW_CLUST,0.0
rl3,cenario1_tempo_fixo/310s_10percent,25,3,SIM_EXISTING_LOW,0,DO_NOT_ALLOC,0.0
rl3,cenario1_tempo_fixo/310s_10percent,25,3,SIM_EXISTING_LOW,1,REALLOC_EXIST,0.0
rl3,cenario1_tempo_fixo/310s_10percent,25,3,SIM_EXISTING_LOW,2,FORM_NEW_CLUST,0.0
rl3,cenario1_tempo_fixo/310s_10percent,26,0,SIM_ORPHAN_HIGH,0,DO_NOT_ALLOC,52.8738
rl3,cenario1_tempo_fixo/310s_10percent,26,0,SIM_ORPHAN_HIGH,1,REALLOC_EXIST,65.4573
rl3,cenario1_tempo_fixo/310s_10percent,26,0,SIM_ORPHAN_HIGH,2,FORM_NEW_CLUST,98.8695
rl3,cenario1_tempo_fixo/310s_10percent,26,1,SIM_EXISTING_HIGH,0,DO_NOT_ALLOC,0.0
rl3,cenario1_tempo_fixo/310s_10percent,26,1,SIM_EXISTING_HIGH,1,REALLOC_EXIST,0.0
rl3,cenario1_tempo_fixo/310s_10percent,26,1,SIM_EXISTING_HIGH,2,FORM_NEW_CLUST,0.0
rl3,cenario1_tempo_fixo/310s_10percent,26,2,SIM_ORPHAN_LOW,0,DO_NOT_ALLOC,0.522537
rl3,cenario1_tempo_fixo/310s_10percent,26,2,SIM_ORPHAN_LOW,1,REALLOC_EXIST,12.2479
rl3,cenario1_tempo_fixo/310s_10percent,26,2,SIM_ORPHAN_LOW,2,FORM_NEW_CLUST,0.0
rl3,cenario1_tempo_fixo/310s_10percent,26,3,SIM_EXISTING_LOW,0,DO_NOT_ALLOC,0.0
rl3,cenario1_tempo_fixo/310s_10percent,26,3,SIM_EXISTING_LOW,1,REALLOC_EXIST,0.0
rl3,cenario1_tempo_fixo/310s_10percent,26,3,SIM_EXISTING_LOW,2,FORM_NEW_CLUST,0.0
rl3,cenario1_tempo_fixo/310s_10percent,27,0,SIM_ORPHAN_HIGH,0,DO_NOT_ALLOC,56.0104
rl3,cenario1_tempo_fixo/310s_10percent,27,0,SIM_ORPHAN_HIGH,1,REALLOC_EXIST,68.8348
rl3,cenario1_tempo_fixo/310s_10percent,27,0,SIM_ORPHAN_HIGH,2,FORM_NEW_CLUST,99.1638
rl3,cenario1_tempo_fixo/310s_10percent,27,1,SIM_EXISTING_HIGH,0,DO_NOT_ALLOC,0.0
rl3,cenario1_tempo_fixo/310s_10percent,27,1,SIM_EXISTING_HIGH,1,REALLOC_EXIST,0.0
rl3,cenario1_tempo_fixo/310s_10percent,27,1,SIM_EXISTING_HIGH,2,FORM_NEW_CLUST,0.0
rl3,cenario1_tempo_fixo/310s_10percent,27,2,SIM_ORPHAN_LOW,0,DO_NOT_ALLOC,0.522537
rl3,cenario1_tempo_fixo/310s_10percent,27,2,SIM_ORPHAN_LOW,1,REALLOC_EXIST,12.2479
rl3,cenario1_tempo_fixo/310s_10percent,27,2,SIM_ORPHAN_LOW,2,FORM_NEW_CLUST,0.0
rl3,cenario1_tempo_fixo/310s_10percent,27,3,SIM_EXISTING_LOW,0,DO_NOT_ALLOC,0.0
rl3,cenario1_tempo_fixo/310s_10percent,27,3,SIM_EXISTING_LOW,1,REALLOC_EXIST,0.0
rl3,cenario1_tempo_fixo/310s_10percent,27,3,SIM_EXISTING_LOW,2,FORM_NEW_CLUST,0.0
rl3,cenario1_tempo_fixo/310s_10percent,28,0,SIM_ORPHAN_HIGH,0,DO_NOT_ALLOC,56.0104
rl3,cenario1_tempo_fixo/310s_10percent,28,0,SIM_ORPHAN_HIGH,1,REALLOC_EXIST,68.8348
rl3,cenario1_tempo_fixo/310s_10percent,28,0,SIM_ORPHAN_HIGH,2,FORM_NEW_CLUST,99.3297
rl3,cenario1_tempo_fixo/310s_10percent,28,1,SIM_EXISTING_HIGH,0,DO_NOT_ALLOC,0.0
rl3,cenario1_tempo_fixo/310s_10percent,28,1,SIM_EXISTING_HIGH,1,REALLOC_EXIST,0.0
rl3,cenario1_tempo_fixo/310s_10percent,28,1,SIM_EXISTING_HIGH,2,FORM_NEW_CLUST,0.0
rl3,cenario1_tempo_fixo/310s_10percent,28,2,SIM_ORPHAN_LOW,0,DO_NOT_ALLOC,0.522537
rl3,cenario1_tempo_fixo/310s_10percent,28,2,SIM_ORPHAN_LOW,1,REALLOC_EXIST,12.2479
rl3,cenario1_tempo_fixo/310s_10percent,28,2,SIM_ORPHAN_LOW,2,FORM_NEW_CLUST,0.0
rl3,cenario1_tempo_fixo/310s_10percent,28,3,SIM_EXISTING_LOW,0,DO_NOT_ALLOC,0.0
rl3,cenario1_tempo_fixo/310s_10percent,28,3,SIM_EXISTING_LOW,1,REALLOC_EXIST,0.0
rl3,cenario1_tempo_fixo/310s_10percent,28,3,SIM_EXISTING_LOW,2,FORM_NEW_CLUST,0.0
rl3,cenario1_tempo_fixo/310s_10percent,29,0,SIM_ORPHAN_HIGH,0,DO_NOT_ALLOC,58.8559
rl3,cenario1_tempo_fixo/310s_10percent,29,0,SIM_ORPHAN_HIGH,1,REALLOC_EXIST,68.8348
rl3,cenario1_tempo_fixo/310s_10percent,29,0,SIM_ORPHAN_HIGH,2,FORM_NEW_CLUST,99.4518
rl3,cenario1_tempo_fixo/310s_10percent,29,1,SIM_EXISTING_HIGH,0,DO_NOT_ALLOC,0.0
rl3,cenario1_tempo_fixo/310s_10percent,29,1,SIM_EXISTING_HIGH,1,REALLOC_EXIST,0.0
rl3,cenario1_tempo_fixo/310s_10percent,29,1,SIM_EXISTING_HIGH,2,FORM_NEW_CLUST,0.0
rl3,cenario1_tempo_fixo/310s_10percent,29,2,SIM_ORPHAN_LOW,0,DO_NOT_ALLOC,0.522537
rl3,cenario1_tempo_fixo/310s_10percent,29,2,SIM_ORPHAN_LOW,1,REALLOC_EXIST,12.2479
rl3,cenario1_tempo_fixo/310s_10percent,29,2,SIM_ORPHAN_LOW,2,FORM_NEW_CLUST,0.0
rl3,cenario1_tempo_fixo/310s_10percent,29,3,SIM_EXISTING_LOW,0,DO_NOT_ALLOC,0.0
rl3,cenario1_tempo_fixo/310s_10percent,29,3,SIM_EXISTING_LOW,1,REALLOC_EXIST,0.0
rl3,cenario1_tempo_fixo/310s_10percent,29,3,SIM_EXISTING_LOW,2,FORM_NEW_CLUST,0.0
rl3,cenario1_tempo_fixo/310s_10percent,30,0,SIM_ORPHAN_HIGH,0,DO_NOT_ALLOC,61.427
rl3,cenario1_tempo_fixo/310s_10percent,30,0,SIM_ORPHAN_HIGH,1,REALLOC_EXIST,74.6715
rl3,cenario1_tempo_fixo/310s_10percent,30,0,SIM_ORPHAN_HIGH,2,FORM_NEW_CLUST,99.5736
rl3,cenario1_tempo_fixo/310s_10percent,30,1,SIM_EXISTING_HIGH,0,DO_NOT_ALLOC,0.0
rl3,cenario1_tempo_fixo/310s_10percent,30,1,SIM_EXISTING_HIGH,1,REALLOC_EXIST,0.0
rl3,cenario1_tempo_fixo/310s_10percent,30,1,SIM_EXISTING_HIGH,2,FORM_NEW_CLUST,0.0
rl3,cenario1_tempo_fixo/310s_10percent,30,2,SIM_ORPHAN_LOW,0,DO_NOT_ALLOC,0.522537
rl3,cenario1_tempo_fixo/310s_10percent,30,2,SIM_ORPHAN_LOW,1,REALLOC_EXIST,12.2479
rl3,cenario1_tempo_fixo/310s_10percent,30,2,SIM_ORPHAN_LOW,2,FORM_NEW_CLUST,0.0
rl3,cenario1_tempo_fixo/310s_10percent,30,3,SIM_EXISTING_LOW,0,DO_NOT_ALLOC,0.0
rl3,cenario1_tempo_fixo/310s_10percent,30,3,SIM_EXISTING_LOW,1,REALLOC_EXIST,0.0
rl3,cenario1_tempo_fixo/310s_10percent,30,3,SIM_EXISTING_LOW,2,FORM_NEW_CLUST,0.0
rl3,cenario1_tempo_fixo/310s_10percent,31,0,SIM_ORPHAN_HIGH,0,DO_NOT_ALLOC,61.427
rl3,cenario1_tempo_fixo/310s_10percent,31,0,SIM_ORPHAN_HIGH,1,REALLOC_EXIST,74.6715
rl3,cenario1_tempo_fixo/310s_10percent,31,0,SIM_ORPHAN_HIGH,2,FORM_NEW_CLUST,99.5736
rl3,cenario1_tempo_fixo/310s_10percent,31,1,SIM_EXISTING_HIGH,0,DO_NOT_ALLOC,0.0
rl3,cenario1_tempo_fixo/310s_10percent,31,1,SIM_EXISTING_HIGH,1,REALLOC_EXIST,0.0
rl3,cenario1_tempo_fixo/310s_10percent,31,1,SIM_EXISTING_HIGH,2,FORM_NEW_CLUST,0.0
rl3,cenario1_tempo_fixo/310s_10percent,31,2,SIM_ORPHAN_LOW,0,DO_NOT_ALLOC,0.522537
rl3,cenario1_tempo_fixo/310s_10percent,31,2,SIM_ORPHAN_LOW,1,REALLOC_EXIST,15.7057
rl3,cenario1_tempo_fixo/310s_10percent,31,2,SIM_ORPHAN_LOW,2,FORM_NEW_CLUST,0.0
rl3,cenario1_tempo_fixo/310s_10percent,31,3,SIM_EXISTING_LOW,0,DO_NOT_ALLOC,0.0
rl3,cenario1_tempo_fixo/310s_10percent,31,3,SIM_EXISTING_LOW,1,REALLOC_EXIST,0.0
rl3,cenario1_tempo_fixo/310s_10percent,31,3,SIM_EXISTING_LOW,2,FORM_NEW_CLUST,0.0
rl3,cenario1_tempo_fixo/310s_10percent,32,0,SIM_ORPHAN_HIGH,0,DO_NOT_ALLOC,61.427
rl3,cenario1_tempo_fixo/310s_10percent,32,0,SIM_ORPHAN_HIGH,1,REALLOC_EXIST,74.6715
rl3,cenario1_tempo_fixo/310s_10percent,32,0,SIM_ORPHAN_HIGH,2,FORM_NEW_CLUST,99.6616
rl3,cenario1_tempo_fixo/310s_10percent,32,1,SIM_EXISTING_HIGH,0,DO_NOT_ALLOC,0.0
rl3,cenario1_tempo_fixo/310s_10percent,32,1,SIM_EXISTING_HIGH,1,REALLOC_EXIST,0.0
rl3,cenario1_tempo_fixo/310s_10percent,32,1,SIM_EXISTING_HIGH,2,FORM_NEW_CLUST,0.0
rl3,cenario1_tempo_fixo/310s_10percent,32,2,SIM_ORPHAN_LOW,0,DO_NOT_ALLOC,0.522537
rl3,cenario1_tempo_fixo/310s_10percent,32,2,SIM_ORPHAN_LOW,1,REALLOC_EXIST,15.7057
rl3,cenario1_tempo_fixo/310s_10percent,32,2,SIM_ORPHAN_LOW,2,FORM_NEW_CLUST,0.0
rl3,cenario1_tempo_fixo/310s_10percent,32,3,SIM_EXISTING_LOW,0,DO_NOT_ALLOC,0.0
rl3,cenario1_tempo_fixo/310s_10percent,32,3,SIM_EXISTING_LOW,1,REALLOC_EXIST,0.0
rl3,cenario1_tempo_fixo/310s_10percent,32,3,SIM_EXISTING_LOW,2,FORM_NEW_CLUST,0.0
rl3,cenario1_tempo_fixo/310s_10percent,33,0,SIM_ORPHAN_HIGH,0,DO_NOT_ALLOC,61.427
rl3,cenario1_tempo_fixo/310s_10percent,33,0,SIM_ORPHAN_HIGH,1,REALLOC_EXIST,74.6715
rl3,cenario1_tempo_fixo/310s_10percent,33,0,SIM_ORPHAN_HIGH,2,FORM_NEW_CLUST,99.7341
rl3,cenario1_tempo_fixo/310s_10percent,33,1,SIM_EXISTING_HIGH,0,DO_NOT_ALLOC,0.0
rl3,cenario1_tempo_fixo/310s_10percent,33,1,SIM_EXISTING_HIGH,1,REALLOC_EXIST,0.0
rl3,cenario1_tempo_fixo/310s_10percent,33,1,SIM_EXISTING_HIGH,2,FORM_NEW_CLUST,0.0
rl3,cenario1_tempo_fixo/310s_10percent,33,2,SIM_ORPHAN_LOW,0,DO_NOT_ALLOC,0.522537
rl3,cenario1_tempo_fixo/310s_10percent,33,2,SIM_ORPHAN_LOW,1,REALLOC_EXIST,15.7057
rl3,cenario1_tempo_fixo/310s_10percent,33,2,SIM_ORPHAN_LOW,2,FORM_NEW_CLUST,0.0
rl3,cenario1_tempo_fixo/310s_10percent,33,3,SIM_EXISTING_LOW,0,DO_NOT_ALLOC,0.0
rl3,cenario1_tempo_fixo/310s_10percent,33,3,SIM_EXISTING_LOW,1,REALLOC_EXIST,0.0
rl3,cenario1_tempo_fixo/310s_10percent,33,3,SIM_EXISTING_LOW,2,FORM_NEW_CLUST,0.0
rl3,cenario1_tempo_fixo/310s_10percent,34,0,SIM_ORPHAN_HIGH,0,DO_NOT_ALLOC,63.7604
rl3,cenario1_tempo_fixo/310s_10percent,34,0,SIM_ORPHAN_HIGH,1,REALLOC_EXIST,74.6715
rl3,cenario1_tempo_fixo/310s_10percent,34,0,SIM_ORPHAN_HIGH,2,FORM_NEW_CLUST,99.7471
rl3,cenario1_tempo_fixo/310s_10percent,34,1,SIM_EXISTING_HIGH,0,DO_NOT_ALLOC,0.0
rl3,cenario1_tempo_fixo/310s_10percent,34,1,SIM_EXISTING_HIGH,1,REALLOC_EXIST,0.0
rl3,cenario1_tempo_fixo/310s_10percent,34,1,SIM_EXISTING_HIGH,2,FORM_NEW_CLUST,0.0
rl3,cenario1_tempo_fixo/310s_10percent,34,2,SIM_ORPHAN_LOW,0,DO_NOT_ALLOC,0.522537
rl3,cenario1_tempo_fixo/310s_10percent,34,2,SIM_ORPHAN_LOW,1,REALLOC_EXIST,15.7057
rl3,cenario1_tempo_fixo/310s_10percent,34,2,SIM_ORPHAN_LOW,2,FORM_NEW_CLUST,0.0
rl3,cenario1_tempo_fixo/310s_10percent,34,3,SIM_EXISTING_LOW,0,DO_NOT_ALLOC,0.0
rl3,cenario1_tempo_fixo/310s_10percent,34,3,SIM_EXISTING_LOW,1,REALLOC_EXIST,0.0
rl3,cenario1_tempo_fixo/310s_10percent,34,3,SIM_EXISTING_LOW,2,FORM_NEW_CLUST,0.0
rl3,cenario1_tempo_fixo/310s_10percent,35,0,SIM_ORPHAN_HIGH,0,DO_NOT_ALLOC,63.7604
rl3,cenario1_tempo_fixo/310s_10percent,35,0,SIM_ORPHAN_HIGH,1,REALLOC_EXIST,77.1825
rl3,cenario1_tempo_fixo/310s_10percent,35,0,SIM_ORPHAN_HIGH,2,FORM_NEW_CLUST,99.7781
rl3,cenario1_tempo_fixo/310s_10percent,35,1,SIM_EXISTING_HIGH,0,DO_NOT_ALLOC,0.0
rl3,cenario1_tempo_fixo/310s_10percent,35,1,SIM_EXISTING_HIGH,1,REALLOC_EXIST,0.0
rl3,cenario1_tempo_fixo/310s_10percent,35,1,SIM_EXISTING_HIGH,2,FORM_NEW_CLUST,0.0
rl3,cenario1_tempo_fixo/310s_10percent,35,2,SIM_ORPHAN_LOW,0,DO_NOT_ALLOC,0.522537
rl3,cenario1_tempo_fixo/310s_10percent,35,2,SIM_ORPHAN_LOW,1,REALLOC_EXIST,15.7057
rl3,cenario1_tempo_fixo/310s_10percent,35,2,SIM_ORPHAN_LOW,2,FORM_NEW_CLUST,0.0
rl3,cenario1_tempo_fixo/310s_10percent,35,3,SIM_EXISTING_LOW,0,DO_NOT_ALLOC,0.0
rl3,cenario1_tempo_fixo/310s_10percent,35,3,SIM_EXISTING_LOW,1,REALLOC_EXIST,0.0
rl3,cenario1_tempo_fixo/310s_10percent,35,3,SIM_EXISTING_LOW,2,FORM_NEW_CLUST,0.0
rl3,cenario1_tempo_fixo/310s_20percent,1,0,SIM_ORPHAN_HIGH,0,DO_NOT_ALLOC,-0.108754
rl3,cenario1_tempo_fixo/310s_20percent,1,0,SIM_ORPHAN_HIGH,1,REALLOC_EXIST,0.0
rl3,cenario1_tempo_fixo/310s_20percent,1,0,SIM_ORPHAN_HIGH,2,FORM_NEW_CLUST,15.7057
rl3,cenario1_tempo_fixo/310s_20percent,1,1,SIM_EXISTING_HIGH,0,DO_NOT_ALLOC,0.0
rl3,cenario1_tempo_fixo/310s_20percent,1,1,SIM_EXISTING_HIGH,1,REALLOC_EXIST,0.0
rl3,cenario1_tempo_fixo/310s_20percent,1,1,SIM_EXISTING_HIGH,2,FORM_NEW_CLUST,0.0
rl3,cenario1_tempo_fixo/310s_20percent,1,2,SIM_ORPHAN_LOW,0,DO_NOT_ALLOC,0.0
rl3,cenario1_tempo_fixo/310s_20percent,1,2,SIM_ORPHAN_LOW,1,REALLOC_EXIST,0.0
rl3,cenario1_tempo_fixo/310s_20percent,1,2,SIM_ORPHAN_LOW,2,FORM_NEW_CLUST,0.0
rl3,cenario1_tempo_fixo/310s_20percent,1,3,SIM_EXISTING_LOW,0,DO_NOT_ALLOC,0.0
rl3,cenario1_tempo_fixo/310s_20percent,1,3,SIM_EXISTING_LOW,1,REALLOC_EXIST,0.0
rl3,cenario1_tempo_fixo/310s_20percent,1,3,SIM_EXISTING_LOW,2,FORM_NEW_CLUST,0.0
rl3,cenario1_tempo_fixo/310s_20percent,2,0,SIM_ORPHAN_HIGH,0,DO_NOT_ALLOC,-0.108754
rl3,cenario1_tempo_fixo/310s_20percent,2,0,SIM_ORPHAN_HIGH,1,REALLOC_EXIST,2.71245
rl3,cenario1_tempo_fixo/310s_20percent,2,0,SIM_ORPHAN_HIGH,2,FORM_NEW_CLUST,22.2179
rl3,cenario1_tempo_fixo/310s_20percent,2,1,SIM_EXISTING_HIGH,0,DO_NOT_ALLOC,0.0
rl3,cenario1_tempo_fixo/310s_20percent,2,1,SIM_EXISTING_HIGH,1,REALLOC_EXIST,0.0
rl3,cenario1_tempo_fixo/310s_20percent,2,1,SIM_EXISTING_HIGH,2,FORM_NEW_CLUST,0.0
rl3,cenario1_tempo_fixo/310s_20percent,2,2,SIM_ORPHAN_LOW,0,DO_NOT_ALLOC,0.0
rl3,cenario1_tempo_fixo/310s_20percent,2,2,SIM_ORPHAN_LOW,1,REALLOC_EXIST,0.0
rl3,cenario1_tempo_fixo/310s_20percent,2,2,SIM_ORPHAN_LOW,2,FORM_NEW_CLUST,0.0
rl3,cenario1_tempo_fixo/310s_20percent,2,3,SIM_EXISTING_LOW,0,DO_NOT_ALLOC,0.0
rl3,cenario1_tempo_fixo/310s_20percent,2,3,SIM_EXISTING_LOW,1,REALLOC_EXIST,0.0
rl3,cenario1_tempo_fixo/310s_20percent,2,3,SIM_EXISTING_LOW,2,FORM_NEW_CLUST,0.0
rl3,cenario1_tempo_fixo/310s_20percent,3,0,SIM_ORPHAN_HIGH,0,DO_NOT_ALLOC,2.13441
rl3,cenario1_tempo_fixo/310s_20percent,3,0,SIM_ORPHAN_HIGH,1,REALLOC_EXIST,9.17389
rl3,cenario1_tempo_fixo/310s_20percent,3,0,SIM_ORPHAN_HIGH,2,FORM_NEW_CLUST,41.8834
rl3,cenario1_tempo_fixo/310s_20percent,3,1,SIM_EXISTING_HIGH,0,DO_NOT_ALLOC,0.0
rl3,cenario1_tempo_fixo/310s_20percent,3,1,SIM_EXISTING_HIGH,1,REALLOC_EXIST,0.0
rl3,cenario1_tempo_fixo/310s_20percent,3,1,SIM_EXISTING_HIGH,2,FORM_NEW_CLUST,0.0
rl3,cenario1_tempo_fixo/310s_20percent,3,2,SIM_ORPHAN_LOW,0,DO_NOT_ALLOC,0.0
rl3,cenario1_tempo_fixo/310s_20percent,3,2,SIM_ORPHAN_LOW,1,REALLOC_EXIST,0.0
rl3,cenario1_tempo_fixo/310s_20percent,3,2,SIM_ORPHAN_LOW,2,FORM_NEW_CLUST,0.0
rl3,cenario1_tempo_fixo/310s_20percent,3,3,SIM_EXISTING_LOW,0,DO_NOT_ALLOC,0.0
rl3,cenario1_tempo_fixo/310s_20percent,3,3,SIM_EXISTING_LOW,1,REALLOC_EXIST,0.0
rl3,cenario1_tempo_fixo/310s_20percent,3,3,SIM_EXISTING_LOW,2,FORM_NEW_CLUST,0.0
rl3,cenario1_tempo_fixo/310s_20percent,4,0,SIM_ORPHAN_HIGH,0,DO_NOT_ALLOC,2.13441
rl3,cenario1_tempo_fixo/310s_20percent,4,0,SIM_ORPHAN_HIGH,1,REALLOC_EXIST,9.17389
rl3,cenario1_tempo_fixo/310s_20percent,4,0,SIM_ORPHAN_HIGH,2,FORM_NEW_CLUST,41.8834
rl3,cenario1_tempo_fixo/310s_20percent,4,1,SIM_EXISTING_HIGH,0,DO_NOT_ALLOC,0.0
rl3,cenario1_tempo_fixo/310s_20percent,4,1,SIM_EXISTING_HIGH,1,REALLOC_EXIST,0.0
rl3,cenario1_tempo_fixo/310s_20percent,4,1,SIM_EXISTING_HIGH,2,FORM_NEW_CLUST,0.0
rl3,cenario1_tempo_fixo/310s_20percent,4,2,SIM_ORPHAN_LOW,0,DO_NOT_ALLOC,-0.5
rl3,cenario1_tempo_fixo/310s_20percent,4,2,SIM_ORPHAN_LOW,1,REALLOC_EXIST,6.79347
rl3,cenario1_tempo_fixo/310s_20percent,4,2,SIM_ORPHAN_LOW,2,FORM_NEW_CLUST,0.0
rl3,cenario1_tempo_fixo/310s_20percent,4,3,SIM_EXISTING_LOW,0,DO_NOT_ALLOC,0.0
rl3,cenario1_tempo_fixo/310s_20percent,4,3,SIM_EXISTING_LOW,1,REALLOC_EXIST,0.0
rl3,cenario1_tempo_fixo/310s_20percent,4,3,SIM_EXISTING_LOW,2,FORM_NEW_CLUST,0.0
rl3,cenario1_tempo_fixo/310s_20percent,5,0,SIM_ORPHAN_HIGH,0,DO_NOT_ALLOC,5.39658
rl3,cenario1_tempo_fixo/310s_20percent,5,0,SIM_ORPHAN_HIGH,1,REALLOC_EXIST,18.2593
rl3,cenario1_tempo_fixo/310s_20percent,5,0,SIM_ORPHAN_HIGH,2,FORM_NEW_CLUST,62.6536
rl3,cenario1_tempo_fixo/310s_20percent,5,1,SIM_EXISTING_HIGH,0,DO_NOT_ALLOC,0.0
rl3,cenario1_tempo_fixo/310s_20percent,5,1,SIM_EXISTING_HIGH,1,REALLOC_EXIST,0.0
rl3,cenario1_tempo_fixo/310s_20percent,5,1,SIM_EXISTING_HIGH,2,FORM_NEW_CLUST,0.0
rl3,cenario1_tempo_fixo/310s_20percent,5,2,SIM_ORPHAN_LOW,0,DO_NOT_ALLOC,-0.5
rl3,cenario1_tempo_fixo/310s_20percent,5,2,SIM_ORPHAN_LOW,1,REALLOC_EXIST,6.79347
rl3,cenario1_tempo_fixo/310s_20percent,5,2,SIM_ORPHAN_LOW,2,FORM_NEW_CLUST,0.0
rl3,cenario1_tempo_fixo/310s_20percent,5,3,SIM_EXISTING_LOW,0,DO_NOT_ALLOC,0.0
rl3,cenario1_tempo_fixo/310s_20percent,5,3,SIM_EXISTING_LOW,1,REALLOC_EXIST,0.0
rl3,cenario1_tempo_fixo/310s_20percent,5,3,SIM_EXISTING_LOW,2,FORM_NEW_CLUST,0.0
rl3,cenario1_tempo_fixo/310s_20percent,6,0,SIM_ORPHAN_HIGH,0,DO_NOT_ALLOC,10.3475
rl3,cenario1_tempo_fixo/310s_20percent,6,0,SIM_ORPHAN_HIGH,1,REALLOC_EXIST,18.2593
rl3,cenario1_tempo_fixo/310s_20percent,6,0,SIM_ORPHAN_HIGH,2,FORM_NEW_CLUST,72.0958
rl3,cenario1_tempo_fixo/310s_20percent,6,1,SIM_EXISTING_HIGH,0,DO_NOT_ALLOC,0.0
rl3,cenario1_tempo_fixo/310s_20percent,6,1,SIM_EXISTING_HIGH,1,REALLOC_EXIST,0.0
rl3,cenario1_tempo_fixo/310s_20percent,6,1,SIM_EXISTING_HIGH,2,FORM_NEW_CLUST,0.0
rl3,cenario1_tempo_fixo/310s_20percent,6,2,SIM_ORPHAN_LOW,0,DO_NOT_ALLOC,-0.5
rl3,cenario1_tempo_fixo/310s_20percent,6,2,SIM_ORPHAN_LOW,1,REALLOC_EXIST,6.79347
rl3,cenario1_tempo_fixo/310s_20percent,6,2,SIM_ORPHAN_LOW,2,FORM_NEW_CLUST,0.0
rl3,cenario1_tempo_fixo/310s_20percent,6,3,SIM_EXISTING_LOW,0,DO_NOT_ALLOC,0.0
rl3,cenario1_tempo_fixo/310s_20percent,6,3,SIM_EXISTING_LOW,1,REALLOC_EXIST,0.0
rl3,cenario1_tempo_fixo/310s_20percent,6,3,SIM_EXISTING_LOW,2,FORM_NEW_CLUST,0.0
rl3,cenario1_tempo_fixo/310s_20percent,7,0,SIM_ORPHAN_HIGH,0,DO_NOT_ALLOC,24.5841
rl3,cenario1_tempo_fixo/310s_20percent,7,0,SIM_ORPHAN_HIGH,1,REALLOC_EXIST,24.2516
rl3,cenario1_tempo_fixo/310s_20percent,7,0,SIM_ORPHAN_HIGH,2,FORM_NEW_CLUST,78.2955
rl3,cenario1_tempo_fixo/310s_20percent,7,1,SIM_EXISTING_HIGH,0,DO_NOT_ALLOC,0.0
rl3,cenario1_tempo_fixo/310s_20percent,7,1,SIM_EXISTING_HIGH,1,REALLOC_EXIST,0.0
rl3,cenario1_tempo_fixo/310s_20percent,7,1,SIM_EXISTING_HIGH,2,FORM_NEW_CLUST,0.0
rl3,cenario1_tempo_fixo/310s_20percent,7,2,SIM_ORPHAN_LOW,0,DO_NOT_ALLOC,-0.5
rl3,cenario1_tempo_fixo/310s_20percent,7,2,SIM_ORPHAN_LOW,1,REALLOC_EXIST,6.79347
rl3,cenario1_tempo_fixo/310s_20percent,7,2,SIM_ORPHAN_LOW,2,FORM_NEW_CLUST,0.0
rl3,cenario1_tempo_fixo/310s_20percent,7,3,SIM_EXISTING_LOW,0,DO_NOT_ALLOC,0.0
rl3,cenario1_tempo_fixo/310s_20percent,7,3,SIM_EXISTING_LOW,1,REALLOC_EXIST,0.0
rl3,cenario1_tempo_fixo/310s_20percent,7,3,SIM_EXISTING_LOW,2,FORM_NEW_CLUST,0.0
rl3,cenario1_tempo_fixo/310s_20percent,8,0,SIM_ORPHAN_HIGH,0,DO_NOT_ALLOC,29.0909
rl3,cenario1_tempo_fixo/310s_20percent,8,0,SIM_ORPHAN_HIGH,1,REALLOC_EXIST,35.4556
rl3,cenario1_tempo_fixo/310s_20percent,8,0,SIM_ORPHAN_HIGH,2,FORM_NEW_CLUST,84.1057
rl3,cenario1_tempo_fixo/310s_20percent,8,1,SIM_EXISTING_HIGH,0,DO_NOT_ALLOC,0.0
rl3,cenario1_tempo_fixo/310s_20percent,8,1,SIM_EXISTING_HIGH,1,REALLOC_EXIST,0.0
rl3,cenario1_tempo_fixo/310s_20percent,8,1,SIM_EXISTING_HIGH,2,FORM_NEW_CLUST,0.0
rl3,cenario1_tempo_fixo/310s_20percent,8,2,SIM_ORPHAN_LOW,0,DO_NOT_ALLOC,-0.5
rl3,cenario1_tempo_fixo/310s_20percent,8,2,SIM_ORPHAN_LOW,1,REALLOC_EXIST,6.79347
rl3,cenario1_tempo_fixo/310s_20percent,8,2,SIM_ORPHAN_LOW,2,FORM_NEW_CLUST,0.0
rl3,cenario1_tempo_fixo/310s_20percent,8,3,SIM_EXISTING_LOW,0,DO_NOT_ALLOC,0.0
rl3,cenario1_tempo_fixo/310s_20percent,8,3,SIM_EXISTING_LOW,1,REALLOC_EXIST,0.0
rl3,cenario1_tempo_fixo/310s_20percent,8,3,SIM_EXISTING_LOW,2,FORM_NEW_CLUST,0.0
rl3,cenario1_tempo_fixo/310s_20percent,9,0,SIM_ORPHAN_HIGH,0,DO_NOT_ALLOC,29.0909
rl3,cenario1_tempo_fixo/310s_20percent,9,0,SIM_ORPHAN_HIGH,1,REALLOC_EXIST,45.5087
rl3,cenario1_tempo_fixo/310s_20percent,9,0,SIM_ORPHAN_HIGH,2,FORM_NEW_CLUST,88.0043
rl3,cenario1_tempo_fixo/310s_20percent,9,1,SIM_EXISTING_HIGH,0,DO_NOT_ALLOC,0.0
rl3,cenario1_tempo_fixo/310s_20percent,9,1,SIM_EXISTING_HIGH,1,REALLOC_EXIST,0.0
rl3,cenario1_tempo_fixo/310s_20percent,9,1,SIM_EXISTING_HIGH,2,FORM_NEW_CLUST,0.0
rl3,cenario1_tempo_fixo/310s_20percent,9,2,SIM_ORPHAN_LOW,0,DO_NOT_ALLOC,0.463512
rl3,cenario1_tempo_fixo/310s_20percent,9,2,SIM_ORPHAN_LOW,1,REALLOC_EXIST,16.5486
rl3,cenario1_tempo_fixo/310s_20percent,9,2,SIM_ORPHAN_LOW,2,FORM_NEW_CLUST,0.0
rl3,cenario1_tempo_fixo/310s_20percent,9,3,SIM_EXISTING_LOW,0,DO_NOT_ALLOC,0.0
rl3,cenario1_tempo_fixo/310s_20percent,9,3,SIM_EXISTING_LOW,1,REALLOC_EXIST,0.0
rl3,cenario1_tempo_fixo/310s_20percent,9,3,SIM_EXISTING_LOW,2,FORM_NEW_CLUST,0.0
rl3,cenario1_tempo_fixo/310s_20percent,10,0,SIM_ORPHAN_HIGH,0,DO_NOT_ALLOC,29.0909
rl3,cenario1_tempo_fixo/310s_20percent,10,0,SIM_ORPHAN_HIGH,1,REALLOC_EXIST,45.5087
rl3,cenario1_tempo_fixo/310s_20percent,10,0,SIM_ORPHAN_HIGH,2,FORM_NEW_CLUST,88.0043
rl3,cenario1_tempo_fixo/310s_20percent,10,1,SIM_EXISTING_HIGH,0,DO_NOT_ALLOC,0.0
rl3,cenario1_tempo_fixo/310s_20percent,10,1,SIM_EXISTING_HIGH,1,REALLOC_EXIST,0.0
rl3,cenario1_tempo_fixo/310s_20percent,10,1,SIM_EXISTING_HIGH,2,FORM_NEW_CLUST,0.0
rl3,cenario1_tempo_fixo/310s_20percent,10,2,SIM_ORPHAN_LOW,0,DO_NOT_ALLOC,0.463512
rl3,cenario1_tempo_fixo/310s_20percent,10,2,SIM_ORPHAN_LOW,1,REALLOC_EXIST,32.4271
rl3,cenario1_tempo_fixo/310s_20percent,10,2,SIM_ORPHAN_LOW,2,FORM_NEW_CLUST,3.79496
rl3,cenario1_tempo_fixo/310s_20percent,10,3,SIM_EXISTING_LOW,0,DO_NOT_ALLOC,0.0
rl3,cenario1_tempo_fixo/310s_20percent,10,3,SIM_EXISTING_LOW,1,REALLOC_EXIST,0.0
rl3,cenario1_tempo_fixo/310s_20percent,10,3,SIM_EXISTING_LOW,2,FORM_NEW_CLUST,0.0
rl3,cenario1_tempo_fixo/310s_20percent,11,0,SIM_ORPHAN_HIGH,0,DO_NOT_ALLOC,29.0909
rl3,cenario1_tempo_fixo/310s_20percent,11,0,SIM_ORPHAN_HIGH,1,REALLOC_EXIST,45.5087
rl3,cenario1_tempo_fixo/310s_20percent,11,0,SIM_ORPHAN_HIGH,2,FORM_NEW_CLUST,89.4735
rl3,cenario1_tempo_fixo/310s_20percent,11,1,SIM_EXISTING_HIGH,0,DO_NOT_ALLOC,0.0
rl3,cenario1_tempo_fixo/310s_20percent,11,1,SIM_EXISTING_HIGH,1,REALLOC_EXIST,0.0
rl3,cenario1_tempo_fixo/310s_20percent,11,1,SIM_EXISTING_HIGH,2,FORM_NEW_CLUST,0.0
rl3,cenario1_tempo_fixo/310s_20percent,11,2,SIM_ORPHAN_LOW,0,DO_NOT_ALLOC,0.463512
rl3,cenario1_tempo_fixo/310s_20percent,11,2,SIM_ORPHAN_LOW,1,REALLOC_EXIST,46.9094
rl3,cenario1_tempo_fixo/310s_20percent,11,2,SIM_ORPHAN_LOW,2,FORM_NEW_CLUST,3.79496
rl3,cenario1_tempo_fixo/310s_20percent,11,3,SIM_EXISTING_LOW,0,DO_NOT_ALLOC,0.0
rl3,cenario1_tempo_fixo/310s_20percent,11,3,SIM_EXISTING_LOW,1,REALLOC_EXIST,0.0
rl3,cenario1_tempo_fixo/310s_20percent,11,3,SIM_EXISTING_LOW,2,FORM_NEW_CLUST,0.0
rl3,cenario1_tempo_fixo/310s_20percent,12,0,SIM_ORPHAN_HIGH,0,DO_NOT_ALLOC,34.0086
rl3,cenario1_tempo_fixo/310s_20percent,12,0,SIM_ORPHAN_HIGH,1,REALLOC_EXIST,58.149
rl3,cenario1_tempo_fixo/310s_20percent,12,0,SIM_ORPHAN_HIGH,2,FORM_NEW_CLUST,92.5952
rl3,cenario1_tempo_fixo/310s_20percent,12,1,SIM_EXISTING_HIGH,0,DO_NOT_ALLOC,0.0
rl3,cenario1_tempo_fixo/310s_20percent,12,1,SIM_EXISTING_HIGH,1,REALLOC_EXIST,0.0
rl3,cenario1_tempo_fixo/310s_20percent,12,1,SIM_EXISTING_HIGH,2,FORM_NEW_CLUST,0.0
rl3,cenario1_tempo_fixo/310s_20percent,12,2,SIM_ORPHAN_LOW,0,DO_NOT_ALLOC,0.463512
rl3,cenario1_tempo_fixo/310s_20percent,12,2,SIM_ORPHAN_LOW,1,REALLOC_EXIST,46.9094
rl3,cenario1_tempo_fixo/310s_20percent,12,2,SIM_ORPHAN_LOW,2,FORM_NEW_CLUST,3.79496
rl3,cenario1_tempo_fixo/310s_20percent,12,3,SIM_EXISTING_LOW,0,DO_NOT_ALLOC,0.0
rl3,cenario1_tempo_fixo/310s_20percent,12,3,SIM_EXISTING_LOW,1,REALLOC_EXIST,0.0
rl3,cenario1_tempo_fixo/310s_20percent,12,3,SIM_EXISTING_LOW,2,FORM_NEW_CLUST,0.0
rl3,cenario1_tempo_fixo/310s_20percent,13,0,SIM_ORPHAN_HIGH,0,DO_NOT_ALLOC,38.5516
rl3,cenario1_tempo_fixo/310s_20percent,13,0,SIM_ORPHAN_HIGH,1,REALLOC_EXIST,58.149
rl3,cenario1_tempo_fixo/310s_20percent,13,0,SIM_ORPHAN_HIGH,2,FORM_NEW_CLUST,94.298
rl3,cenario1_tempo_fixo/310s_20percent,13,1,SIM_EXISTING_HIGH,0,DO_NOT_ALLOC,0.0
rl3,cenario1_tempo_fixo/310s_20percent,13,1,SIM_EXISTING_HIGH,1,REALLOC_EXIST,0.0
rl3,cenario1_tempo_fixo/310s_20percent,13,1,SIM_EXISTING_HIGH,2,FORM_NEW_CLUST,0.0
rl3,cenario1_tempo_fixo/310s_20percent,13,2,SIM_ORPHAN_LOW,0,DO_NOT_ALLOC,0.463512
rl3,cenario1_tempo_fixo/310s_20percent,13,2,SIM_ORPHAN_LOW,1,REALLOC_EXIST,46.9094
rl3,cenario1_tempo_fixo/310s_20percent,13,2,SIM_ORPHAN_LOW,2,FORM_NEW_CLUST,3.79496
rl3,cenario1_tempo_fixo/310s_20percent,13,3,SIM_EXISTING_LOW,0,DO_NOT_ALLOC,0.0
rl3,cenario1_tempo_fixo/310s_20percent,13,3,SIM_EXISTING_LOW,1,REALLOC_EXIST,0.0
rl3,cenario1_tempo_fixo/310s_20percent,13,3,SIM_EXISTING_LOW,2,FORM_NEW_CLUST,0.0
rl3,cenario1_tempo_fixo/310s_20percent,14,0,SIM_ORPHAN_HIGH,0,DO_NOT_ALLOC,55.9546
rl3,cenario1_tempo_fixo/310s_20percent,14,0,SIM_ORPHAN_HIGH,1,REALLOC_EXIST,61.9731
rl3,cenario1_tempo_fixo/310s_20percent,14,0,SIM_ORPHAN_HIGH,2,FORM_NEW_CLUST,96.4087
rl3,cenario1_tempo_fixo/310s_20percent,14,1,SIM_EXISTING_HIGH,0,DO_NOT_ALLOC,0.0
rl3,cenario1_tempo_fixo/310s_20percent,14,1,SIM_EXISTING_HIGH,1,REALLOC_EXIST,0.0
rl3,cenario1_tempo_fixo/310s_20percent,14,1,SIM_EXISTING_HIGH,2,FORM_NEW_CLUST,0.0
rl3,cenario1_tempo_fixo/310s_20percent,14,2,SIM_ORPHAN_LOW,0,DO_NOT_ALLOC,0.463512
rl3,cenario1_tempo_fixo/310s_20percent,14,2,SIM_ORPHAN_LOW,1,REALLOC_EXIST,46.9094
rl3,cenario1_tempo_fixo/310s_20percent,14,2,SIM_ORPHAN_LOW,2,FORM_NEW_CLUST,3.79496
rl3,cenario1_tempo_fixo/310s_20percent,14,3,SIM_EXISTING_LOW,0,DO_NOT_ALLOC,0.0
rl3,cenario1_tempo_fixo/310s_20percent,14,3,SIM_EXISTING_LOW,1,REALLOC_EXIST,0.0
rl3,cenario1_tempo_fixo/310s_20percent,14,3,SIM_EXISTING_LOW,2,FORM_NEW_CLUST,0.0
rl3,cenario1_tempo_fixo/310s_20percent,15,0,SIM_ORPHAN_HIGH,0,DO_NOT_ALLOC,58.5668
rl3,cenario1_tempo_fixo/310s_20percent,15,0,SIM_ORPHAN_HIGH,1,REALLOC_EXIST,68.6407
rl3,cenario1_tempo_fixo/310s_20percent,15,0,SIM_ORPHAN_HIGH,2,FORM_NEW_CLUST,97.003
rl3,cenario1_tempo_fixo/310s_20percent,15,1,SIM_EXISTING_HIGH,0,DO_NOT_ALLOC,0.0
rl3,cenario1_tempo_fixo/310s_20percent,15,1,SIM_EXISTING_HIGH,1,REALLOC_EXIST,0.0
rl3,cenario1_tempo_fixo/310s_20percent,15,1,SIM_EXISTING_HIGH,2,FORM_NEW_CLUST,0.0
rl3,cenario1_tempo_fixo/310s_20percent,15,2,SIM_ORPHAN_LOW,0,DO_NOT_ALLOC,0.463512
rl3,cenario1_tempo_fixo/310s_20percent,15,2,SIM_ORPHAN_LOW,1,REALLOC_EXIST,46.9094
rl3,cenario1_tempo_fixo/310s_20percent,15,2,SIM_ORPHAN_LOW,2,FORM_NEW_CLUST,3.79496
rl3,cenario1_tempo_fixo/310s_20percent,15,3,SIM_EXISTING_LOW,0,DO_NOT_ALLOC,0.0
rl3,cenario1_tempo_fixo/310s_20percent,15,3,SIM_EXISTING_LOW,1,REALLOC_EXIST,0.0
rl3,cenario1_tempo_fixo/310s_20percent,15,3,SIM_EXISTING_LOW,2,FORM_NEW_CLUST,0.0
rl3,cenario1_tempo_fixo/310s_20percent,16,0,SIM_ORPHAN_HIGH,0,DO_NOT_ALLOC,60.9484
rl3,cenario1_tempo_fixo/310s_20percent,16,0,SIM_ORPHAN_HIGH,1,REALLOC_EXIST,71.5689
rl3,cenario1_tempo_fixo/310s_20percent,16,0,SIM_ORPHAN_HIGH,2,FORM_NEW_CLUST,97.7607
rl3,cenario1_tempo_fixo/310s_20percent,16,1,SIM_EXISTING_HIGH,0,DO_NOT_ALLOC,0.0
rl3,cenario1_tempo_fixo/310s_20percent,16,1,SIM_EXISTING_HIGH,1,REALLOC_EXIST,0.0
rl3,cenario1_tempo_fixo/310s_20percent,16,1,SIM_EXISTING_HIGH,2,FORM_NEW_CLUST,0.0
rl3,cenario1_tempo_fixo/310s_20percent,16,2,SIM_ORPHAN_LOW,0,DO_NOT_ALLOC,0.463512
rl3,cenario1_tempo_fixo/310s_20percent,16,2,SIM_ORPHAN_LOW,1,REALLOC_EXIST,46.9094
rl3,cenario1_tempo_fixo/310s_20percent,16,2,SIM_ORPHAN_LOW,2,FORM_NEW_CLUST,3.79496
rl3,cenario1_tempo_fixo/310s_20percent,16,3,SIM_EXISTING_LOW,0,DO_NOT_ALLOC,0.0
rl3,cenario1_tempo_fixo/310s_20percent,16,3,SIM_EXISTING_LOW,1,REALLOC_EXIST,0.0
rl3,cenario1_tempo_fixo/310s_20percent,16,3,SIM_EXISTING_LOW,2,FORM_NEW_CLUST,0.0
rl3,cenario1_tempo_fixo/310s_20percent,17,0,SIM_ORPHAN_HIGH,0,DO_NOT_ALLOC,60.9484
rl3,cenario1_tempo_fixo/310s_20percent,17,0,SIM_ORPHAN_HIGH,1,REALLOC_EXIST,76.6363
rl3,cenario1_tempo_fixo/310s_20percent,17,0,SIM_ORPHAN_HIGH,2,FORM_NEW_CLUST,98.6722
rl3,cenario1_tempo_fixo/310s_20percent,17,1,SIM_EXISTING_HIGH,0,DO_NOT_ALLOC,0.0
rl3,cenario1_tempo_fixo/310s_20percent,17,1,SIM_EXISTING_HIGH,1,REALLOC_EXIST,0.0
rl3,cenario1_tempo_fixo/310s_20percent,17,1,SIM_EXISTING_HIGH,2,FORM_NEW_CLUST,0.0
rl3,cenario1_tempo_fixo/310s_20percent,17,2,SIM_ORPHAN_LOW,0,DO_NOT_ALLOC,0.463512
rl3,cenario1_tempo_fixo/310s_20percent,17,2,SIM_ORPHAN_LOW,1,REALLOC_EXIST,46.9094
rl3,cenario1_tempo_fixo/310s_20percent,17,2,SIM_ORPHAN_LOW,2,FORM_NEW_CLUST,3.79496
rl3,cenario1_tempo_fixo/310s_20percent,17,3,SIM_EXISTING_LOW,0,DO_NOT_ALLOC,0.0
rl3,cenario1_tempo_fixo/310s_20percent,17,3,SIM_EXISTING_LOW,1,REALLOC_EXIST,0.0
rl3,cenario1_tempo_fixo/310s_20percent,17,3,SIM_EXISTING_LOW,2,FORM_NEW_CLUST,0.0
rl3,cenario1_tempo_fixo/310s_20percent,18,0,SIM_ORPHAN_HIGH,0,DO_NOT_ALLOC,63.2712
rl3,cenario1_tempo_fixo/310s_20percent,18,0,SIM_ORPHAN_HIGH,1,REALLOC_EXIST,80.8713
rl3,cenario1_tempo_fixo/310s_20percent,18,0,SIM_ORPHAN_HIGH,2,FORM_NEW_CLUST,99.1206
rl3,cenario1_tempo_fixo/310s_20percent,18,1,SIM_EXISTING_HIGH,0,DO_NOT_ALLOC,0.0
rl3,cenario1_tempo_fixo/310s_20percent,18,1,SIM_EXISTING_HIGH,1,REALLOC_EXIST,0.0
rl3,cenario1_tempo_fixo/310s_20percent,18,1,SIM_EXISTING_HIGH,2,FORM_NEW_CLUST,0.0
rl3,cenario1_tempo_fixo/310s_20percent,18,2,SIM_ORPHAN_LOW,0,DO_NOT_ALLOC,0.463512
rl3,cenario1_tempo_fixo/310s_20percent,18,2,SIM_ORPHAN_LOW,1,REALLOC_EXIST,46.9094
rl3,cenario1_tempo_fixo/310s_20percent,18,2,SIM_ORPHAN_LOW,2,FORM_NEW_CLUST,3.79496
rl3,cenario1_tempo_fixo/310s_20percent,18,3,SIM_EXISTING_LOW,0,DO_NOT_ALLOC,0.0
rl3,cenario1_tempo_fixo/310s_20percent,18,3,SIM_EXISTING_LOW,1,REALLOC_EXIST,0.0
rl3,cenario1_tempo_fixo/310s_20percent,18,3,SIM_EXISTING_LOW,2,FORM_NEW_CLUST,0.0
rl3,cenario1_tempo_fixo/310s_20percent,19,0,SIM_ORPHAN_HIGH,0,DO_NOT_ALLOC,63.2712
rl3,cenario1_tempo_fixo/310s_20percent,19,0,SIM_ORPHAN_HIGH,1,REALLOC_EXIST,80.8713
rl3,cenario1_tempo_fixo/310s_20percent,19,0,SIM_ORPHAN_HIGH,2,FORM_NEW_CLUST,99.1721
rl3,cenario1_tempo_fixo/310s_20percent,19,1,SIM_EXISTING_HIGH,0,DO_NOT_ALLOC,0.0
rl3,cenario1_tempo_fixo/310s_20percent,19,1,SIM_EXISTING_HIGH,1,REALLOC_EXIST,0.0
rl3,cenario1_tempo_fixo/310s_20percent,19,1,SIM_EXISTING_HIGH,2,FORM_NEW_CLUST,0.0
rl3,cenario1_tempo_fixo/310s_20percent,19,2,SIM_ORPHAN_LOW,0,DO_NOT_ALLOC,0.463512
rl3,cenario1_tempo_fixo/310s_20percent,19,2,SIM_ORPHAN_LOW,1,REALLOC_EXIST,46.9094
rl3,cenario1_tempo_fixo/310s_20percent,19,2,SIM_ORPHAN_LOW,2,FORM_NEW_CLUST,3.79496
rl3,cenario1_tempo_fixo/310s_20percent,19,3,SIM_EXISTING_LOW,0,DO_NOT_ALLOC,0.0
rl3,cenario1_tempo_fixo/310s_20percent,19,3,SIM_EXISTING_LOW,1,REALLOC_EXIST,0.0
rl3,cenario1_tempo_fixo/310s_20percent,19,3,SIM_EXISTING_LOW,2,FORM_NEW_CLUST,0.0
rl3,cenario1_tempo_fixo/310s_20percent,20,0,SIM_ORPHAN_HIGH,0,DO_NOT_ALLOC,67.2711
rl3,cenario1_tempo_fixo/310s_20percent,20,0,SIM_ORPHAN_HIGH,1,REALLOC_EXIST,84.3963
rl3,cenario1_tempo_fixo/310s_20percent,20,0,SIM_ORPHAN_HIGH,2,FORM_NEW_CLUST,99.3876
rl3,cenario1_tempo_fixo/310s_20percent,20,1,SIM_EXISTING_HIGH,0,DO_NOT_ALLOC,0.0
rl3,cenario1_tempo_fixo/310s_20percent,20,1,SIM_EXISTING_HIGH,1,REALLOC_EXIST,0.0
rl3,cenario1_tempo_fixo/310s_20percent,20,1,SIM_EXISTING_HIGH,2,FORM_NEW_CLUST,0.0
rl3,cenario1_tempo_fixo/310s_20percent,20,2,SIM_ORPHAN_LOW,0,DO_NOT_ALLOC,0.463512
rl3,cenario1_tempo_fixo/310s_20percent,20,2,SIM_ORPHAN_LOW,1,REALLOC_EXIST,46.9094
rl3,cenario1_tempo_fixo/310s_20percent,20,2,SIM_ORPHAN_LOW,2,FORM_NEW_CLUST,3.79496
rl3,cenario1_tempo_fixo/310s_20percent,20,3,SIM_EXISTING_LOW,0,DO_NOT_ALLOC,0.0
rl3,cenario1_tempo_fixo/310s_20percent,20,3,SIM_EXISTING_LOW,1,REALLOC_EXIST,0.0
rl3,cenario1_tempo_fixo/310s_20percent,20,3,SIM_EXISTING_LOW,2,FORM_NEW_CLUST,0.0
rl3,cenario1_tempo_fixo/310s_20percent,21,0,SIM_ORPHAN_HIGH,0,DO_NOT_ALLOC,68.99
rl3,cenario1_tempo_fixo/310s_20percent,21,0,SIM_ORPHAN_HIGH,1,REALLOC_EXIST,84.3963
rl3,cenario1_tempo_fixo/310s_20percent,21,0,SIM_ORPHAN_HIGH,2,FORM_NEW_CLUST,99.4838
rl3,cenario1_tempo_fixo/310s_20percent,21,1,SIM_EXISTING_HIGH,0,DO_NOT_ALLOC,0.0
rl3,cenario1_tempo_fixo/310s_20percent,21,1,SIM_EXISTING_HIGH,1,REALLOC_EXIST,0.0
rl3,cenario1_tempo_fixo/310s_20percent,21,1,SIM_EXISTING_HIGH,2,FORM_NEW_CLUST,0.0
rl3,cenario1_tempo_fixo/310s_20percent,21,2,SIM_ORPHAN_LOW,0,DO_NOT_ALLOC,0.463512
rl3,cenario1_tempo_fixo/310s_20percent,21,2,SIM_ORPHAN_LOW,1,REALLOC_EXIST,46.9094
rl3,cenario1_tempo_fixo/310s_20percent,21,2,SIM_ORPHAN_LOW,2,FORM_NEW_CLUST,3.79496
rl3,cenario1_tempo_fixo/310s_20percent,21,3,SIM_EXISTING_LOW,0,DO_NOT_ALLOC,0.0
rl3,cenario1_tempo_fixo/310s_20percent,21,3,SIM_EXISTING_LOW,1,REALLOC_EXIST,0.0
rl3,cenario1_tempo_fixo/310s_20percent,21,3,SIM_EXISTING_LOW,2,FORM_NEW_CLUST,0.0
rl3,cenario1_tempo_fixo/310s_20percent,22,0,SIM_ORPHAN_HIGH,0,DO_NOT_ALLOC,70.5518
rl3,cenario1_tempo_fixo/310s_20percent,22,0,SIM_ORPHAN_HIGH,1,REALLOC_EXIST,87.2775
rl3,cenario1_tempo_fixo/310s_20percent,22,0,SIM_ORPHAN_HIGH,2,FORM_NEW_CLUST,99.5903
rl3,cenario1_tempo_fixo/310s_20percent,22,1,SIM_EXISTING_HIGH,0,DO_NOT_ALLOC,0.0
rl3,cenario1_tempo_fixo/310s_20percent,22,1,SIM_EXISTING_HIGH,1,REALLOC_EXIST,0.0
rl3,cenario1_tempo_fixo/310s_20percent,22,1,SIM_EXISTING_HIGH,2,FORM_NEW_CLUST,0.0
rl3,cenario1_tempo_fixo/310s_20percent,22,2,SIM_ORPHAN_LOW,0,DO_NOT_ALLOC,0.463512
rl3,cenario1_tempo_fixo/310s_20percent,22,2,SIM_ORPHAN_LOW,1,REALLOC_EXIST,46.9094
rl3,cenario1_tempo_fixo/310s_20percent,22,2,SIM_ORPHAN_LOW,2,FORM_NEW_CLUST,3.79496
rl3,cenario1_tempo_fixo/310s_20percent,22,3,SIM_EXISTING_LOW,0,DO_NOT_ALLOC,0.0
rl3,cenario1_tempo_fixo/310s_20percent,22,3,SIM_EXISTING_LOW,1,REALLOC_EXIST,0.0
rl3,cenario1_tempo_fixo/310s_20percent,22,3,SIM_EXISTING_LOW,2,FORM_NEW_CLUST,0.0
rl3,cenario1_tempo_fixo/310s_20percent,23,0,SIM_ORPHAN_HIGH,0,DO_NOT_ALLOC,70.5518
rl3,cenario1_tempo_fixo/310s_20percent,23,0,SIM_ORPHAN_HIGH,1,REALLOC_EXIST,88.5187
rl3,cenario1_tempo_fixo/310s_20percent,23,0,SIM_ORPHAN_HIGH,2,FORM_NEW_CLUST,99.6813
rl3,cenario1_tempo_fixo/310s_20percent,23,1,SIM_EXISTING_HIGH,0,DO_NOT_ALLOC,0.0
rl3,cenario1_tempo_fixo/310s_20percent,23,1,SIM_EXISTING_HIGH,1,REALLOC_EXIST,0.0
rl3,cenario1_tempo_fixo/310s_20percent,23,1,SIM_EXISTING_HIGH,2,FORM_NEW_CLUST,0.0
rl3,cenario1_tempo_fixo/310s_20percent,23,2,SIM_ORPHAN_LOW,0,DO_NOT_ALLOC,0.463512
rl3,cenario1_tempo_fixo/310s_20percent,23,2,SIM_ORPHAN_LOW,1,REALLOC_EXIST,46.9094
rl3,cenario1_tempo_fixo/310s_20percent,23,2,SIM_ORPHAN_LOW,2,FORM_NEW_CLUST,3.79496
rl3,cenario1_tempo_fixo/310s_20percent,23,3,SIM_EXISTING_LOW,0,DO_NOT_ALLOC,0.0
rl3,cenario1_tempo_fixo/310s_20percent,23,3,SIM_EXISTING_LOW,1,REALLOC_EXIST,0.0
rl3,cenario1_tempo_fixo/310s_20percent,23,3,SIM_EXISTING_LOW,2,FORM_NEW_CLUST,0.0
rl3,cenario1_tempo_fixo/310s_20percent,24,0,SIM_ORPHAN_HIGH,0,DO_NOT_ALLOC,70.5518
rl3,cenario1_tempo_fixo/310s_20percent,24,0,SIM_ORPHAN_HIGH,1,REALLOC_EXIST,88.5187
rl3,cenario1_tempo_fixo/310s_20percent,24,0,SIM_ORPHAN_HIGH,2,FORM_NEW_CLUST,99.6813
rl3,cenario1_tempo_fixo/310s_20percent,24,1,SIM_EXISTING_HIGH,0,DO_NOT_ALLOC,0.0
rl3,cenario1_tempo_fixo/310s_20percent,24,1,SIM_EXISTING_HIGH,1,REALLOC_EXIST,0.0
rl3,cenario1_tempo_fixo/310s_20percent,24,1,SIM_EXISTING_HIGH,2,FORM_NEW_CLUST,0.0
rl3,cenario1_tempo_fixo/310s_20percent,24,2,SIM_ORPHAN_LOW,0,DO_NOT_ALLOC,0.463512
rl3,cenario1_tempo_fixo/310s_20percent,24,2,SIM_ORPHAN_LOW,1,REALLOC_EXIST,51.5008
rl3,cenario1_tempo_fixo/310s_20percent,24,2,SIM_ORPHAN_LOW,2,FORM_NEW_CLUST,3.79496
rl3,cenario1_tempo_fixo/310s_20percent,24,3,SIM_EXISTING_LOW,0,DO_NOT_ALLOC,0.0
rl3,cenario1_tempo_fixo/310s_20percent,24,3,SIM_EXISTING_LOW,1,REALLOC_EXIST,0.0
rl3,cenario1_tempo_fixo/310s_20percent,24,3,SIM_EXISTING_LOW,2,FORM_NEW_CLUST,0.0
rl3,cenario1_tempo_fixo/310s_20percent,25,0,SIM_ORPHAN_HIGH,0,DO_NOT_ALLOC,71.9682
rl3,cenario1_tempo_fixo/310s_20percent,25,0,SIM_ORPHAN_HIGH,1,REALLOC_EXIST,88.5187
rl3,cenario1_tempo_fixo/310s_20percent,25,0,SIM_ORPHAN_HIGH,2,FORM_NEW_CLUST,99.7147
rl3,cenario1_tempo_fixo/310s_20percent,25,1,SIM_EXISTING_HIGH,0,DO_NOT_ALLOC,0.0
rl3,cenario1_tempo_fixo/310s_20percent,25,1,SIM_EXISTING_HIGH,1,REALLOC_EXIST,0.0
rl3,cenario1_tempo_fixo/310s_20percent,25,1,SIM_EXISTING_HIGH,2,FORM_NEW_CLUST,-1.0
rl3,cenario1_tempo_fixo/310s_20percent,25,2,SIM_ORPHAN_LOW,0,DO_NOT_ALLOC,0.463512
rl3,cenario1_tempo_fixo/310s_20percent,25,2,SIM_ORPHAN_LOW,1,REALLOC_EXIST,51.5008
rl3,cenario1_tempo_fixo/310s_20percent,25,2,SIM_ORPHAN_LOW,2,FORM_NEW_CLUST,3.79496
rl3,cenario1_tempo_fixo/310s_20percent,25,3,SIM_EXISTING_LOW,0,DO_NOT_ALLOC,0.0
rl3,cenario1_tempo_fixo/310s_20percent,25,3,SIM_EXISTING_LOW,1,REALLOC_EXIST,0.0
rl3,cenario1_tempo_fixo/310s_20percent,25,3,SIM_EXISTING_LOW,2,FORM_NEW_CLUST,0.0
rl3,cenario1_tempo_fixo/310s_20percent,26,0,SIM_ORPHAN_HIGH,0,DO_NOT_ALLOC,74.3986
rl3,cenario1_tempo_fixo/310s_20percent,26,0,SIM_ORPHAN_HIGH,1,REALLOC_EXIST,89.6438
rl3,cenario1_tempo_fixo/310s_20percent,26,0,SIM_ORPHAN_HIGH,2,FORM_NEW_CLUST,99.7471
rl3,cenario1_tempo_fixo/310s_20percent,26,1,SIM_EXISTING_HIGH,0,DO_NOT_ALLOC,0.0
rl3,cenario1_tempo_fixo/310s_20percent,26,1,SIM_EXISTING_HIGH,1,REALLOC_EXIST,0.0
rl3,cenario1_tempo_fixo/310s_20percent,26,1,SIM_EXISTING_HIGH,2,FORM_NEW_CLUST,-1.0
rl3,cenario1_tempo_fixo/310s_20percent,26,2,SIM_ORPHAN_LOW,0,DO_NOT_ALLOC,0.463512
rl3,cenario1_tempo_fixo/310s_20percent,26,2,SIM_ORPHAN_LOW,1,REALLOC_EXIST,51.5008
rl3,cenario1_tempo_fixo/310s_20percent,26,2,SIM_ORPHAN_LOW,2,FORM_NEW_CLUST,3.79496
rl3,cenario1_tempo_fixo/310s_20percent,26,3,SIM_EXISTING_LOW,0,DO_NOT_ALLOC,0.0
rl3,cenario1_tempo_fixo/310s_20percent,26,3,SIM_EXISTING_LOW,1,REALLOC_EXIST,0.0
rl3,cenario1_tempo_fixo/310s_20percent,26,3,SIM_EXISTING_LOW,2,FORM_NEW_CLUST,0.0
rl3,cenario1_tempo_fixo/310s_20percent,27,0,SIM_ORPHAN_HIGH,0,DO_NOT_ALLOC,75.4362
rl3,cenario1_tempo_fixo/310s_20percent,27,0,SIM_ORPHAN_HIGH,1,REALLOC_EXIST,90.6608
rl3,cenario1_tempo_fixo/310s_20percent,27,0,SIM_ORPHAN_HIGH,2,FORM_NEW_CLUST,99.8013
rl3,cenario1_tempo_fixo/310s_20percent,27,1,SIM_EXISTING_HIGH,0,DO_NOT_ALLOC,0.0
rl3,cenario1_tempo_fixo/310s_20percent,27,1,SIM_EXISTING_HIGH,1,REALLOC_EXIST,0.0
rl3,cenario1_tempo_fixo/310s_20percent,27,1,SIM_EXISTING_HIGH,2,FORM_NEW_CLUST,-1.0
rl3,cenario1_tempo_fixo/310s_20percent,27,2,SIM_ORPHAN_LOW,0,DO_NOT_ALLOC,0.463512
rl3,cenario1_tempo_fixo/310s_20percent,27,2,SIM_ORPHAN_LOW,1,REALLOC_EXIST,51.5008
rl3,cenario1_tempo_fixo/310s_20percent,27,2,SIM_ORPHAN_LOW,2,FORM_NEW_CLUST,3.79496
rl3,cenario1_tempo_fixo/310s_20percent,27,3,SIM_EXISTING_LOW,0,DO_NOT_ALLOC,0.0
rl3,cenario1_tempo_fixo/310s_20percent,27,3,SIM_EXISTING_LOW,1,REALLOC_EXIST,0.0
rl3,cenario1_tempo_fixo/310s_20percent,27,3,SIM_EXISTING_LOW,2,FORM_NEW_CLUST,0.0
rl3,cenario1_tempo_fixo/310s_20percent,28,0,SIM_ORPHAN_HIGH,0,DO_NOT_ALLOC,77.985
rl3,cenario1_tempo_fixo/310s_20percent,28,0,SIM_ORPHAN_HIGH,1,REALLOC_EXIST,90.6608
rl3,cenario1_tempo_fixo/310s_20percent,28,0,SIM_ORPHAN_HIGH,2,FORM_NEW_CLUST,99.8375
rl3,cenario1_tempo_fixo/310s_20percent,28,1,SIM_EXISTING_HIGH,0,DO_NOT_ALLOC,0.0
rl3,cenario1_tempo_fixo/310s_20percent,28,1,SIM_EXISTING_HIGH,1,REALLOC_EXIST,0.0
rl3,cenario1_tempo_fixo/310s_20percent,28,1,SIM_EXISTING_HIGH,2,FORM_NEW_CLUST,-1.0
rl3,cenario1_tempo_fixo/310s_20percent,28,2,SIM_ORPHAN_LOW,0,DO_NOT_ALLOC,0.463512
rl3,cenario1_tempo_fixo/310s_20percent,28,2,SIM_ORPHAN_LOW,1,REALLOC_EXIST,51.5008
rl3,cenario1_tempo_fixo/310s_20percent,28,2,SIM_ORPHAN_LOW,2,FORM_NEW_CLUST,3.79496
rl3,cenario1_tempo_fixo/310s_20percent,28,3,SIM_EXISTING_LOW,0,DO_NOT_ALLOC,0.0
rl3,cenario1_tempo_fixo/310s_20percent,28,3,SIM_EXISTING_LOW,1,REALLOC_EXIST,0.0
rl3,cenario1_tempo_fixo/310s_20percent,28,3,SIM_EXISTING_LOW,2,FORM_NEW_CLUST,0.0
rl3,cenario1_tempo_fixo/310s_20percent,29,0,SIM_ORPHAN_HIGH,0,DO_NOT_ALLOC,79.2922
rl3,cenario1_tempo_fixo/310s_20percent,29,0,SIM_ORPHAN_HIGH,1,REALLOC_EXIST,90.6608
rl3,cenario1_tempo_fixo/310s_20percent,29,0,SIM_ORPHAN_HIGH,2,FORM_NEW_CLUST,99.856
rl3,cenario1_tempo_fixo/310s_20percent,29,1,SIM_EXISTING_HIGH,0,DO_NOT_ALLOC,0.0
rl3,cenario1_tempo_fixo/310s_20percent,29,1,SIM_EXISTING_HIGH,1,REALLOC_EXIST,0.0
rl3,cenario1_tempo_fixo/310s_20percent,29,1,SIM_EXISTING_HIGH,2,FORM_NEW_CLUST,-1.0
rl3,cenario1_tempo_fixo/310s_20percent,29,2,SIM_ORPHAN_LOW,0,DO_NOT_ALLOC,0.463512
rl3,cenario1_tempo_fixo/310s_20percent,29,2,SIM_ORPHAN_LOW,1,REALLOC_EXIST,51.5008
rl3,cenario1_tempo_fixo/310s_20percent,29,2,SIM_ORPHAN_LOW,2,FORM_NEW_CLUST,3.79496
rl3,cenario1_tempo_fixo/310s_20percent,29,3,SIM_EXISTING_LOW,0,DO_NOT_ALLOC,0.0
rl3,cenario1_tempo_fixo/310s_20percent,29,3,SIM_EXISTING_LOW,1,REALLOC_EXIST,0.0
rl3,cenario1_tempo_fixo/310s_20percent,29,3,SIM_EXISTING_LOW,2,FORM_NEW_CLUST,0.0
rl3,cenario1_tempo_fixo/310s_20percent,30,0,SIM_ORPHAN_HIGH,0,DO_NOT_ALLOC,79.2922
rl3,cenario1_tempo_fixo/310s_20percent,30,0,SIM_ORPHAN_HIGH,1,REALLOC_EXIST,92.4143
rl3,cenario1_tempo_fixo/310s_20percent,30,0,SIM_ORPHAN_HIGH,2,FORM_NEW_CLUST,99.8924
rl3,cenario1_tempo_fixo/310s_20percent,30,1,SIM_EXISTING_HIGH,0,DO_NOT_ALLOC,0.0
rl3,cenario1_tempo_fixo/310s_20percent,30,1,SIM_EXISTING_HIGH,1,REALLOC_EXIST,0.0
rl3,cenario1_tempo_fixo/310s_20percent,30,1,SIM_EXISTING_HIGH,2,FORM_NEW_CLUST,-1.0
rl3,cenario1_tempo_fixo/310s_20percent,30,2,SIM_ORPHAN_LOW,0,DO_NOT_ALLOC,0.463512
rl3,cenario1_tempo_fixo/310s_20percent,30,2,SIM_ORPHAN_LOW,1,REALLOC_EXIST,51.5008
rl3,cenario1_tempo_fixo/310s_20percent,30,2,SIM_ORPHAN_LOW,2,FORM_NEW_CLUST,3.79496
rl3,cenario1_tempo_fixo/310s_20percent,30,3,SIM_EXISTING_LOW,0,DO_NOT_ALLOC,0.0
rl3,cenario1_tempo_fixo/310s_20percent,30,3,SIM_EXISTING_LOW,1,REALLOC_EXIST,0.0
rl3,cenario1_tempo_fixo/310s_20percent,30,3,SIM_EXISTING_LOW,2,FORM_NEW_CLUST,0.0
rl3,cenario1_tempo_fixo/310s_20percent,31,0,SIM_ORPHAN_HIGH,0,DO_NOT_ALLOC,80.361
rl3,cenario1_tempo_fixo/310s_20percent,31,0,SIM_ORPHAN_HIGH,1,REALLOC_EXIST,92.4143
rl3,cenario1_tempo_fixo/310s_20percent,31,0,SIM_ORPHAN_HIGH,2,FORM_NEW_CLUST,99.9155
rl3,cenario1_tempo_fixo/310s_20percent,31,1,SIM_EXISTING_HIGH,0,DO_NOT_ALLOC,0.0
rl3,cenario1_tempo_fixo/310s_20percent,31,1,SIM_EXISTING_HIGH,1,REALLOC_EXIST,0.0
rl3,cenario1_tempo_fixo/310s_20percent,31,1,SIM_EXISTING_HIGH,2,FORM_NEW_CLUST,-1.0
rl3,cenario1_tempo_fixo/310s_20percent,31,2,SIM_ORPHAN_LOW,0,DO_NOT_ALLOC,0.463512
rl3,cenario1_tempo_fixo/310s_20percent,31,2,SIM_ORPHAN_LOW,1,REALLOC_EXIST,51.5008
rl3,cenario1_tempo_fixo/310s_20percent,31,2,SIM_ORPHAN_LOW,2,FORM_NEW_CLUST,3.79496
rl3,cenario1_tempo_fixo/310s_20percent,31,3,SIM_EXISTING_LOW,0,DO_NOT_ALLOC,0.0
rl3,cenario1_tempo_fixo/310s_20percent,31,3,SIM_EXISTING_LOW,1,REALLOC_EXIST,0.0
rl3,cenario1_tempo_fixo/310s_20percent,31,3,SIM_EXISTING_LOW,2,FORM_NEW_CLUST,0.0
rl3,cenario1_tempo_fixo/310s_20percent,32,0,SIM_ORPHAN_HIGH,0,DO_NOT_ALLOC,80.8177
rl3,cenario1_tempo_fixo/310s_20percent,32,0,SIM_ORPHAN_HIGH,1,REALLOC_EXIST,92.4143
rl3,cenario1_tempo_fixo/310s_20percent,32,0,SIM_ORPHAN_HIGH,2,FORM_NEW_CLUST,99.9228
rl3,cenario1_tempo_fixo/310s_20percent,32,1,SIM_EXISTING_HIGH,0,DO_NOT_ALLOC,-0.5
rl3,cenario1_tempo_fixo/310s_20percent,32,1,SIM_EXISTING_HIGH,1,REALLOC_EXIST,0.0
rl3,cenario1_tempo_fixo/310s_20percent,32,1,SIM_EXISTING_HIGH,2,FORM_NEW_CLUST,-1.0
rl3,cenario1_tempo_fixo/310s_20percent,32,2,SIM_ORPHAN_LOW,0,DO_NOT_ALLOC,0.463512
rl3,cenario1_tempo_fixo/310s_20percent,32,2,SIM_ORPHAN_LOW,1,REALLOC_EXIST,51.5008
rl3,cenario1_tempo_fixo/310s_20percent,32,2,SIM_ORPHAN_LOW,2,FORM_NEW_CLUST,3.79496
rl3,cenario1_tempo_fixo/310s_20percent,32,3,SIM_EXISTING_LOW,0,DO_NOT_ALLOC,0.0
rl3,cenario1_tempo_fixo/310s_20percent,32,3,SIM_EXISTING_LOW,1,REALLOC_EXIST,0.0
rl3,cenario1_tempo_fixo/310s_20percent,32,3,SIM_EXISTING_LOW,2,FORM_NEW_CLUST,0.0
rl3,cenario1_tempo_fixo/310s_20percent,33,0,SIM_ORPHAN_HIGH,0,DO_NOT_ALLOC,81.6013
rl3,cenario1_tempo_fixo/310s_20percent,33,0,SIM_ORPHAN_HIGH,1,REALLOC_EXIST,93.1665
rl3,cenario1_tempo_fixo/310s_20percent,33,0,SIM_ORPHAN_HIGH,2,FORM_NEW_CLUST,99.9519
rl3,cenario1_tempo_fixo/310s_20percent,33,1,SIM_EXISTING_HIGH,0,DO_NOT_ALLOC,-0.5
rl3,cenario1_tempo_fixo/310s_20percent,33,1,SIM_EXISTING_HIGH,1,REALLOC_EXIST,0.0
rl3,cenario1_tempo_fixo/310s_20percent,33,1,SIM_EXISTING_HIGH,2,FORM_NEW_CLUST,-1.0
rl3,cenario1_tempo_fixo/310s_20percent,33,2,SIM_ORPHAN_LOW,0,DO_NOT_ALLOC,0.463512
rl3,cenario1_tempo_fixo/310s_20percent,33,2,SIM_ORPHAN_LOW,1,REALLOC_EXIST,51.5008
rl3,cenario1_tempo_fixo/310s_20percent,33,2,SIM_ORPHAN_LOW,2,FORM_NEW_CLUST,3.79496
rl3,cenario1_tempo_fixo/310s_20percent,33,3,SIM_EXISTING_LOW,0,DO_NOT_ALLOC,0.0
rl3,cenario1_tempo_fixo/310s_20percent,33,3,SIM_EXISTING_LOW,1,REALLOC_EXIST,0.0
rl3,cenario1_tempo_fixo/310s_20percent,33,3,SIM_EXISTING_LOW,2,FORM_NEW_CLUST,0.0
rl3,cenario1_tempo_fixo/310s_20percent,34,0,SIM_ORPHAN_HIGH,0,DO_NOT_ALLOC,82.2396
rl3,cenario1_tempo_fixo/310s_20percent,34,0,SIM_ORPHAN_HIGH,1,REALLOC_EXIST,93.8463
rl3,cenario1_tempo_fixo/310s_20percent,34,0,SIM_ORPHAN_HIGH,2,FORM_NEW_CLUST,99.9709
rl3,cenario1_tempo_fixo/310s_20percent,34,1,SIM_EXISTING_HIGH,0,DO_NOT_ALLOC,-0.5
rl3,cenario1_tempo_fixo/310s_20percent,34,1,SIM_EXISTING_HIGH,1,REALLOC_EXIST,0.0
rl3,cenario1_tempo_fixo/310s_20percent,34,1,SIM_EXISTING_HIGH,2,FORM_NEW_CLUST,-1.0
rl3,cenario1_tempo_fixo/310s_20percent,34,2,SIM_ORPHAN_LOW,0,DO_NOT_ALLOC,0.463512
rl3,cenario1_tempo_fixo/310s_20percent,34,2,SIM_ORPHAN_LOW,1,REALLOC_EXIST,51.5008
rl3,cenario1_tempo_fixo/310s_20percent,34,2,SIM_ORPHAN_LOW,2,FORM_NEW_CLUST,3.79496
rl3,cenario1_tempo_fixo/310s_20percent,34,3,SIM_EXISTING_LOW,0,DO_NOT_ALLOC,0.0
rl3,cenario1_tempo_fixo/310s_20percent,34,3,SIM_EXISTING_LOW,1,REALLOC_EXIST,0.0
rl3,cenario1_tempo_fixo/310s_20percent,34,3,SIM_EXISTING_LOW,2,FORM_NEW_CLUST,0.0
rl3,cenario1_tempo_fixo/310s_20percent,35,0,SIM_ORPHAN_HIGH,0,DO_NOT_ALLOC,83.181
rl3,cenario1_tempo_fixo/310s_20percent,35,0,SIM_ORPHAN_HIGH,1,REALLOC_EXIST,94.4592
rl3,cenario1_tempo_fixo/310s_20percent,35,0,SIM_ORPHAN_HIGH,2,FORM_NEW_CLUST,99.9776
rl3,cenario1_tempo_fixo/310s_20percent,35,1,SIM_EXISTING_HIGH,0,DO_NOT_ALLOC,-0.5
rl3,cenario1_tempo_fixo/310s_20percent,35,1,SIM_EXISTING_HIGH,1,REALLOC_EXIST,0.0
rl3,cenario1_tempo_fixo/310s_20percent,35,1,SIM_EXISTING_HIGH,2,FORM_NEW_CLUST,-1.0
rl3,cenario1_tempo_fixo/310s_20percent,35,2,SIM_ORPHAN_LOW,0,DO_NOT_ALLOC,0.463512
rl3,cenario1_tempo_fixo/310s_20percent,35,2,SIM_ORPHAN_LOW,1,REALLOC_EXIST,51.5008
rl3,cenario1_tempo_fixo/310s_20percent,35,2,SIM_ORPHAN_LOW,2,FORM_NEW_CLUST,3.79496
rl3,cenario1_tempo_fixo/310s_20percent,35,3,SIM_EXISTING_LOW,0,DO_NOT_ALLOC,0.0
rl3,cenario1_tempo_fixo/310s_20percent,35,3,SIM_EXISTING_LOW,1,REALLOC_EXIST,0.0
rl3,cenario1_tempo_fixo/310s_20percent,35,3,SIM_EXISTING_LOW,2,FORM_NEW_CLUST,0.0
rl3,cenario1_tempo_fixo/310s_30percent,1,0,SIM_ORPHAN_HIGH,0,DO_NOT_ALLOC,-0.5
rl3,cenario1_tempo_fixo/310s_30percent,1,0,SIM_ORPHAN_HIGH,1,REALLOC_EXIST,9.42984
rl3,cenario1_tempo_fixo/310s_30percent,1,0,SIM_ORPHAN_HIGH,2,FORM_NEW_CLUST,37.0176
rl3,cenario1_tempo_fixo/310s_30percent,1,1,SIM_EXISTING_HIGH,0,DO_NOT_ALLOC,0.0
rl3,cenario1_tempo_fixo/310s_30percent,1,1,SIM_EXISTING_HIGH,1,REALLOC_EXIST,0.0
rl3,cenario1_tempo_fixo/310s_30percent,1,1,SIM_EXISTING_HIGH,2,FORM_NEW_CLUST,0.0
rl3,cenario1_tempo_fixo/310s_30percent,1,2,SIM_ORPHAN_LOW,0,DO_NOT_ALLOC,0.0
rl3,cenario1_tempo_fixo/310s_30percent,1,2,SIM_ORPHAN_LOW,1,REALLOC_EXIST,0.0
rl3,cenario1_tempo_fixo/310s_30percent,1,2,SIM_ORPHAN_LOW,2,FORM_NEW_CLUST,0.0
rl3,cenario1_tempo_fixo/310s_30percent,1,3,SIM_EXISTING_LOW,0,DO_NOT_ALLOC,0.0
rl3,cenario1_tempo_fixo/310s_30percent,1,3,SIM_EXISTING_LOW,1,REALLOC_EXIST,0.0
rl3,cenario1_tempo_fixo/310s_30percent,1,3,SIM_EXISTING_LOW,2,FORM_NEW_CLUST,0.0
rl3,cenario1_tempo_fixo/310s_30percent,2,0,SIM_ORPHAN_HIGH,0,DO_NOT_ALLOC,-0.5
rl3,cenario1_tempo_fixo/310s_30percent,2,0,SIM_ORPHAN_HIGH,1,REALLOC_EXIST,13.0418
rl3,cenario1_tempo_fixo/310s_30percent,2,0,SIM_ORPHAN_HIGH,2,FORM_NEW_CLUST,42.4645
rl3,cenario1_tempo_fixo/310s_30percent,2,1,SIM_EXISTING_HIGH,0,DO_NOT_ALLOC,0.0
rl3,cenario1_tempo_fixo/310s_30percent,2,1,SIM_EXISTING_HIGH,1,REALLOC_EXIST,0.0
rl3,cenario1_tempo_fixo/310s_30percent,2,1,SIM_EXISTING_HIGH,2,FORM_NEW_CLUST,0.0
rl3,cenario1_tempo_fixo/310s_30percent,2,2,SIM_ORPHAN_LOW,0,DO_NOT_ALLOC,0.232534
rl3,cenario1_tempo_fixo/310s_30percent,2,2,SIM_ORPHAN_LOW,1,REALLOC_EXIST,24.5281
rl3,cenario1_tempo_fixo/310s_30percent,2,2,SIM_ORPHAN_LOW,2,FORM_NEW_CLUST,2.25947
rl3,cenario1_tempo_fixo/310s_30percent,2,3,SIM_EXISTING_LOW,0,DO_NOT_ALLOC,0.0
rl3,cenario1_tempo_fixo/310s_30percent,2,3,SIM_EXISTING_LOW,1,REALLOC_EXIST,0.0
rl3,cenario1_tempo_fixo/310s_30percent,2,3,SIM_EXISTING_LOW,2,FORM_NEW_CLUST,0.0
rl3,cenario1_tempo_fixo/310s_30percent,3,0,SIM_ORPHAN_HIGH,0,DO_NOT_ALLOC,6.67883
rl3,cenario1_tempo_fixo/310s_30percent,3,0,SIM_ORPHAN_HIGH,1,REALLOC_EXIST,17.1477
rl3,cenario1_tempo_fixo/310s_30percent,3,0,SIM_ORPHAN_HIGH,2,FORM_NEW_CLUST,57.8666
rl3,cenario1_tempo_fixo/310s_30percent,3,1,SIM_EXISTING_HIGH,0,DO_NOT_ALLOC,0.0
rl3,cenario1_tempo_fixo/310s_30percent,3,1,SIM_EXISTING_HIGH,1,REALLOC_EXIST,0.0
rl3,cenario1_tempo_fixo/310s_30percent,3,1,SIM_EXISTING_HIGH,2,FORM_NEW_CLUST,0.0
rl3,cenario1_tempo_fixo/310s_30percent,3,2,SIM_ORPHAN_LOW,0,DO_NOT_ALLOC,0.232534
rl3,cenario1_tempo_fixo/310s_30percent,3,2,SIM_ORPHAN_LOW,1,REALLOC_EXIST,39.4994
rl3,cenario1_tempo_fixo/310s_30percent,3,2,SIM_ORPHAN_LOW,2,FORM_NEW_CLUST,5.63855
rl3,cenario1_tempo_fixo/310s_30percent,3,3,SIM_EXISTING_LOW,0,DO_NOT_ALLOC,0.0
rl3,cenario1_tempo_fixo/310s_30percent,3,3,SIM_EXISTING_LOW,1,REALLOC_EXIST,0.0
rl3,cenario1_tempo_fixo/310s_30percent,3,3,SIM_EXISTING_LOW,2,FORM_NEW_CLUST,0.0
rl3,cenario1_tempo_fixo/310s_30percent,4,0,SIM_ORPHAN_HIGH,0,DO_NOT_ALLOC,29.5165
rl3,cenario1_tempo_fixo/310s_30percent,4,0,SIM_ORPHAN_HIGH,1,REALLOC_EXIST,17.1477
rl3,cenario1_tempo_fixo/310s_30percent,4,0,SIM_ORPHAN_HIGH,2,FORM_NEW_CLUST,75.7583
rl3,cenario1_tempo_fixo/310s_30percent,4,1,SIM_EXISTING_HIGH,0,DO_NOT_ALLOC,0.0
rl3,cenario1_tempo_fixo/310s_30percent,4,1,SIM_EXISTING_HIGH,1,REALLOC_EXIST,0.0
rl3,cenario1_tempo_fixo/310s_30percent,4,1,SIM_EXISTING_HIGH,2,FORM_NEW_CLUST,0.0
rl3,cenario1_tempo_fixo/310s_30percent,4,2,SIM_ORPHAN_LOW,0,DO_NOT_ALLOC,0.232534
rl3,cenario1_tempo_fixo/310s_30percent,4,2,SIM_ORPHAN_LOW,1,REALLOC_EXIST,39.4994
rl3,cenario1_tempo_fixo/310s_30percent,4,2,SIM_ORPHAN_LOW,2,FORM_NEW_CLUST,5.63855
rl3,cenario1_tempo_fixo/310s_30percent,4,3,SIM_EXISTING_LOW,0,DO_NOT_ALLOC,0.0
rl3,cenario1_tempo_fixo/310s_30percent,4,3,SIM_EXISTING_LOW,1,REALLOC_EXIST,0.0
rl3,cenario1_tempo_fixo/310s_30percent,4,3,SIM_EXISTING_LOW,2,FORM_NEW_CLUST,0.0
rl3,cenario1_tempo_fixo/310s_30percent,5,0,SIM_ORPHAN_HIGH,0,DO_NOT_ALLOC,32.9691
rl3,cenario1_tempo_fixo/310s_30percent,5,0,SIM_ORPHAN_HIGH,1,REALLOC_EXIST,17.1477
rl3,cenario1_tempo_fixo/310s_30percent,5,0,SIM_ORPHAN_HIGH,2,FORM_NEW_CLUST,84.732
rl3,cenario1_tempo_fixo/310s_30percent,5,1,SIM_EXISTING_HIGH,0,DO_NOT_ALLOC,0.0
rl3,cenario1_tempo_fixo/310s_30percent,5,1,SIM_EXISTING_HIGH,1,REALLOC_EXIST,0.0
rl3,cenario1_tempo_fixo/310s_30percent,5,1,SIM_EXISTING_HIGH,2,FORM_NEW_CLUST,0.0
rl3,cenario1_tempo_fixo/310s_30percent,5,2,SIM_ORPHAN_LOW,0,DO_NOT_ALLOC,0.232534
rl3,cenario1_tempo_fixo/310s_30percent,5,2,SIM_ORPHAN_LOW,1,REALLOC_EXIST,39.4994
rl3,cenario1_tempo_fixo/310s_30percent,5,2,SIM_ORPHAN_LOW,2,FORM_NEW_CLUST,5.63855
rl3,cenario1_tempo_fixo/310s_30percent,5,3,SIM_EXISTING_LOW,0,DO_NOT_ALLOC,0.0
rl3,cenario1_tempo_fixo/310s_30percent,5,3,SIM_EXISTING_LOW,1,REALLOC_EXIST,0.0
rl3,cenario1_tempo_fixo/310s_30percent,5,3,SIM_EXISTING_LOW,2,FORM_NEW_CLUST,0.0
rl3,cenario1_tempo_fixo/310s_30percent,6,0,SIM_ORPHAN_HIGH,0,DO_NOT_ALLOC,32.9691
rl3,cenario1_tempo_fixo/310s_30percent,6,0,SIM_ORPHAN_HIGH,1,REALLOC_EXIST,17.1477
rl3,cenario1_tempo_fixo/310s_30percent,6,0,SIM_ORPHAN_HIGH,2,FORM_NEW_CLUST,86.736
rl3,cenario1_tempo_fixo/310s_30percent,6,1,SIM_EXISTING_HIGH,0,DO_NOT_ALLOC,0.0
rl3,cenario1_tempo_fixo/310s_30percent,6,1,SIM_EXISTING_HIGH,1,REALLOC_EXIST,0.0
rl3,cenario1_tempo_fixo/310s_30percent,6,1,SIM_EXISTING_HIGH,2,FORM_NEW_CLUST,0.0
rl3,cenario1_tempo_fixo/310s_30percent,6,2,SIM_ORPHAN_LOW,0,DO_NOT_ALLOC,0.232534
rl3,cenario1_tempo_fixo/310s_30percent,6,2,SIM_ORPHAN_LOW,1,REALLOC_EXIST,39.4994
rl3,cenario1_tempo_fixo/310s_30percent,6,2,SIM_ORPHAN_LOW,2,FORM_NEW_CLUST,5.63855
rl3,cenario1_tempo_fixo/310s_30percent,6,3,SIM_EXISTING_LOW,0,DO_NOT_ALLOC,0.0
rl3,cenario1_tempo_fixo/310s_30percent,6,3,SIM_EXISTING_LOW,1,REALLOC_EXIST,0.0
rl3,cenario1_tempo_fixo/310s_30percent,6,3,SIM_EXISTING_LOW,2,FORM_NEW_CLUST,0.0
rl3,cenario1_tempo_fixo/310s_30percent,7,0,SIM_ORPHAN_HIGH,0,DO_NOT_ALLOC,40.9257
rl3,cenario1_tempo_fixo/310s_30percent,7,0,SIM_ORPHAN_HIGH,1,REALLOC_EXIST,30.9777
rl3,cenario1_tempo_fixo/310s_30percent,7,0,SIM_ORPHAN_HIGH,2,FORM_NEW_CLUST,89.8883
rl3,cenario1_tempo_fixo/310s_30percent,7,1,SIM_EXISTING_HIGH,0,DO_NOT_ALLOC,0.0
rl3,cenario1_tempo_fixo/310s_30percent,7,1,SIM_EXISTING_HIGH,1,REALLOC_EXIST,0.0
rl3,cenario1_tempo_fixo/310s_30percent,7,1,SIM_EXISTING_HIGH,2,FORM_NEW_CLUST,0.0
rl3,cenario1_tempo_fixo/310s_30percent,7,2,SIM_ORPHAN_LOW,0,DO_NOT_ALLOC,0.232534
rl3,cenario1_tempo_fixo/310s_30percent,7,2,SIM_ORPHAN_LOW,1,REALLOC_EXIST,44.7317
rl3,cenario1_tempo_fixo/310s_30percent,7,2,SIM_ORPHAN_LOW,2,FORM_NEW_CLUST,5.63855
rl3,cenario1_tempo_fixo/310s_30percent,7,3,SIM_EXISTING_LOW,0,DO_NOT_ALLOC,0.0
rl3,cenario1_tempo_fixo/310s_30percent,7,3,SIM_EXISTING_LOW,1,REALLOC_EXIST,0.0
rl3,cenario1_tempo_fixo/310s_30percent,7,3,SIM_EXISTING_LOW,2,FORM_NEW_CLUST,0.0
rl3,cenario1_tempo_fixo/310s_30percent,8,0,SIM_ORPHAN_HIGH,0,DO_NOT_ALLOC,44.5962
rl3,cenario1_tempo_fixo/310s_30percent,8,0,SIM_ORPHAN_HIGH,1,REALLOC_EXIST,37.0486
rl3,cenario1_tempo_fixo/310s_30percent,8,0,SIM_ORPHAN_HIGH,2,FORM_NEW_CLUST,93.3032
rl3,cenario1_tempo_fixo/310s_30percent,8,1,SIM_EXISTING_HIGH,0,DO_NOT_ALLOC,0.0
rl3,cenario1_tempo_fixo/310s_30percent,8,1,SIM_EXISTING_HIGH,1,REALLOC_EXIST,0.0
rl3,cenario1_tempo_fixo/310s_30percent,8,1,SIM_EXISTING_HIGH,2,FORM_NEW_CLUST,0.0
rl3,cenario1_tempo_fixo/310s_30percent,8,2,SIM_ORPHAN_LOW,0,DO_NOT_ALLOC,0.232534
rl3,cenario1_tempo_fixo/310s_30percent,8,2,SIM_ORPHAN_LOW,1,REALLOC_EXIST,44.7317
rl3,cenario1_tempo_fixo/310s_30percent,8,2,SIM_ORPHAN_LOW,2,FORM_NEW_CLUST,5.63855
rl3,cenario1_tempo_fixo/310s_30percent,8,3,SIM_EXISTING_LOW,0,DO_NOT_ALLOC,0.0
rl3,cenario1_tempo_fixo/310s_30percent,8,3,SIM_EXISTING_LOW,1,REALLOC_EXIST,0.0
rl3,cenario1_tempo_fixo/310s_30percent,8,3,SIM_EXISTING_LOW,2,FORM_NEW_CLUST,0.0
rl3,cenario1_tempo_fixo/310s_30percent,9,0,SIM_ORPHAN_HIGH,0,DO_NOT_ALLOC,48.2374
rl3,cenario1_tempo_fixo/310s_30percent,9,0,SIM_ORPHAN_HIGH,1,REALLOC_EXIST,37.0486
rl3,cenario1_tempo_fixo/310s_30percent,9,0,SIM_ORPHAN_HIGH,2,FORM_NEW_CLUST,95.6966
rl3,cenario1_tempo_fixo/310s_30percent,9,1,SIM_EXISTING_HIGH,0,DO_NOT_ALLOC,0.0
rl3,cenario1_tempo_fixo/310s_30percent,9,1,SIM_EXISTING_HIGH,1,REALLOC_EXIST,0.0
rl3,cenario1_tempo_fixo/310s_30percent,9,1,SIM_EXISTING_HIGH,2,FORM_NEW_CLUST,0.0
rl3,cenario1_tempo_fixo/310s_30percent,9,2,SIM_ORPHAN_LOW,0,DO_NOT_ALLOC,0.232534
rl3,cenario1_tempo_fixo/310s_30percent,9,2,SIM_ORPHAN_LOW,1,REALLOC_EXIST,44.7317
rl3,cenario1_tempo_fixo/310s_30percent,9,2,SIM_ORPHAN_LOW,2,FORM_NEW_CLUST,5.63855
rl3,cenario1_tempo_fixo/310s_30percent,9,3,SIM_EXISTING_LOW,0,DO_NOT_ALLOC,0.0
rl3,cenario1_tempo_fixo/310s_30percent,9,3,SIM_EXISTING_LOW,1,REALLOC_EXIST,0.0
rl3,cenario1_tempo_fixo/310s_30percent,9,3,SIM_EXISTING_LOW,2,FORM_NEW_CLUST,0.0
rl3,cenario1_tempo_fixo/310s_30percent,10,0,SIM_ORPHAN_HIGH,0,DO_NOT_ALLOC,48.2374
rl3,cenario1_tempo_fixo/310s_30percent,10,0,SIM_ORPHAN_HIGH,1,REALLOC_EXIST,43.0073
rl3,cenario1_tempo_fixo/310s_30percent,10,0,SIM_ORPHAN_HIGH,2,FORM_NEW_CLUST,97.3964
rl3,cenario1_tempo_fixo/310s_30percent,10,1,SIM_EXISTING_HIGH,0,DO_NOT_ALLOC,0.0
rl3,cenario1_tempo_fixo/310s_30percent,10,1,SIM_EXISTING_HIGH,1,REALLOC_EXIST,0.0
rl3,cenario1_tempo_fixo/310s_30percent,10,1,SIM_EXISTING_HIGH,2,FORM_NEW_CLUST,0.0
rl3,cenario1_tempo_fixo/310s_30percent,10,2,SIM_ORPHAN_LOW,0,DO_NOT_ALLOC,0.232534
rl3,cenario1_tempo_fixo/310s_30percent,10,2,SIM_ORPHAN_LOW,1,REALLOC_EXIST,44.7317
rl3,cenario1_tempo_fixo/310s_30percent,10,2,SIM_ORPHAN_LOW,2,FORM_NEW_CLUST,5.63855
rl3,cenario1_tempo_fixo/310s_30percent,10,3,SIM_EXISTING_LOW,0,DO_NOT_ALLOC,0.0
rl3,cenario1_tempo_fixo/310s_30percent,10,3,SIM_EXISTING_LOW,1,REALLOC_EXIST,0.0
rl3,cenario1_tempo_fixo/310s_30percent,10,3,SIM_EXISTING_LOW,2,FORM_NEW_CLUST,0.0
rl3,cenario1_tempo_fixo/310s_30percent,11,0,SIM_ORPHAN_HIGH,0,DO_NOT_ALLOC,51.7296
rl3,cenario1_tempo_fixo/310s_30percent,11,0,SIM_ORPHAN_HIGH,1,REALLOC_EXIST,43.0073
rl3,cenario1_tempo_fixo/310s_30percent,11,0,SIM_ORPHAN_HIGH,2,FORM_NEW_CLUST,98.1868
rl3,cenario1_tempo_fixo/310s_30percent,11,1,SIM_EXISTING_HIGH,0,DO_NOT_ALLOC,0.0
rl3,cenario1_tempo_fixo/310s_30percent,11,1,SIM_EXISTING_HIGH,1,REALLOC_EXIST,0.0
rl3,cenario1_tempo_fixo/310s_30percent,11,1,SIM_EXISTING_HIGH,2,FORM_NEW_CLUST,0.0
rl3,cenario1_tempo_fixo/310s_30percent,11,2,SIM_ORPHAN_LOW,0,DO_NOT_ALLOC,0.232534
rl3,cenario1_tempo_fixo/310s_30percent,11,2,SIM_ORPHAN_LOW,1,REALLOC_EXIST,44.7317
rl3,cenario1_tempo_fixo/310s_30percent,11,2,SIM_ORPHAN_LOW,2,FORM_NEW_CLUST,5.63855
rl3,cenario1_tempo_fixo/310s_30percent,11,3,SIM_EXISTING_LOW,0,DO_NOT_ALLOC,0.0
rl3,cenario1_tempo_fixo/310s_30percent,11,3,SIM_EXISTING_LOW,1,REALLOC_EXIST,0.0
rl3,cenario1_tempo_fixo/310s_30percent,11,3,SIM_EXISTING_LOW,2,FORM_NEW_CLUST,0.0
rl3,cenario1_tempo_fixo/310s_30percent,12,0,SIM_ORPHAN_HIGH,0,DO_NOT_ALLOC,51.7296
rl3,cenario1_tempo_fixo/310s_30percent,12,0,SIM_ORPHAN_HIGH,1,REALLOC_EXIST,43.0073
rl3,cenario1_tempo_fixo/310s_30percent,12,0,SIM_ORPHAN_HIGH,2,FORM_NEW_CLUST,98.4405
rl3,cenario1_tempo_fixo/310s_30percent,12,1,SIM_EXISTING_HIGH,0,DO_NOT_ALLOC,0.0
rl3,cenario1_tempo_fixo/310s_30percent,12,1,SIM_EXISTING_HIGH,1,REALLOC_EXIST,0.0
rl3,cenario1_tempo_fixo/310s_30percent,12,1,SIM_EXISTING_HIGH,2,FORM_NEW_CLUST,0.0
rl3,cenario1_tempo_fixo/310s_30percent,12,2,SIM_ORPHAN_LOW,0,DO_NOT_ALLOC,4.02622
rl3,cenario1_tempo_fixo/310s_30percent,12,2,SIM_ORPHAN_LOW,1,REALLOC_EXIST,54.3391
rl3,cenario1_tempo_fixo/310s_30percent,12,2,SIM_ORPHAN_LOW,2,FORM_NEW_CLUST,15.6075
rl3,cenario1_tempo_fixo/310s_30percent,12,3,SIM_EXISTING_LOW,0,DO_NOT_ALLOC,0.0
rl3,cenario1_tempo_fixo/310s_30percent,12,3,SIM_EXISTING_LOW,1,REALLOC_EXIST,0.0
rl3,cenario1_tempo_fixo/310s_30percent,12,3,SIM_EXISTING_LOW,2,FORM_NEW_CLUST,0.0
rl3,cenario1_tempo_fixo/310s_30percent,13,0,SIM_ORPHAN_HIGH,0,DO_NOT_ALLOC,60.3745
rl3,cenario1_tempo_fixo/310s_30percent,13,0,SIM_ORPHAN_HIGH,1,REALLOC_EXIST,48.6088
rl3,cenario1_tempo_fixo/310s_30percent,13,0,SIM_ORPHAN_HIGH,2,FORM_NEW_CLUST,98.9978
rl3,cenario1_tempo_fixo/310s_30percent,13,1,SIM_EXISTING_HIGH,0,DO_NOT_ALLOC,0.0
rl3,cenario1_tempo_fixo/310s_30percent,13,1,SIM_EXISTING_HIGH,1,REALLOC_EXIST,0.0
rl3,cenario1_tempo_fixo/310s_30percent,13,1,SIM_EXISTING_HIGH,2,FORM_NEW_CLUST,0.0
rl3,cenario1_tempo_fixo/310s_30percent,13,2,SIM_ORPHAN_LOW,0,DO_NOT_ALLOC,4.02622
rl3,cenario1_tempo_fixo/310s_30percent,13,2,SIM_ORPHAN_LOW,1,REALLOC_EXIST,54.3391
rl3,cenario1_tempo_fixo/310s_30percent,13,2,SIM_ORPHAN_LOW,2,FORM_NEW_CLUST,15.6075
rl3,cenario1_tempo_fixo/310s_30percent,13,3,SIM_EXISTING_LOW,0,DO_NOT_ALLOC,0.0
rl3,cenario1_tempo_fixo/310s_30percent,13,3,SIM_EXISTING_LOW,1,REALLOC_EXIST,0.0
rl3,cenario1_tempo_fixo/310s_30percent,13,3,SIM_EXISTING_LOW,2,FORM_NEW_CLUST,0.0
rl3,cenario1_tempo_fixo/310s_30percent,14,0,SIM_ORPHAN_HIGH,0,DO_NOT_ALLOC,68.6069
rl3,cenario1_tempo_fixo/310s_30percent,14,0,SIM_ORPHAN_HIGH,1,REALLOC_EXIST,58.2053
rl3,cenario1_tempo_fixo/310s_30percent,14,0,SIM_ORPHAN_HIGH,2,FORM_NEW_CLUST,99.3751
rl3,cenario1_tempo_fixo/310s_30percent,14,1,SIM_EXISTING_HIGH,0,DO_NOT_ALLOC,0.0
rl3,cenario1_tempo_fixo/310s_30percent,14,1,SIM_EXISTING_HIGH,1,REALLOC_EXIST,0.0
rl3,cenario1_tempo_fixo/310s_30percent,14,1,SIM_EXISTING_HIGH,2,FORM_NEW_CLUST,0.0
rl3,cenario1_tempo_fixo/310s_30percent,14,2,SIM_ORPHAN_LOW,0,DO_NOT_ALLOC,4.02622
rl3,cenario1_tempo_fixo/310s_30percent,14,2,SIM_ORPHAN_LOW,1,REALLOC_EXIST,54.3391
rl3,cenario1_tempo_fixo/310s_30percent,14,2,SIM_ORPHAN_LOW,2,FORM_NEW_CLUST,15.6075
rl3,cenario1_tempo_fixo/310s_30percent,14,3,SIM_EXISTING_LOW,0,DO_NOT_ALLOC,0.0
rl3,cenario1_tempo_fixo/310s_30percent,14,3,SIM_EXISTING_LOW,1,REALLOC_EXIST,0.0
rl3,cenario1_tempo_fixo/310s_30percent,14,3,SIM_EXISTING_LOW,2,FORM_NEW_CLUST,0.0
rl3,cenario1_tempo_fixo/310s_30percent,15,0,SIM_ORPHAN_HIGH,0,DO_NOT_ALLOC,72.9064
rl3,cenario1_tempo_fixo/310s_30percent,15,0,SIM_ORPHAN_HIGH,1,REALLOC_EXIST,62.3359
rl3,cenario1_tempo_fixo/310s_30percent,15,0,SIM_ORPHAN_HIGH,2,FORM_NEW_CLUST,99.4889
rl3,cenario1_tempo_fixo/310s_30percent,15,1,SIM_EXISTING_HIGH,0,DO_NOT_ALLOC,0.0
rl3,cenario1_tempo_fixo/310s_30percent,15,1,SIM_EXISTING_HIGH,1,REALLOC_EXIST,0.0
rl3,cenario1_tempo_fixo/310s_30percent,15,1,SIM_EXISTING_HIGH,2,FORM_NEW_CLUST,0.0
rl3,cenario1_tempo_fixo/310s_30percent,15,2,SIM_ORPHAN_LOW,0,DO_NOT_ALLOC,4.02622
rl3,cenario1_tempo_fixo/310s_30percent,15,2,SIM_ORPHAN_LOW,1,REALLOC_EXIST,58.288
rl3,cenario1_tempo_fixo/310s_30percent,15,2,SIM_ORPHAN_LOW,2,FORM_NEW_CLUST,20.0992
rl3,cenario1_tempo_fixo/310s_30percent,15,3,SIM_EXISTING_LOW,0,DO_NOT_ALLOC,0.0
rl3,cenario1_tempo_fixo/310s_30percent,15,3,SIM_EXISTING_LOW,1,REALLOC_EXIST,0.0
rl3,cenario1_tempo_fixo/310s_30percent,15,3,SIM_EXISTING_LOW,2,FORM_NEW_CLUST,0.0
rl3,cenario1_tempo_fixo/310s_30percent,16,0,SIM_ORPHAN_HIGH,0,DO_NOT_ALLOC,76.0742
rl3,cenario1_tempo_fixo/310s_30percent,16,0,SIM_ORPHAN_HIGH,1,REALLOC_EXIST,69.4139
rl3,cenario1_tempo_fixo/310s_30percent,16,0,SIM_ORPHAN_HIGH,2,FORM_NEW_CLUST,99.5944
rl3,cenario1_tempo_fixo/310s_30percent,16,1,SIM_EXISTING_HIGH,0,DO_NOT_ALLOC,0.0
rl3,cenario1_tempo_fixo/310s_30percent,16,1,SIM_EXISTING_HIGH,1,REALLOC_EXIST,0.0
rl3,cenario1_tempo_fixo/310s_30percent,16,1,SIM_EXISTING_HIGH,2,FORM_NEW_CLUST,0.0
rl3,cenario1_tempo_fixo/310s_30percent,16,2,SIM_ORPHAN_LOW,0,DO_NOT_ALLOC,4.02622
rl3,cenario1_tempo_fixo/310s_30percent,16,2,SIM_ORPHAN_LOW,1,REALLOC_EXIST,63.0271
rl3,cenario1_tempo_fixo/310s_30percent,16,2,SIM_ORPHAN_LOW,2,FORM_NEW_CLUST,24.3352
rl3,cenario1_tempo_fixo/310s_30percent,16,3,SIM_EXISTING_LOW,0,DO_NOT_ALLOC,0.0
rl3,cenario1_tempo_fixo/310s_30percent,16,3,SIM_EXISTING_LOW,1,REALLOC_EXIST,0.0
rl3,cenario1_tempo_fixo/310s_30percent,16,3,SIM_EXISTING_LOW,2,FORM_NEW_CLUST,0.0
rl3,cenario1_tempo_fixo/310s_30percent,17,0,SIM_ORPHAN_HIGH,0,DO_NOT_ALLOC,76.9351
rl3,cenario1_tempo_fixo/310s_30percent,17,0,SIM_ORPHAN_HIGH,1,REALLOC_EXIST,75.1613
rl3,cenario1_tempo_fixo/310s_30percent,17,0,SIM_ORPHAN_HIGH,2,FORM_NEW_CLUST,99.6512
rl3,cenario1_tempo_fixo/310s_30percent,17,1,SIM_EXISTING_HIGH,0,DO_NOT_ALLOC,0.0
rl3,cenario1_tempo_fixo/310s_30percent,17,1,SIM_EXISTING_HIGH,1,REALLOC_EXIST,0.0
rl3,cenario1_tempo_fixo/310s_30percent,17,1,SIM_EXISTING_HIGH,2,FORM_NEW_CLUST,0.0
rl3,cenario1_tempo_fixo/310s_30percent,17,2,SIM_ORPHAN_LOW,0,DO_NOT_ALLOC,4.02622
rl3,cenario1_tempo_fixo/310s_30percent,17,2,SIM_ORPHAN_LOW,1,REALLOC_EXIST,66.2246
rl3,cenario1_tempo_fixo/310s_30percent,17,2,SIM_ORPHAN_LOW,2,FORM_NEW_CLUST,24.3352
rl3,cenario1_tempo_fixo/310s_30percent,17,3,SIM_EXISTING_LOW,0,DO_NOT_ALLOC,0.0
rl3,cenario1_tempo_fixo/310s_30percent,17,3,SIM_EXISTING_LOW,1,REALLOC_EXIST,0.0
rl3,cenario1_tempo_fixo/310s_30percent,17,3,SIM_EXISTING_LOW,2,FORM_NEW_CLUST,0.0
rl3,cenario1_tempo_fixo/310s_30percent,18,0,SIM_ORPHAN_HIGH,0,DO_NOT_ALLOC,77.7126
rl3,cenario1_tempo_fixo/310s_30percent,18,0,SIM_ORPHAN_HIGH,1,REALLOC_EXIST,79.8288
rl3,cenario1_tempo_fixo/310s_30percent,18,0,SIM_ORPHAN_HIGH,2,FORM_NEW_CLUST,99.7571
rl3,cenario1_tempo_fixo/310s_30percent,18,1,SIM_EXISTING_HIGH,0,DO_NOT_ALLOC,0.0
rl3,cenario1_tempo_fixo/310s_30percent,18,1,SIM_EXISTING_HIGH,1,REALLOC_EXIST,0.0
rl3,cenario1_tempo_fixo/310s_30percent,18,1,SIM_EXISTING_HIGH,2,FORM_NEW_CLUST,0.0
rl3,cenario1_tempo_fixo/310s_30percent,18,2,SIM_ORPHAN_LOW,0,DO_NOT_ALLOC,4.02622
rl3,cenario1_tempo_fixo/310s_30percent,18,2,SIM_ORPHAN_LOW,1,REALLOC_EXIST,66.2246
rl3,cenario1_tempo_fixo/310s_30percent,18,2,SIM_ORPHAN_LOW,2,FORM_NEW_CLUST,24.3352
rl3,cenario1_tempo_fixo/310s_30percent,18,3,SIM_EXISTING_LOW,0,DO_NOT_ALLOC,0.0
rl3,cenario1_tempo_fixo/310s_30percent,18,3,SIM_EXISTING_LOW,1,REALLOC_EXIST,0.0
rl3,cenario1_tempo_fixo/310s_30percent,18,3,SIM_EXISTING_LOW,2,FORM_NEW_CLUST,0.0
rl3,cenario1_tempo_fixo/310s_30percent,19,0,SIM_ORPHAN_HIGH,0,DO_NOT_ALLOC,77.7126
rl3,cenario1_tempo_fixo/310s_30percent,19,0,SIM_ORPHAN_HIGH,1,REALLOC_EXIST,88.0234
rl3,cenario1_tempo_fixo/310s_30percent,19,0,SIM_ORPHAN_HIGH,2,FORM_NEW_CLUST,99.853
rl3,cenario1_tempo_fixo/310s_30percent,19,1,SIM_EXISTING_HIGH,0,DO_NOT_ALLOC,0.0
rl3,cenario1_tempo_fixo/310s_30percent,19,1,SIM_EXISTING_HIGH,1,REALLOC_EXIST,0.0
rl3,cenario1_tempo_fixo/310s_30percent,19,1,SIM_EXISTING_HIGH,2,FORM_NEW_CLUST,0.0
rl3,cenario1_tempo_fixo/310s_30percent,19,2,SIM_ORPHAN_LOW,0,DO_NOT_ALLOC,4.02622
rl3,cenario1_tempo_fixo/310s_30percent,19,2,SIM_ORPHAN_LOW,1,REALLOC_EXIST,66.2246
rl3,cenario1_tempo_fixo/310s_30percent,19,2,SIM_ORPHAN_LOW,2,FORM_NEW_CLUST,24.3352
rl3,cenario1_tempo_fixo/310s_30percent,19,3,SIM_EXISTING_LOW,0,DO_NOT_ALLOC,0.0
rl3,cenario1_tempo_fixo/310s_30percent,19,3,SIM_EXISTING_LOW,1,REALLOC_EXIST,0.0
rl3,cenario1_tempo_fixo/310s_30percent,19,3,SIM_EXISTING_LOW,2,FORM_NEW_CLUST,0.0
rl3,cenario1_tempo_fixo/310s_30percent,20,0,SIM_ORPHAN_HIGH,0,DO_NOT_ALLOC,78.4319
rl3,cenario1_tempo_fixo/310s_30percent,20,0,SIM_ORPHAN_HIGH,1,REALLOC_EXIST,90.2747
rl3,cenario1_tempo_fixo/310s_30percent,20,0,SIM_ORPHAN_HIGH,2,FORM_NEW_CLUST,99.9046
rl3,cenario1_tempo_fixo/310s_30percent,20,1,SIM_EXISTING_HIGH,0,DO_NOT_ALLOC,0.0
rl3,cenario1_tempo_fixo/310s_30percent,20,1,SIM_EXISTING_HIGH,1,REALLOC_EXIST,0.0
rl3,cenario1_tempo_fixo/310s_30percent,20,1,SIM_EXISTING_HIGH,2,FORM_NEW_CLUST,0.0
rl3,cenario1_tempo_fixo/310s_30percent,20,2,SIM_ORPHAN_LOW,0,DO_NOT_ALLOC,4.02622
rl3,cenario1_tempo_fixo/310s_30percent,20,2,SIM_ORPHAN_LOW,1,REALLOC_EXIST,66.2246
rl3,cenario1_tempo_fixo/310s_30percent,20,2,SIM_ORPHAN_LOW,2,FORM_NEW_CLUST,24.3352
rl3,cenario1_tempo_fixo/310s_30percent,20,3,SIM_EXISTING_LOW,0,DO_NOT_ALLOC,0.0
rl3,cenario1_tempo_fixo/310s_30percent,20,3,SIM_EXISTING_LOW,1,REALLOC_EXIST,0.0
rl3,cenario1_tempo_fixo/310s_30percent,20,3,SIM_EXISTING_LOW,2,FORM_NEW_CLUST,0.0
rl3,cenario1_tempo_fixo/310s_30percent,21,0,SIM_ORPHAN_HIGH,0,DO_NOT_ALLOC,80.1924
rl3,cenario1_tempo_fixo/310s_30percent,21,0,SIM_ORPHAN_HIGH,1,REALLOC_EXIST,91.2387
rl3,cenario1_tempo_fixo/310s_30percent,21,0,SIM_ORPHAN_HIGH,2,FORM_NEW_CLUST,99.9393
rl3,cenario1_tempo_fixo/310s_30percent,21,1,SIM_EXISTING_HIGH,0,DO_NOT_ALLOC,0.0
rl3,cenario1_tempo_fixo/310s_30percent,21,1,SIM_EXISTING_HIGH,1,REALLOC_EXIST,0.0
rl3,cenario1_tempo_fixo/310s_30percent,21,1,SIM_EXISTING_HIGH,2,FORM_NEW_CLUST,0.0
rl3,cenario1_tempo_fixo/310s_30percent,21,2,SIM_ORPHAN_LOW,0,DO_NOT_ALLOC,4.02622
rl3,cenario1_tempo_fixo/310s_30percent,21,2,SIM_ORPHAN_LOW,1,REALLOC_EXIST,66.2246
rl3,cenario1_tempo_fixo/310s_30percent,21,2,SIM_ORPHAN_LOW,2,FORM_NEW_CLUST,24.3352
rl3,cenario1_tempo_fixo/310s_30percent,21,3,SIM_EXISTING_LOW,0,DO_NOT_ALLOC,0.0
rl3,cenario1_tempo_fixo/310s_30percent,21,3,SIM_EXISTING_LOW,1,REALLOC_EXIST,0.0
rl3,cenario1_tempo_fixo/310s_30percent,21,3,SIM_EXISTING_LOW,2,FORM_NEW_CLUST,0.0
rl3,cenario1_tempo_fixo/310s_30percent,22,0,SIM_ORPHAN_HIGH,0,DO_NOT_ALLOC,80.6684
rl3,cenario1_tempo_fixo/310s_30percent,22,0,SIM_ORPHAN_HIGH,1,REALLOC_EXIST,92.1105
rl3,cenario1_tempo_fixo/310s_30percent,22,0,SIM_ORPHAN_HIGH,2,FORM_NEW_CLUST,99.9606
rl3,cenario1_tempo_fixo/310s_30percent,22,1,SIM_EXISTING_HIGH,0,DO_NOT_ALLOC,0.0
rl3,cenario1_tempo_fixo/310s_30percent,22,1,SIM_EXISTING_HIGH,1,REALLOC_EXIST,0.0
rl3,cenario1_tempo_fixo/310s_30percent,22,1,SIM_EXISTING_HIGH,2,FORM_NEW_CLUST,0.0
rl3,cenario1_tempo_fixo/310s_30percent,22,2,SIM_ORPHAN_LOW,0,DO_NOT_ALLOC,4.02622
rl3,cenario1_tempo_fixo/310s_30percent,22,2,SIM_ORPHAN_LOW,1,REALLOC_EXIST,66.2246
rl3,cenario1_tempo_fixo/310s_30percent,22,2,SIM_ORPHAN_LOW,2,FORM_NEW_CLUST,24.3352
rl3,cenario1_tempo_fixo/310s_30percent,22,3,SIM_EXISTING_LOW,0,DO_NOT_ALLOC,0.0
rl3,cenario1_tempo_fixo/310s_30percent,22,3,SIM_EXISTING_LOW,1,REALLOC_EXIST,0.0
rl3,cenario1_tempo_fixo/310s_30percent,22,3,SIM_EXISTING_LOW,2,FORM_NEW_CLUST,0.0
rl3,cenario1_tempo_fixo/310s_30percent,23,0,SIM_ORPHAN_HIGH,0,DO_NOT_ALLOC,81.4851
rl3,cenario1_tempo_fixo/310s_30percent,23,0,SIM_ORPHAN_HIGH,1,REALLOC_EXIST,92.1105
rl3,cenario1_tempo_fixo/310s_30percent,23,0,SIM_ORPHAN_HIGH,2,FORM_NEW_CLUST,99.9671
rl3,cenario1_tempo_fixo/310s_30percent,23,1,SIM_EXISTING_HIGH,0,DO_NOT_ALLOC,0.0
rl3,cenario1_tempo_fixo/310s_30percent,23,1,SIM_EXISTING_HIGH,1,REALLOC_EXIST,0.0
rl3,cenario1_tempo_fixo/310s_30percent,23,1,SIM_EXISTING_HIGH,2,FORM_NEW_CLUST,0.0
rl3,cenario1_tempo_fixo/310s_30percent,23,2,SIM_ORPHAN_LOW,0,DO_NOT_ALLOC,14.2719
rl3,cenario1_tempo_fixo/310s_30percent,23,2,SIM_ORPHAN_LOW,1,REALLOC_EXIST,76.0008
rl3,cenario1_tempo_fixo/310s_30percent,23,2,SIM_ORPHAN_LOW,2,FORM_NEW_CLUST,24.3352
rl3,cenario1_tempo_fixo/310s_30percent,23,3,SIM_EXISTING_LOW,0,DO_NOT_ALLOC,0.0
rl3,cenario1_tempo_fixo/310s_30percent,23,3,SIM_EXISTING_LOW,1,REALLOC_EXIST,0.0
rl3,cenario1_tempo_fixo/310s_30percent,23,3,SIM_EXISTING_LOW,2,FORM_NEW_CLUST,0.0
rl3,cenario1_tempo_fixo/310s_30percent,24,0,SIM_ORPHAN_HIGH,0,DO_NOT_ALLOC,81.4851
rl3,cenario1_tempo_fixo/310s_30percent,24,0,SIM_ORPHAN_HIGH,1,REALLOC_EXIST,92.8965
rl3,cenario1_tempo_fixo/310s_30percent,24,0,SIM_ORPHAN_HIGH,2,FORM_NEW_CLUST,99.9789
rl3,cenario1_tempo_fixo/310s_30percent,24,1,SIM_EXISTING_HIGH,0,DO_NOT_ALLOC,0.0
rl3,cenario1_tempo_fixo/310s_30percent,24,1,SIM_EXISTING_HIGH,1,REALLOC_EXIST,0.0
rl3,cenario1_tempo_fixo/310s_30percent,24,1,SIM_EXISTING_HIGH,2,FORM_NEW_CLUST,0.0
rl3,cenario1_tempo_fixo/310s_30percent,24,2,SIM_ORPHAN_LOW,0,DO_NOT_ALLOC,14.2719
rl3,cenario1_tempo_fixo/310s_30percent,24,2,SIM_ORPHAN_LOW,1,REALLOC_EXIST,76.0008
rl3,cenario1_tempo_fixo/310s_30percent,24,2,SIM_ORPHAN_LOW,2,FORM_NEW_CLUST,24.3352
rl3,cenario1_tempo_fixo/310s_30percent,24,3,SIM_EXISTING_LOW,0,DO_NOT_ALLOC,0.0
rl3,cenario1_tempo_fixo/310s_30percent,24,3,SIM_EXISTING_LOW,1,REALLOC_EXIST,0.0
rl3,cenario1_tempo_fixo/310s_30percent,24,3,SIM_EXISTING_LOW,2,FORM_NEW_CLUST,0.0
rl3,cenario1_tempo_fixo/310s_30percent,25,0,SIM_ORPHAN_HIGH,0,DO_NOT_ALLOC,81.4851
rl3,cenario1_tempo_fixo/310s_30percent,25,0,SIM_ORPHAN_HIGH,1,REALLOC_EXIST,93.6051
rl3,cenario1_tempo_fixo/310s_30percent,25,0,SIM_ORPHAN_HIGH,2,FORM_NEW_CLUST,99.9829
rl3,cenario1_tempo_fixo/310s_30percent,25,1,SIM_EXISTING_HIGH,0,DO_NOT_ALLOC,0.0
rl3,cenario1_tempo_fixo/310s_30percent,25,1,SIM_EXISTING_HIGH,1,REALLOC_EXIST,0.0
rl3,cenario1_tempo_fixo/310s_30percent,25,1,SIM_EXISTING_HIGH,2,FORM_NEW_CLUST,0.0
rl3,cenario1_tempo_fixo/310s_30percent,25,2,SIM_ORPHAN_LOW,0,DO_NOT_ALLOC,14.2719
rl3,cenario1_tempo_fixo/310s_30percent,25,2,SIM_ORPHAN_LOW,1,REALLOC_EXIST,76.0008
rl3,cenario1_tempo_fixo/310s_30percent,25,2,SIM_ORPHAN_LOW,2,FORM_NEW_CLUST,24.3352
rl3,cenario1_tempo_fixo/310s_30percent,25,3,SIM_EXISTING_LOW,0,DO_NOT_ALLOC,0.0
rl3,cenario1_tempo_fixo/310s_30percent,25,3,SIM_EXISTING_LOW,1,REALLOC_EXIST,0.0
rl3,cenario1_tempo_fixo/310s_30percent,25,3,SIM_EXISTING_LOW,2,FORM_NEW_CLUST,0.0
rl3,cenario1_tempo_fixo/310s_30percent,26,0,SIM_ORPHAN_HIGH,0,DO_NOT_ALLOC,81.4851
rl3,cenario1_tempo_fixo/310s_30percent,26,0,SIM_ORPHAN_HIGH,1,REALLOC_EXIST,93.6051
rl3,cenario1_tempo_fixo/310s_30percent,26,0,SIM_ORPHAN_HIGH,2,FORM_NEW_CLUST,99.9882
rl3,cenario1_tempo_fixo/310s_30percent,26,1,SIM_EXISTING_HIGH,0,DO_NOT_ALLOC,0.0
rl3,cenario1_tempo_fixo/310s_30percent,26,1,SIM_EXISTING_HIGH,1,REALLOC_EXIST,0.0
rl3,cenario1_tempo_fixo/310s_30percent,26,1,SIM_EXISTING_HIGH,2,FORM_NEW_CLUST,0.0
rl3,cenario1_tempo_fixo/310s_30percent,26,2,SIM_ORPHAN_LOW,0,DO_NOT_ALLOC,14.2719
rl3,cenario1_tempo_fixo/310s_30percent,26,2,SIM_ORPHAN_LOW,1,REALLOC_EXIST,76.0008
rl3,cenario1_tempo_fixo/310s_30percent,26,2,SIM_ORPHAN_LOW,2,FORM_NEW_CLUST,24.3352
rl3,cenario1_tempo_fixo/310s_30percent,26,3,SIM_EXISTING_LOW,0,DO_NOT_ALLOC,0.0
rl3,cenario1_tempo_fixo/310s_30percent,26,3,SIM_EXISTING_LOW,1,REALLOC_EXIST,0.0
rl3,cenario1_tempo_fixo/310s_30percent,26,3,SIM_EXISTING_LOW,2,FORM_NEW_CLUST,0.0
rl3,cenario1_tempo_fixo/310s_30percent,27,0,SIM_ORPHAN_HIGH,0,DO_NOT_ALLOC,81.8358
rl3,cenario1_tempo_fixo/310s_30percent,27,0,SIM_ORPHAN_HIGH,1,REALLOC_EXIST,95.3359
rl3,cenario1_tempo_fixo/310s_30percent,27,0,SIM_ORPHAN_HIGH,2,FORM_NEW_CLUST,99.9913
rl3,cenario1_tempo_fixo/310s_30percent,27,1,SIM_EXISTING_HIGH,0,DO_NOT_ALLOC,0.0
rl3,cenario1_tempo_fixo/310s_30percent,27,1,SIM_EXISTING_HIGH,1,REALLOC_EXIST,0.0
rl3,cenario1_tempo_fixo/310s_30percent,27,1,SIM_EXISTING_HIGH,2,FORM_NEW_CLUST,0.0
rl3,cenario1_tempo_fixo/310s_30percent,27,2,SIM_ORPHAN_LOW,0,DO_NOT_ALLOC,14.2719
rl3,cenario1_tempo_fixo/310s_30percent,27,2,SIM_ORPHAN_LOW,1,REALLOC_EXIST,77.8549
rl3,cenario1_tempo_fixo/310s_30percent,27,2,SIM_ORPHAN_LOW,2,FORM_NEW_CLUST,29.9086
rl3,cenario1_tempo_fixo/310s_30percent,27,3,SIM_EXISTING_LOW,0,DO_NOT_ALLOC,0.0
rl3,cenario1_tempo_fixo/310s_30percent,27,3,SIM_EXISTING_LOW,1,REALLOC_EXIST,0.0
rl3,cenario1_tempo_fixo/310s_30percent,27,3,SIM_EXISTING_LOW,2,FORM_NEW_CLUST,0.0
rl3,cenario1_tempo_fixo/310s_30percent,28,0,SIM_ORPHAN_HIGH,0,DO_NOT_ALLOC,81.8358
rl3,cenario1_tempo_fixo/310s_30percent,28,0,SIM_ORPHAN_HIGH,1,REALLOC_EXIST,96.2206
rl3,cenario1_tempo_fixo/310s_30percent,28,0,SIM_ORPHAN_HIGH,2,FORM_NEW_CLUST,99.9921
rl3,cenario1_tempo_fixo/310s_30percent,28,1,SIM_EXISTING_HIGH,0,DO_NOT_ALLOC,0.0
rl3,cenario1_tempo_fixo/310s_30percent,28,1,SIM_EXISTING_HIGH,1,REALLOC_EXIST,0.0
rl3,cenario1_tempo_fixo/310s_30percent,28,1,SIM_EXISTING_HIGH,2,FORM_NEW_CLUST,0.0
rl3,cenario1_tempo_fixo/310s_30percent,28,2,SIM_ORPHAN_LOW,0,DO_NOT_ALLOC,14.2719
rl3,cenario1_tempo_fixo/310s_30percent,28,2,SIM_ORPHAN_LOW,1,REALLOC_EXIST,80.7615
rl3,cenario1_tempo_fixo/310s_30percent,28,2,SIM_ORPHAN_LOW,2,FORM_NEW_CLUST,29.9086
rl3,cenario1_tempo_fixo/310s_30percent,28,3,SIM_EXISTING_LOW,0,DO_NOT_ALLOC,0.0
rl3,cenario1_tempo_fixo/310s_30percent,28,3,SIM_EXISTING_LOW,1,REALLOC_EXIST,0.0
rl3,cenario1_tempo_fixo/310s_30percent,28,3,SIM_EXISTING_LOW,2,FORM_NEW_CLUST,0.0
rl3,cenario1_tempo_fixo/310s_30percent,29,0,SIM_ORPHAN_HIGH,0,DO_NOT_ALLOC,81.8358
rl3,cenario1_tempo_fixo/310s_30percent,29,0,SIM_ORPHAN_HIGH,1,REALLOC_EXIST,96.5981
rl3,cenario1_tempo_fixo/310s_30percent,29,0,SIM_ORPHAN_HIGH,2,FORM_NEW_CLUST,99.9952
rl3,cenario1_tempo_fixo/310s_30percent,29,1,SIM_EXISTING_HIGH,0,DO_NOT_ALLOC,0.0
rl3,cenario1_tempo_fixo/310s_30percent,29,1,SIM_EXISTING_HIGH,1,REALLOC_EXIST,0.0
rl3,cenario1_tempo_fixo/310s_30percent,29,1,SIM_EXISTING_HIGH,2,FORM_NEW_CLUST,0.0
rl3,cenario1_tempo_fixo/310s_30percent,29,2,SIM_ORPHAN_LOW,0,DO_NOT_ALLOC,14.2719
rl3,cenario1_tempo_fixo/310s_30percent,29,2,SIM_ORPHAN_LOW,1,REALLOC_EXIST,80.7615
rl3,cenario1_tempo_fixo/310s_30percent,29,2,SIM_ORPHAN_LOW,2,FORM_NEW_CLUST,29.9086
rl3,cenario1_tempo_fixo/310s_30percent,29,3,SIM_EXISTING_LOW,0,DO_NOT_ALLOC,0.0
rl3,cenario1_tempo_fixo/310s_30percent,29,3,SIM_EXISTING_LOW,1,REALLOC_EXIST,0.0
rl3,cenario1_tempo_fixo/310s_30percent,29,3,SIM_EXISTING_LOW,2,FORM_NEW_CLUST,0.0
rl3,cenario1_tempo_fixo/310s_30percent,30,0,SIM_ORPHAN_HIGH,0,DO_NOT_ALLOC,81.8358
rl3,cenario1_tempo_fixo/310s_30percent,30,0,SIM_ORPHAN_HIGH,1,REALLOC_EXIST,97.519
rl3,cenario1_tempo_fixo/310s_30percent,30,0,SIM_ORPHAN_HIGH,2,FORM_NEW_CLUST,99.9969
rl3,cenario1_tempo_fixo/310s_30percent,30,1,SIM_EXISTING_HIGH,0,DO_NOT_ALLOC,0.0
rl3,cenario1_tempo_fixo/310s_30percent,30,1,SIM_EXISTING_HIGH,1,REALLOC_EXIST,0.0
rl3,cenario1_tempo_fixo/310s_30percent,30,1,SIM_EXISTING_HIGH,2,FORM_NEW_CLUST,0.0
rl3,cenario1_tempo_fixo/310s_30percent,30,2,SIM_ORPHAN_LOW,0,DO_NOT_ALLOC,14.2719
rl3,cenario1_tempo_fixo/310s_30percent,30,2,SIM_ORPHAN_LOW,1,REALLOC_EXIST,80.7615
rl3,cenario1_tempo_fixo/310s_30percent,30,2,SIM_ORPHAN_LOW,2,FORM_NEW_CLUST,29.9086
rl3,cenario1_tempo_fixo/310s_30percent,30,3,SIM_EXISTING_LOW,0,DO_NOT_ALLOC,0.0
rl3,cenario1_tempo_fixo/310s_30percent,30,3,SIM_EXISTING_LOW,1,REALLOC_EXIST,0.0
rl3,cenario1_tempo_fixo/310s_30percent,30,3,SIM_EXISTING_LOW,2,FORM_NEW_CLUST,0.0
rl3,cenario1_tempo_fixo/310s_30percent,31,0,SIM_ORPHAN_HIGH,0,DO_NOT_ALLOC,82.4365
rl3,cenario1_tempo_fixo/310s_30percent,31,0,SIM_ORPHAN_HIGH,1,REALLOC_EXIST,97.7669
rl3,cenario1_tempo_fixo/310s_30percent,31,0,SIM_ORPHAN_HIGH,2,FORM_NEW_CLUST,99.9973
rl3,cenario1_tempo_fixo/310s_30percent,31,1,SIM_EXISTING_HIGH,0,DO_NOT_ALLOC,0.0
rl3,cenario1_tempo_fixo/310s_30percent,31,1,SIM_EXISTING_HIGH,1,REALLOC_EXIST,0.0
rl3,cenario1_tempo_fixo/310s_30percent,31,1,SIM_EXISTING_HIGH,2,FORM_NEW_CLUST,0.0
rl3,cenario1_tempo_fixo/310s_30percent,31,2,SIM_ORPHAN_LOW,0,DO_NOT_ALLOC,14.2719
rl3,cenario1_tempo_fixo/310s_30percent,31,2,SIM_ORPHAN_LOW,1,REALLOC_EXIST,83.783
rl3,cenario1_tempo_fixo/310s_30percent,31,2,SIM_ORPHAN_LOW,2,FORM_NEW_CLUST,35.2711
rl3,cenario1_tempo_fixo/310s_30percent,31,3,SIM_EXISTING_LOW,0,DO_NOT_ALLOC,0.0
rl3,cenario1_tempo_fixo/310s_30percent,31,3,SIM_EXISTING_LOW,1,REALLOC_EXIST,0.0
rl3,cenario1_tempo_fixo/310s_30percent,31,3,SIM_EXISTING_LOW,2,FORM_NEW_CLUST,0.0
rl3,cenario1_tempo_fixo/310s_30percent,32,0,SIM_ORPHAN_HIGH,0,DO_NOT_ALLOC,82.6926
rl3,cenario1_tempo_fixo/310s_30percent,32,0,SIM_ORPHAN_HIGH,1,REALLOC_EXIST,98.1907
rl3,cenario1_tempo_fixo/310s_30percent,32,0,SIM_ORPHAN_HIGH,2,FORM_NEW_CLUST,99.9978
rl3,cenario1_tempo_fixo/310s_30percent,32,1,SIM_EXISTING_HIGH,0,DO_NOT_ALLOC,0.0
rl3,cenario1_tempo_fixo/310s_30percent,32,1,SIM_EXISTING_HIGH,1,REALLOC_EXIST,0.0
rl3,cenario1_tempo_fixo/310s_30percent,32,1,SIM_EXISTING_HIGH,2,FORM_NEW_CLUST,0.0
rl3,cenario1_tempo_fixo/310s_30percent,32,2,SIM_ORPHAN_LOW,0,DO_NOT_ALLOC,14.2719
rl3,cenario1_tempo_fixo/310s_30percent,32,2,SIM_ORPHAN_LOW,1,REALLOC_EXIST,83.783
rl3,cenario1_tempo_fixo/310s_30percent,32,2,SIM_ORPHAN_LOW,2,FORM_NEW_CLUST,35.2711
rl3,cenario1_tempo_fixo/310s_30percent,32,3,SIM_EXISTING_LOW,0,DO_NOT_ALLOC,0.0
rl3,cenario1_tempo_fixo/310s_30percent,32,3,SIM_EXISTING_LOW,1,REALLOC_EXIST,0.0
rl3,cenario1_tempo_fixo/310s_30percent,32,3,SIM_EXISTING_LOW,2,FORM_NEW_CLUST,0.0
rl3,cenario1_tempo_fixo/310s_30percent,33,0,SIM_ORPHAN_HIGH,0,DO_NOT_ALLOC,82.9232
rl3,cenario1_tempo_fixo/310s_30percent,33,0,SIM_ORPHAN_HIGH,1,REALLOC_EXIST,98.3715
rl3,cenario1_tempo_fixo/310s_30percent,33,0,SIM_ORPHAN_HIGH,2,FORM_NEW_CLUST,99.9985
rl3,cenario1_tempo_fixo/310s_30percent,33,1,SIM_EXISTING_HIGH,0,DO_NOT_ALLOC,0.0
rl3,cenario1_tempo_fixo/310s_30percent,33,1,SIM_EXISTING_HIGH,1,REALLOC_EXIST,0.0
rl3,cenario1_tempo_fixo/310s_30percent,33,1,SIM_EXISTING_HIGH,2,FORM_NEW_CLUST,0.0
rl3,cenario1_tempo_fixo/310s_30percent,33,2,SIM_ORPHAN_LOW,0,DO_NOT_ALLOC,14.2719
rl3,cenario1_tempo_fixo/310s_30percent,33,2,SIM_ORPHAN_LOW,1,REALLOC_EXIST,83.783
rl3,cenario1_tempo_fixo/310s_30percent,33,2,SIM_ORPHAN_LOW,2,FORM_NEW_CLUST,35.2711
rl3,cenario1_tempo_fixo/310s_30percent,33,3,SIM_EXISTING_LOW,0,DO_NOT_ALLOC,0.0
rl3,cenario1_tempo_fixo/310s_30percent,33,3,SIM_EXISTING_LOW,1,REALLOC_EXIST,0.0
rl3,cenario1_tempo_fixo/310s_30percent,33,3,SIM_EXISTING_LOW,2,FORM_NEW_CLUST,0.0
rl3,cenario1_tempo_fixo/310s_30percent,34,0,SIM_ORPHAN_HIGH,0,DO_NOT_ALLOC,83.1308
rl3,cenario1_tempo_fixo/310s_30percent,34,0,SIM_ORPHAN_HIGH,1,REALLOC_EXIST,98.3715
rl3,cenario1_tempo_fixo/310s_30percent,34,0,SIM_ORPHAN_HIGH,2,FORM_NEW_CLUST,99.9991
rl3,cenario1_tempo_fixo/310s_30percent,34,1,SIM_EXISTING_HIGH,0,DO_NOT_ALLOC,0.0
rl3,cenario1_tempo_fixo/310s_30percent,34,1,SIM_EXISTING_HIGH,1,REALLOC_EXIST,0.0
rl3,cenario1_tempo_fixo/310s_30percent,34,1,SIM_EXISTING_HIGH,2,FORM_NEW_CLUST,0.0
rl3,cenario1_tempo_fixo/310s_30percent,34,2,SIM_ORPHAN_LOW,0,DO_NOT_ALLOC,14.2719
rl3,cenario1_tempo_fixo/310s_30percent,34,2,SIM_ORPHAN_LOW,1,REALLOC_EXIST,83.783
rl3,cenario1_tempo_fixo/310s_30percent,34,2,SIM_ORPHAN_LOW,2,FORM_NEW_CLUST,35.2711
rl3,cenario1_tempo_fixo/310s_30percent,34,3,SIM_EXISTING_LOW,0,DO_NOT_ALLOC,0.0
rl3,cenario1_tempo_fixo/310s_30percent,34,3,SIM_EXISTING_LOW,1,REALLOC_EXIST,0.0
rl3,cenario1_tempo_fixo/310s_30percent,34,3,SIM_EXISTING_LOW,2,FORM_NEW_CLUST,0.0
rl3,cenario1_tempo_fixo/310s_30percent,35,0,SIM_ORPHAN_HIGH,0,DO_NOT_ALLOC,83.4858
rl3,cenario1_tempo_fixo/310s_30percent,35,0,SIM_ORPHAN_HIGH,1,REALLOC_EXIST,98.3715
rl3,cenario1_tempo_fixo/310s_30percent,35,0,SIM_ORPHAN_HIGH,2,FORM_NEW_CLUST,99.9992
rl3,cenario1_tempo_fixo/310s_30percent,35,1,SIM_EXISTING_HIGH,0,DO_NOT_ALLOC,0.0
rl3,cenario1_tempo_fixo/310s_30percent,35,1,SIM_EXISTING_HIGH,1,REALLOC_EXIST,0.0
rl3,cenario1_tempo_fixo/310s_30percent,35,1,SIM_EXISTING_HIGH,2,FORM_NEW_CLUST,0.0
rl3,cenario1_tempo_fixo/310s_30percent,35,2,SIM_ORPHAN_LOW,0,DO_NOT_ALLOC,14.2719
rl3,cenario1_tempo_fixo/310s_30percent,35,2,SIM_ORPHAN_LOW,1,REALLOC_EXIST,83.783
rl3,cenario1_tempo_fixo/310s_30percent,35,2,SIM_ORPHAN_LOW,2,FORM_NEW_CLUST,35.2711
rl3,cenario1_tempo_fixo/310s_30percent,35,3,SIM_EXISTING_LOW,0,DO_NOT_ALLOC,0.0
rl3,cenario1_tempo_fixo/310s_30percent,35,3,SIM_EXISTING_LOW,1,REALLOC_EXIST,0.0
rl3,cenario1_tempo_fixo/310s_30percent,35,3,SIM_EXISTING_LOW,2,FORM_NEW_CLUST,0.0
rl3,cenario2_tempo_aleatorio/180-600s_10percent,1,0,SIM_ORPHAN_HIGH,0,DO_NOT_ALLOC,-0.50891
rl3,cenario2_tempo_aleatorio/180-600s_10percent,1,0,SIM_ORPHAN_HIGH,1,REALLOC_EXIST,2.18129
rl3,cenario2_tempo_aleatorio/180-600s_10percent,1,0,SIM_ORPHAN_HIGH,2,FORM_NEW_CLUST,22.2179
rl3,cenario2_tempo_aleatorio/180-600s_10percent,1,1,SIM_EXISTING_HIGH,0,DO_NOT_ALLOC,0.0
rl3,cenario2_tempo_aleatorio/180-600s_10percent,1,1,SIM_EXISTING_HIGH,1,REALLOC_EXIST,0.0
rl3,cenario2_tempo_aleatorio/180-600s_10percent,1,1,SIM_EXISTING_HIGH,2,FORM_NEW_CLUST,0.0
rl3,cenario2_tempo_aleatorio/180-600s_10percent,1,2,SIM_ORPHAN_LOW,0,DO_NOT_ALLOC,0.0
rl3,cenario2_tempo_aleatorio/180-600s_10percent,1,2,SIM_ORPHAN_LOW,1,REALLOC_EXIST,0.0
rl3,cenario2_tempo_aleatorio/180-600s_10percent,1,2,SIM_ORPHAN_LOW,2,FORM_NEW_CLUST,0.0
rl3,cenario2_tempo_aleatorio/180-600s_10percent,1,3,SIM_EXISTING_LOW,0,DO_NOT_ALLOC,0.0
rl3,cenario2_tempo_aleatorio/180-600s_10percent,1,3,SIM_EXISTING_LOW,1,REALLOC_EXIST,0.0
rl3,cenario2_tempo_aleatorio/180-600s_10percent,1,3,SIM_EXISTING_LOW,2,FORM_NEW_CLUST,0.0
rl3,cenario2_tempo_aleatorio/180-600s_10percent,2,0,SIM_ORPHAN_HIGH,0,DO_NOT_ALLOC,2.08145
rl3,cenario2_tempo_aleatorio/180-600s_10percent,2,0,SIM_ORPHAN_HIGH,1,REALLOC_EXIST,10.0641
rl3,cenario2_tempo_aleatorio/180-600s_10percent,2,0,SIM_ORPHAN_HIGH,2,FORM_NEW_CLUST,40.1044
rl3,cenario2_tempo_aleatorio/180-600s_10percent,2,1,SIM_EXISTING_HIGH,0,DO_NOT_ALLOC,0.0
rl3,cenario2_tempo_aleatorio/180-600s_10percent,2,1,SIM_EXISTING_HIGH,1,REALLOC_EXIST,0.0
rl3,cenario2_tempo_aleatorio/180-600s_10percent,2,1,SIM_EXISTING_HIGH,2,FORM_NEW_CLUST,0.0
rl3,cenario2_tempo_aleatorio/180-600s_10percent,2,2,SIM_ORPHAN_LOW,0,DO_NOT_ALLOC,0.0
rl3,cenario2_tempo_aleatorio/180-600s_10percent,2,2,SIM_ORPHAN_LOW,1,REALLOC_EXIST,0.0
rl3,cenario2_tempo_aleatorio/180-600s_10percent,2,2,SIM_ORPHAN_LOW,2,FORM_NEW_CLUST,0.0
rl3,cenario2_tempo_aleatorio/180-600s_10percent,2,3,SIM_EXISTING_LOW,0,DO_NOT_ALLOC,0.0
rl3,cenario2_tempo_aleatorio/180-600s_10percent,2,3,SIM_EXISTING_LOW,1,REALLOC_EXIST,0.0
rl3,cenario2_tempo_aleatorio/180-600s_10percent,2,3,SIM_EXISTING_LOW,2,FORM_NEW_CLUST,0.0
rl3,cenario2_tempo_aleatorio/180-600s_10percent,3,0,SIM_ORPHAN_HIGH,0,DO_NOT_ALLOC,2.08145
rl3,cenario2_tempo_aleatorio/180-600s_10percent,3,0,SIM_ORPHAN_HIGH,1,REALLOC_EXIST,14.7796
rl3,cenario2_tempo_aleatorio/180-600s_10percent,3,0,SIM_ORPHAN_HIGH,2,FORM_NEW_CLUST,52.466
rl3,cenario2_tempo_aleatorio/180-600s_10percent,3,1,SIM_EXISTING_HIGH,0,DO_NOT_ALLOC,0.0
rl3,cenario2_tempo_aleatorio/180-600s_10percent,3,1,SIM_EXISTING_HIGH,1,REALLOC_EXIST,0.0
rl3,cenario2_tempo_aleatorio/180-600s_10percent,3,1,SIM_EXISTING_HIGH,2,FORM_NEW_CLUST,0.0
rl3,cenario2_tempo_aleatorio/180-600s_10percent,3,2,SIM_ORPHAN_LOW,0,DO_NOT_ALLOC,0.0
rl3,cenario2_tempo_aleatorio/180-600s_10percent,3,2,SIM_ORPHAN_LOW,1,REALLOC_EXIST,0.0
rl3,cenario2_tempo_aleatorio/180-600s_10percent,3,2,SIM_ORPHAN_LOW,2,FORM_NEW_CLUST,0.0
rl3,cenario2_tempo_aleatorio/180-600s_10percent,3,3,SIM_EXISTING_LOW,0,DO_NOT_ALLOC,0.0
rl3,cenario2_tempo_aleatorio/180-600s_10percent,3,3,SIM_EXISTING_LOW,1,REALLOC_EXIST,0.0
rl3,cenario2_tempo_aleatorio/180-600s_10percent,3,3,SIM_EXISTING_LOW,2,FORM_NEW_CLUST,0.0
rl3,cenario2_tempo_aleatorio/180-600s_10percent,4,0,SIM_ORPHAN_HIGH,0,DO_NOT_ALLOC,2.08145
rl3,cenario2_tempo_aleatorio/180-600s_10percent,4,0,SIM_ORPHAN_HIGH,1,REALLOC_EXIST,14.7796
rl3,cenario2_tempo_aleatorio/180-600s_10percent,4,0,SIM_ORPHAN_HIGH,2,FORM_NEW_CLUST,52.466
rl3,cenario2_tempo_aleatorio/180-600s_10percent,4,1,SIM_EXISTING_HIGH,0,DO_NOT_ALLOC,0.0
rl3,cenario2_tempo_aleatorio/180-600s_10percent,4,1,SIM_EXISTING_HIGH,1,REALLOC_EXIST,0.0
rl3,cenario2_tempo_aleatorio/180-600s_10percent,4,1,SIM_EXISTING_HIGH,2,FORM_NEW_CLUST,0.0
rl3,cenario2_tempo_aleatorio/180-600s_10percent,4,2,SIM_ORPHAN_LOW,0,DO_NOT_ALLOC,-0.145364
rl3,cenario2_tempo_aleatorio/180-600s_10percent,4,2,SIM_ORPHAN_LOW,1,REALLOC_EXIST,0.0
rl3,cenario2_tempo_aleatorio/180-600s_10percent,4,2,SIM_ORPHAN_LOW,2,FORM_NEW_CLUST,3.9404
rl3,cenario2_tempo_aleatorio/180-600s_10percent,4,3,SIM_EXISTING_LOW,0,DO_NOT_ALLOC,0.0
rl3,cenario2_tempo_aleatorio/180-600s_10percent,4,3,SIM_EXISTING_LOW,1,REALLOC_EXIST,0.0
rl3,cenario2_tempo_aleatorio/180-600s_10percent,4,3,SIM_EXISTING_LOW,2,FORM_NEW_CLUST,0.0
rl3,cenario2_tempo_aleatorio/180-600s_10percent,5,0,SIM_ORPHAN_HIGH,0,DO_NOT_ALLOC,2.08145
rl3,cenario2_tempo_aleatorio/180-600s_10percent,5,0,SIM_ORPHAN_HIGH,1,REALLOC_EXIST,14.7796
rl3,cenario2_tempo_aleatorio/180-600s_10percent,5,0,SIM_ORPHAN_HIGH,2,FORM_NEW_CLUST,61.5104
rl3,cenario2_tempo_aleatorio/180-600s_10percent,5,1,SIM_EXISTING_HIGH,0,DO_NOT_ALLOC,0.0
rl3,cenario2_tempo_aleatorio/180-600s_10percent,5,1,SIM_EXISTING_HIGH,1,REALLOC_EXIST,0.0
rl3,cenario2_tempo_aleatorio/180-600s_10percent,5,1,SIM_EXISTING_HIGH,2,FORM_NEW_CLUST,0.0
rl3,cenario2_tempo_aleatorio/180-600s_10percent,5,2,SIM_ORPHAN_LOW,0,DO_NOT_ALLOC,-0.145364
rl3,cenario2_tempo_aleatorio/180-600s_10percent,5,2,SIM_ORPHAN_LOW,1,REALLOC_EXIST,0.0
rl3,cenario2_tempo_aleatorio/180-600s_10percent,5,2,SIM_ORPHAN_LOW,2,FORM_NEW_CLUST,3.9404
rl3,cenario2_tempo_aleatorio/180-600s_10percent,5,3,SIM_EXISTING_LOW,0,DO_NOT_ALLOC,0.0
rl3,cenario2_tempo_aleatorio/180-600s_10percent,5,3,SIM_EXISTING_LOW,1,REALLOC_EXIST,0.0
rl3,cenario2_tempo_aleatorio/180-600s_10percent,5,3,SIM_EXISTING_LOW,2,FORM_NEW_CLUST,0.0
rl3,cenario2_tempo_aleatorio/180-600s_10percent,6,0,SIM_ORPHAN_HIGH,0,DO_NOT_ALLOC,6.94388
rl3,cenario2_tempo_aleatorio/180-600s_10percent,6,0,SIM_ORPHAN_HIGH,1,REALLOC_EXIST,20.58
rl3,cenario2_tempo_aleatorio/180-600s_10percent,6,0,SIM_ORPHAN_HIGH,2,FORM_NEW_CLUST,70.062
rl3,cenario2_tempo_aleatorio/180-600s_10percent,6,1,SIM_EXISTING_HIGH,0,DO_NOT_ALLOC,0.0
rl3,cenario2_tempo_aleatorio/180-600s_10percent,6,1,SIM_EXISTING_HIGH,1,REALLOC_EXIST,0.0
rl3,cenario2_tempo_aleatorio/180-600s_10percent,6,1,SIM_EXISTING_HIGH,2,FORM_NEW_CLUST,0.0
rl3,cenario2_tempo_aleatorio/180-600s_10percent,6,2,SIM_ORPHAN_LOW,0,DO_NOT_ALLOC,-0.145364
rl3,cenario2_tempo_aleatorio/180-600s_10percent,6,2,SIM_ORPHAN_LOW,1,REALLOC_EXIST,0.0
rl3,cenario2_tempo_aleatorio/180-600s_10percent,6,2,SIM_ORPHAN_LOW,2,FORM_NEW_CLUST,3.9404
rl3,cenario2_tempo_aleatorio/180-600s_10percent,6,3,SIM_EXISTING_LOW,0,DO_NOT_ALLOC,0.0
rl3,cenario2_tempo_aleatorio/180-600s_10percent,6,3,SIM_EXISTING_LOW,1,REALLOC_EXIST,0.0
rl3,cenario2_tempo_aleatorio/180-600s_10percent,6,3,SIM_EXISTING_LOW,2,FORM_NEW_CLUST,0.0
rl3,cenario2_tempo_aleatorio/180-600s_10percent,7,0,SIM_ORPHAN_HIGH,0,DO_NOT_ALLOC,12.1612
rl3,cenario2_tempo_aleatorio/180-600s_10percent,7,0,SIM_ORPHAN_HIGH,1,REALLOC_EXIST,25.8545
rl3,cenario2_tempo_aleatorio/180-600s_10percent,7,0,SIM_ORPHAN_HIGH,2,FORM_NEW_CLUST,73.9915
rl3,cenario2_tempo_aleatorio/180-600s_10percent,7,1,SIM_EXISTING_HIGH,0,DO_NOT_ALLOC,0.0
rl3,cenario2_tempo_aleatorio/180-600s_10percent,7,1,SIM_EXISTING_HIGH,1,REALLOC_EXIST,0.0
rl3,cenario2_tempo_aleatorio/180-600s_10percent,7,1,SIM_EXISTING_HIGH,2,FORM_NEW_CLUST,0.0
rl3,cenario2_tempo_aleatorio/180-600s_10percent,7,2,SIM_ORPHAN_LOW,0,DO_NOT_ALLOC,-0.145364
rl3,cenario2_tempo_aleatorio/180-600s_10percent,7,2,SIM_ORPHAN_LOW,1,REALLOC_EXIST,0.0
rl3,cenario2_tempo_aleatorio/180-600s_10percent,7,2,SIM_ORPHAN_LOW,2,FORM_NEW_CLUST,3.9404
rl3,cenario2_tempo_aleatorio/180-600s_10percent,7,3,SIM_EXISTING_LOW,0,DO_NOT_ALLOC,0.0
rl3,cenario2_tempo_aleatorio/180-600s_10percent,7,3,SIM_EXISTING_LOW,1,REALLOC_EXIST,0.0
rl3,cenario2_tempo_aleatorio/180-600s_10percent,7,3,SIM_EXISTING_LOW,2,FORM_NEW_CLUST,0.0
rl3,cenario2_tempo_aleatorio/180-600s_10percent,8,0,SIM_ORPHAN_HIGH,0,DO_NOT_ALLOC,17.4319
rl3,cenario2_tempo_aleatorio/180-600s_10percent,8,0,SIM_ORPHAN_HIGH,1,REALLOC_EXIST,31.1733
rl3,cenario2_tempo_aleatorio/180-600s_10percent,8,0,SIM_ORPHAN_HIGH,2,FORM_NEW_CLUST,79.3593
rl3,cenario2_tempo_aleatorio/180-600s_10percent,8,1,SIM_EXISTING_HIGH,0,DO_NOT_ALLOC,0.0
rl3,cenario2_tempo_aleatorio/180-600s_10percent,8,1,SIM_EXISTING_HIGH,1,REALLOC_EXIST,0.0
rl3,cenario2_tempo_aleatorio/180-600s_10percent,8,1,SIM_EXISTING_HIGH,2,FORM_NEW_CLUST,0.0
rl3,cenario2_tempo_aleatorio/180-600s_10percent,8,2,SIM_ORPHAN_LOW,0,DO_NOT_ALLOC,-0.145364
rl3,cenario2_tempo_aleatorio/180-600s_10percent,8,2,SIM_ORPHAN_LOW,1,REALLOC_EXIST,0.0
rl3,cenario2_tempo_aleatorio/180-600s_10percent,8,2,SIM_ORPHAN_LOW,2,FORM_NEW_CLUST,3.9404
rl3,cenario2_tempo_aleatorio/180-600s_10percent,8,3,SIM_EXISTING_LOW,0,DO_NOT_ALLOC,0.0
rl3,cenario2_tempo_aleatorio/180-600s_10percent,8,3,SIM_EXISTING_LOW,1,REALLOC_EXIST,0.0
rl3,cenario2_tempo_aleatorio/180-600s_10percent,8,3,SIM_EXISTING_LOW,2,FORM_NEW_CLUST,0.0
rl3,cenario2_tempo_aleatorio/180-600s_10percent,9,0,SIM_ORPHAN_HIGH,0,DO_NOT_ALLOC,17.4319
rl3,cenario2_tempo_aleatorio/180-600s_10percent,9,0,SIM_ORPHAN_HIGH,1,REALLOC_EXIST,36.1983
rl3,cenario2_tempo_aleatorio/180-600s_10percent,9,0,SIM_ORPHAN_HIGH,2,FORM_NEW_CLUST,82.6011
rl3,cenario2_tempo_aleatorio/180-600s_10percent,9,1,SIM_EXISTING_HIGH,0,DO_NOT_ALLOC,0.0
rl3,cenario2_tempo_aleatorio/180-600s_10percent,9,1,SIM_EXISTING_HIGH,1,REALLOC_EXIST,0.0
rl3,cenario2_tempo_aleatorio/180-600s_10percent,9,1,SIM_EXISTING_HIGH,2,FORM_NEW_CLUST,0.0
rl3,cenario2_tempo_aleatorio/180-600s_10percent,9,2,SIM_ORPHAN_LOW,0,DO_NOT_ALLOC,-0.145364
rl3,cenario2_tempo_aleatorio/180-600s_10percent,9,2,SIM_ORPHAN_LOW,1,REALLOC_EXIST,0.0
rl3,cenario2_tempo_aleatorio/180-600s_10percent,9,2,SIM_ORPHAN_LOW,2,FORM_NEW_CLUST,3.9404
rl3,cenario2_tempo_aleatorio/180-600s_10percent,9,3,SIM_EXISTING_LOW,0,DO_NOT_ALLOC,0.0
rl3,cenario2_tempo_aleatorio/180-600s_10percent,9,3,SIM_EXISTING_LOW,1,REALLOC_EXIST,0.0
rl3,cenario2_tempo_aleatorio/180-600s_10percent,9,3,SIM_EXISTING_LOW,2,FORM_NEW_CLUST,0.0
rl3,cenario2_tempo_aleatorio/180-600s_10percent,10,0,SIM_ORPHAN_HIGH,0,DO_NOT_ALLOC,17.4319
rl3,cenario2_tempo_aleatorio/180-600s_10percent,10,0,SIM_ORPHAN_HIGH,1,REALLOC_EXIST,36.1983
rl3,cenario2_tempo_aleatorio/180-600s_10percent,10,0,SIM_ORPHAN_HIGH,2,FORM_NEW_CLUST,85.0359
rl3,cenario2_tempo_aleatorio/180-600s_10percent,10,1,SIM_EXISTING_HIGH,0,DO_NOT_ALLOC,0.0
rl3,cenario2_tempo_aleatorio/180-600s_10percent,10,1,SIM_EXISTING_HIGH,1,REALLOC_EXIST,0.0
rl3,cenario2_tempo_aleatorio/180-600s_10percent,10,1,SIM_EXISTING_HIGH,2,FORM_NEW_CLUST,0.0
rl3,cenario2_tempo_aleatorio/180-600s_10percent,10,2,SIM_ORPHAN_LOW,0,DO_NOT_ALLOC,-0.145364
rl3,cenario2_tempo_aleatorio/180-600s_10percent,10,2,SIM_ORPHAN_LOW,1,REALLOC_EXIST,0.0
rl3,cenario2_tempo_aleatorio/180-600s_10percent,10,2,SIM_ORPHAN_LOW,2,FORM_NEW_CLUST,3.9404
rl3,cenario2_tempo_aleatorio/180-600s_10percent,10,3,SIM_EXISTING_LOW,0,DO_NOT_ALLOC,0.0
rl3,cenario2_tempo_aleatorio/180-600s_10percent,10,3,SIM_EXISTING_LOW,1,REALLOC_EXIST,0.0
rl3,cenario2_tempo_aleatorio/180-600s_10percent,10,3,SIM_EXISTING_LOW,2,FORM_NEW_CLUST,0.0
rl3,cenario2_tempo_aleatorio/180-600s_10percent,11,0,SIM_ORPHAN_HIGH,0,DO_NOT_ALLOC,17.4319
rl3,cenario2_tempo_aleatorio/180-600s_10percent,11,0,SIM_ORPHAN_HIGH,1,REALLOC_EXIST,41.2452
rl3,cenario2_tempo_aleatorio/180-600s_10percent,11,0,SIM_ORPHAN_HIGH,2,FORM_NEW_CLUST,88.243
rl3,cenario2_tempo_aleatorio/180-600s_10percent,11,1,SIM_EXISTING_HIGH,0,DO_NOT_ALLOC,0.0
rl3,cenario2_tempo_aleatorio/180-600s_10percent,11,1,SIM_EXISTING_HIGH,1,REALLOC_EXIST,0.0
rl3,cenario2_tempo_aleatorio/180-600s_10percent,11,1,SIM_EXISTING_HIGH,2,FORM_NEW_CLUST,0.0
rl3,cenario2_tempo_aleatorio/180-600s_10percent,11,2,SIM_ORPHAN_LOW,0,DO_NOT_ALLOC,-0.145364
rl3,cenario2_tempo_aleatorio/180-600s_10percent,11,2,SIM_ORPHAN_LOW,1,REALLOC_EXIST,0.0
rl3,cenario2_tempo_aleatorio/180-600s_10percent,11,2,SIM_ORPHAN_LOW,2,FORM_NEW_CLUST,3.9404
rl3,cenario2_tempo_aleatorio/180-600s_10percent,11,3,SIM_EXISTING_LOW,0,DO_NOT_ALLOC,0.0
rl3,cenario2_tempo_aleatorio/180-600s_10percent,11,3,SIM_EXISTING_LOW,1,REALLOC_EXIST,0.0
rl3,cenario2_tempo_aleatorio/180-600s_10percent,11,3,SIM_EXISTING_LOW,2,FORM_NEW_CLUST,0.0
rl3,cenario2_tempo_aleatorio/180-600s_10percent,12,0,SIM_ORPHAN_HIGH,0,DO_NOT_ALLOC,17.4319
rl3,cenario2_tempo_aleatorio/180-600s_10percent,12,0,SIM_ORPHAN_HIGH,1,REALLOC_EXIST,41.2452
rl3,cenario2_tempo_aleatorio/180-600s_10percent,12,0,SIM_ORPHAN_HIGH,2,FORM_NEW_CLUST,88.243
rl3,cenario2_tempo_aleatorio/180-600s_10percent,12,1,SIM_EXISTING_HIGH,0,DO_NOT_ALLOC,0.0
rl3,cenario2_tempo_aleatorio/180-600s_10percent,12,1,SIM_EXISTING_HIGH,1,REALLOC_EXIST,0.0
rl3,cenario2_tempo_aleatorio/180-600s_10percent,12,1,SIM_EXISTING_HIGH,2,FORM_NEW_CLUST,0.0
rl3,cenario2_tempo_aleatorio/180-600s_10percent,12,2,SIM_ORPHAN_LOW,0,DO_NOT_ALLOC,-0.145364
rl3,cenario2_tempo_aleatorio/180-600s_10percent,12,2,SIM_ORPHAN_LOW,1,REALLOC_EXIST,0.0
rl3,cenario2_tempo_aleatorio/180-600s_10percent,12,2,SIM_ORPHAN_LOW,2,FORM_NEW_CLUST,13.9942
rl3,cenario2_tempo_aleatorio/180-600s_10percent,12,3,SIM_EXISTING_LOW,0,DO_NOT_ALLOC,0.0
rl3,cenario2_tempo_aleatorio/180-600s_10percent,12,3,SIM_EXISTING_LOW,1,REALLOC_EXIST,0.0
rl3,cenario2_tempo_aleatorio/180-600s_10percent,12,3,SIM_EXISTING_LOW,2,FORM_NEW_CLUST,0.0
rl3,cenario2_tempo_aleatorio/180-600s_10percent,13,0,SIM_ORPHAN_HIGH,0,DO_NOT_ALLOC,17.4319
rl3,cenario2_tempo_aleatorio/180-600s_10percent,13,0,SIM_ORPHAN_HIGH,1,REALLOC_EXIST,41.2452
rl3,cenario2_tempo_aleatorio/180-600s_10percent,13,0,SIM_ORPHAN_HIGH,2,FORM_NEW_CLUST,88.243
rl3,cenario2_tempo_aleatorio/180-600s_10percent,13,1,SIM_EXISTING_HIGH,0,DO_NOT_ALLOC,0.0
rl3,cenario2_tempo_aleatorio/180-600s_10percent,13,1,SIM_EXISTING_HIGH,1,REALLOC_EXIST,0.0
rl3,cenario2_tempo_aleatorio/180-600s_10percent,13,1,SIM_EXISTING_HIGH,2,FORM_NEW_CLUST,0.0
rl3,cenario2_tempo_aleatorio/180-600s_10percent,13,2,SIM_ORPHAN_LOW,0,DO_NOT_ALLOC,-0.145364
rl3,cenario2_tempo_aleatorio/180-600s_10percent,13,2,SIM_ORPHAN_LOW,1,REALLOC_EXIST,0.0
rl3,cenario2_tempo_aleatorio/180-600s_10percent,13,2,SIM_ORPHAN_LOW,2,FORM_NEW_CLUST,17.3832
rl3,cenario2_tempo_aleatorio/180-600s_10percent,13,3,SIM_EXISTING_LOW,0,DO_NOT_ALLOC,0.0
rl3,cenario2_tempo_aleatorio/180-600s_10percent,13,3,SIM_EXISTING_LOW,1,REALLOC_EXIST,0.0
rl3,cenario2_tempo_aleatorio/180-600s_10percent,13,3,SIM_EXISTING_LOW,2,FORM_NEW_CLUST,0.0
rl3,cenario2_tempo_aleatorio/180-600s_10percent,14,0,SIM_ORPHAN_HIGH,0,DO_NOT_ALLOC,28.3113
rl3,cenario2_tempo_aleatorio/180-600s_10percent,14,0,SIM_ORPHAN_HIGH,1,REALLOC_EXIST,46.1443
rl3,cenario2_tempo_aleatorio/180-600s_10percent,14,0,SIM_ORPHAN_HIGH,2,FORM_NEW_CLUST,89.683
rl3,cenario2_tempo_aleatorio/180-600s_10percent,14,1,SIM_EXISTING_HIGH,0,DO_NOT_ALLOC,0.0
rl3,cenario2_tempo_aleatorio/180-600s_10percent,14,1,SIM_EXISTING_HIGH,1,REALLOC_EXIST,0.0
rl3,cenario2_tempo_aleatorio/180-600s_10percent,14,1,SIM_EXISTING_HIGH,2,FORM_NEW_CLUST,0.0
rl3,cenario2_tempo_aleatorio/180-600s_10percent,14,2,SIM_ORPHAN_LOW,0,DO_NOT_ALLOC,-0.145364
rl3,cenario2_tempo_aleatorio/180-600s_10percent,14,2,SIM_ORPHAN_LOW,1,REALLOC_EXIST,0.0
rl3,cenario2_tempo_aleatorio/180-600s_10percent,14,2,SIM_ORPHAN_LOW,2,FORM_NEW_CLUST,17.3832
rl3,cenario2_tempo_aleatorio/180-600s_10percent,14,3,SIM_EXISTING_LOW,0,DO_NOT_ALLOC,0.0
rl3,cenario2_tempo_aleatorio/180-600s_10percent,14,3,SIM_EXISTING_LOW,1,REALLOC_EXIST,0.0
rl3,cenario2_tempo_aleatorio/180-600s_10percent,14,3,SIM_EXISTING_LOW,2,FORM_NEW_CLUST,0.0
rl3,cenario2_tempo_aleatorio/180-600s_10percent,15,0,SIM_ORPHAN_HIGH,0,DO_NOT_ALLOC,33.1319
rl3,cenario2_tempo_aleatorio/180-600s_10percent,15,0,SIM_ORPHAN_HIGH,1,REALLOC_EXIST,46.1443
rl3,cenario2_tempo_aleatorio/180-600s_10percent,15,0,SIM_ORPHAN_HIGH,2,FORM_NEW_CLUST,90.6695
rl3,cenario2_tempo_aleatorio/180-600s_10percent,15,1,SIM_EXISTING_HIGH,0,DO_NOT_ALLOC,0.0
rl3,cenario2_tempo_aleatorio/180-600s_10percent,15,1,SIM_EXISTING_HIGH,1,REALLOC_EXIST,0.0
rl3,cenario2_tempo_aleatorio/180-600s_10percent,15,1,SIM_EXISTING_HIGH,2,FORM_NEW_CLUST,0.0
rl3,cenario2_tempo_aleatorio/180-600s_10percent,15,2,SIM_ORPHAN_LOW,0,DO_NOT_ALLOC,-0.145364
rl3,cenario2_tempo_aleatorio/180-600s_10percent,15,2,SIM_ORPHAN_LOW,1,REALLOC_EXIST,0.0
rl3,cenario2_tempo_aleatorio/180-600s_10percent,15,2,SIM_ORPHAN_LOW,2,FORM_NEW_CLUST,17.3832
rl3,cenario2_tempo_aleatorio/180-600s_10percent,15,3,SIM_EXISTING_LOW,0,DO_NOT_ALLOC,0.0
rl3,cenario2_tempo_aleatorio/180-600s_10percent,15,3,SIM_EXISTING_LOW,1,REALLOC_EXIST,0.0
rl3,cenario2_tempo_aleatorio/180-600s_10percent,15,3,SIM_EXISTING_LOW,2,FORM_NEW_CLUST,0.0
rl3,cenario2_tempo_aleatorio/180-600s_10percent,16,0,SIM_ORPHAN_HIGH,0,DO_NOT_ALLOC,45.207
rl3,cenario2_tempo_aleatorio/180-600s_10percent,16,0,SIM_ORPHAN_HIGH,1,REALLOC_EXIST,50.8634
rl3,cenario2_tempo_aleatorio/180-600s_10percent,16,0,SIM_ORPHAN_HIGH,2,FORM_NEW_CLUST,93.2356
rl3,cenario2_tempo_aleatorio/180-600s_10percent,16,1,SIM_EXISTING_HIGH,0,DO_NOT_ALLOC,0.0
rl3,cenario2_tempo_aleatorio/180-600s_10percent,16,1,SIM_EXISTING_HIGH,1,REALLOC_EXIST,0.0
rl3,cenario2_tempo_aleatorio/180-600s_10percent,16,1,SIM_EXISTING_HIGH,2,FORM_NEW_CLUST,0.0
rl3,cenario2_tempo_aleatorio/180-600s_10percent,16,2,SIM_ORPHAN_LOW,0,DO_NOT_ALLOC,-0.145364
rl3,cenario2_tempo_aleatorio/180-600s_10percent,16,2,SIM_ORPHAN_LOW,1,REALLOC_EXIST,0.0
rl3,cenario2_tempo_aleatorio/180-600s_10percent,16,2,SIM_ORPHAN_LOW,2,FORM_NEW_CLUST,17.3832
rl3,cenario2_tempo_aleatorio/180-600s_10percent,16,3,SIM_EXISTING_LOW,0,DO_NOT_ALLOC,0.0
rl3,cenario2_tempo_aleatorio/180-600s_10percent,16,3,SIM_EXISTING_LOW,1,REALLOC_EXIST,0.0
rl3,cenario2_tempo_aleatorio/180-600s_10percent,16,3,SIM_EXISTING_LOW,2,FORM_NEW_CLUST,0.0
rl3,cenario2_tempo_aleatorio/180-600s_10percent,17,0,SIM_ORPHAN_HIGH,0,DO_NOT_ALLOC,45.207
rl3,cenario2_tempo_aleatorio/180-600s_10percent,17,0,SIM_ORPHAN_HIGH,1,REALLOC_EXIST,55.1804
rl3,cenario2_tempo_aleatorio/180-600s_10percent,17,0,SIM_ORPHAN_HIGH,2,FORM_NEW_CLUST,94.7385
rl3,cenario2_tempo_aleatorio/180-600s_10percent,17,1,SIM_EXISTING_HIGH,0,DO_NOT_ALLOC,0.0
rl3,cenario2_tempo_aleatorio/180-600s_10percent,17,1,SIM_EXISTING_HIGH,1,REALLOC_EXIST,0.0
rl3,cenario2_tempo_aleatorio/180-600s_10percent,17,1,SIM_EXISTING_HIGH,2,FORM_NEW_CLUST,0.0
rl3,cenario2_tempo_aleatorio/180-600s_10percent,17,2,SIM_ORPHAN_LOW,0,DO_NOT_ALLOC,-0.145364
rl3,cenario2_tempo_aleatorio/180-600s_10percent,17,2,SIM_ORPHAN_LOW,1,REALLOC_EXIST,0.0
rl3,cenario2_tempo_aleatorio/180-600s_10percent,17,2,SIM_ORPHAN_LOW,2,FORM_NEW_CLUST,17.3832
rl3,cenario2_tempo_aleatorio/180-600s_10percent,17,3,SIM_EXISTING_LOW,0,DO_NOT_ALLOC,0.0
rl3,cenario2_tempo_aleatorio/180-600s_10percent,17,3,SIM_EXISTING_LOW,1,REALLOC_EXIST,0.0
rl3,cenario2_tempo_aleatorio/180-600s_10percent,17,3,SIM_EXISTING_LOW,2,FORM_NEW_CLUST,0.0
rl3,cenario2_tempo_aleatorio/180-600s_10percent,18,0,SIM_ORPHAN_HIGH,0,DO_NOT_ALLOC,45.207
rl3,cenario2_tempo_aleatorio/180-600s_10percent,18,0,SIM_ORPHAN_HIGH,1,REALLOC_EXIST,55.1804
rl3,cenario2_tempo_aleatorio/180-600s_10percent,18,0,SIM_ORPHAN_HIGH,2,FORM_NEW_CLUST,94.7385
rl3,cenario2_tempo_aleatorio/180-600s_10percent,18,1,SIM_EXISTING_HIGH,0,DO_NOT_ALLOC,0.0
rl3,cenario2_tempo_aleatorio/180-600s_10percent,18,1,SIM_EXISTING_HIGH,1,REALLOC_EXIST,0.0
rl3,cenario2_tempo_aleatorio/180-600s_10percent,18,1,SIM_EXISTING_HIGH,2,FORM_NEW_CLUST,0.0
rl3,cenario2_tempo_aleatorio/180-600s_10percent,18,2,SIM_ORPHAN_LOW,0,DO_NOT_ALLOC,-0.145364
rl3,cenario2_tempo_aleatorio/180-600s_10percent,18,2,SIM_ORPHAN_LOW,1,REALLOC_EXIST,2.71245
rl3,cenario2_tempo_aleatorio/180-600s_10percent,18,2,SIM_ORPHAN_LOW,2,FORM_NEW_CLUST,22.2179
rl3,cenario2_tempo_aleatorio/180-600s_10percent,18,3,SIM_EXISTING_LOW,0,DO_NOT_ALLOC,0.0
rl3,cenario2_tempo_aleatorio/180-600s_10percent,18,3,SIM_EXISTING_LOW,1,REALLOC_EXIST,0.0
rl3,cenario2_tempo_aleatorio/180-600s_10percent,18,3,SIM_EXISTING_LOW,2,FORM_NEW_CLUST,0.0
rl3,cenario2_tempo_aleatorio/180-600s_10percent,19,0,SIM_ORPHAN_HIGH,0,DO_NOT_ALLOC,52.0253
rl3,cenario2_tempo_aleatorio/180-600s_10percent,19,0,SIM_ORPHAN_HIGH,1,REALLOC_EXIST,59.2298
rl3,cenario2_tempo_aleatorio/180-600s_10percent,19,0,SIM_ORPHAN_HIGH,2,FORM_NEW_CLUST,95.9484
rl3,cenario2_tempo_aleatorio/180-600s_10percent,19,1,SIM_EXISTING_HIGH,0,DO_NOT_ALLOC,0.0
rl3,cenario2_tempo_aleatorio/180-600s_10percent,19,1,SIM_EXISTING_HIGH,1,REALLOC_EXIST,0.0
rl3,cenario2_tempo_aleatorio/180-600s_10percent,19,1,SIM_EXISTING_HIGH,2,FORM_NEW_CLUST,0.0
rl3,cenario2_tempo_aleatorio/180-600s_10percent,19,2,SIM_ORPHAN_LOW,0,DO_NOT_ALLOC,-0.145364
rl3,cenario2_tempo_aleatorio/180-600s_10percent,19,2,SIM_ORPHAN_LOW,1,REALLOC_EXIST,2.71245
rl3,cenario2_tempo_aleatorio/180-600s_10percent,19,2,SIM_ORPHAN_LOW,2,FORM_NEW_CLUST,22.2179
rl3,cenario2_tempo_aleatorio/180-600s_10percent,19,3,SIM_EXISTING_LOW,0,DO_NOT_ALLOC,0.0
rl3,cenario2_tempo_aleatorio/180-600s_10percent,19,3,SIM_EXISTING_LOW,1,REALLOC_EXIST,0.0
rl3,cenario2_tempo_aleatorio/180-600s_10percent,19,3,SIM_EXISTING_LOW,2,FORM_NEW_CLUST,0.0
rl3,cenario2_tempo_aleatorio/180-600s_10percent,20,0,SIM_ORPHAN_HIGH,0,DO_NOT_ALLOC,57.652
rl3,cenario2_tempo_aleatorio/180-600s_10percent,20,0,SIM_ORPHAN_HIGH,1,REALLOC_EXIST,59.2298
rl3,cenario2_tempo_aleatorio/180-600s_10percent,20,0,SIM_ORPHAN_HIGH,2,FORM_NEW_CLUST,96.5847
rl3,cenario2_tempo_aleatorio/180-600s_10percent,20,1,SIM_EXISTING_HIGH,0,DO_NOT_ALLOC,0.0
rl3,cenario2_tempo_aleatorio/180-600s_10percent,20,1,SIM_EXISTING_HIGH,1,REALLOC_EXIST,0.0
rl3,cenario2_tempo_aleatorio/180-600s_10percent,20,1,SIM_EXISTING_HIGH,2,FORM_NEW_CLUST,0.0
rl3,cenario2_tempo_aleatorio/180-600s_10percent,20,2,SIM_ORPHAN_LOW,0,DO_NOT_ALLOC,-0.145364
rl3,cenario2_tempo_aleatorio/180-600s_10percent,20,2,SIM_ORPHAN_LOW,1,REALLOC_EXIST,2.71245
rl3,cenario2_tempo_aleatorio/180-600s_10percent,20,2,SIM_ORPHAN_LOW,2,FORM_NEW_CLUST,22.2179
rl3,cenario2_tempo_aleatorio/180-600s_10percent,20,3,SIM_EXISTING_LOW,0,DO_NOT_ALLOC,0.0
rl3,cenario2_tempo_aleatorio/180-600s_10percent,20,3,SIM_EXISTING_LOW,1,REALLOC_EXIST,0.0
rl3,cenario2_tempo_aleatorio/180-600s_10percent,20,3,SIM_EXISTING_LOW,2,FORM_NEW_CLUST,0.0
rl3,cenario2_tempo_aleatorio/180-600s_10percent,21,0,SIM_ORPHAN_HIGH,0,DO_NOT_ALLOC,64.2687
rl3,cenario2_tempo_aleatorio/180-600s_10percent,21,0,SIM_ORPHAN_HIGH,1,REALLOC_EXIST,59.2298
rl3,cenario2_tempo_aleatorio/180-600s_10percent,21,0,SIM_ORPHAN_HIGH,2,FORM_NEW_CLUST,96.8167
rl3,cenario2_tempo_aleatorio/180-600s_10percent,21,1,SIM_EXISTING_HIGH,0,DO_NOT_ALLOC,0.0
rl3,cenario2_tempo_aleatorio/180-600s_10percent,21,1,SIM_EXISTING_HIGH,1,REALLOC_EXIST,0.0
rl3,cenario2_tempo_aleatorio/180-600s_10percent,21,1,SIM_EXISTING_HIGH,2,FORM_NEW_CLUST,0.0
rl3,cenario2_tempo_aleatorio/180-600s_10percent,21,2,SIM_ORPHAN_LOW,0,DO_NOT_ALLOC,-0.145364
rl3,cenario2_tempo_aleatorio/180-600s_10percent,21,2,SIM_ORPHAN_LOW,1,REALLOC_EXIST,2.71245
rl3,cenario2_tempo_aleatorio/180-600s_10percent,21,2,SIM_ORPHAN_LOW,2,FORM_NEW_CLUST,22.2179
rl3,cenario2_tempo_aleatorio/180-600s_10percent,21,3,SIM_EXISTING_LOW,0,DO_NOT_ALLOC,0.0
rl3,cenario2_tempo_aleatorio/180-600s_10percent,21,3,SIM_EXISTING_LOW,1,REALLOC_EXIST,0.0
rl3,cenario2_tempo_aleatorio/180-600s_10percent,21,3,SIM_EXISTING_LOW,2,FORM_NEW_CLUST,0.0
rl3,cenario2_tempo_aleatorio/180-600s_10percent,22,0,SIM_ORPHAN_HIGH,0,DO_NOT_ALLOC,66.0638
rl3,cenario2_tempo_aleatorio/180-600s_10percent,22,0,SIM_ORPHAN_HIGH,1,REALLOC_EXIST,69.5778
rl3,cenario2_tempo_aleatorio/180-600s_10percent,22,0,SIM_ORPHAN_HIGH,2,FORM_NEW_CLUST,97.5732
rl3,cenario2_tempo_aleatorio/180-600s_10percent,22,1,SIM_EXISTING_HIGH,0,DO_NOT_ALLOC,0.0
rl3,cenario2_tempo_aleatorio/180-600s_10percent,22,1,SIM_EXISTING_HIGH,1,REALLOC_EXIST,0.0
rl3,cenario2_tempo_aleatorio/180-600s_10percent,22,1,SIM_EXISTING_HIGH,2,FORM_NEW_CLUST,0.0
rl3,cenario2_tempo_aleatorio/180-600s_10percent,22,2,SIM_ORPHAN_LOW,0,DO_NOT_ALLOC,-0.145364
rl3,cenario2_tempo_aleatorio/180-600s_10percent,22,2,SIM_ORPHAN_LOW,1,REALLOC_EXIST,2.71245
rl3,cenario2_tempo_aleatorio/180-600s_10percent,22,2,SIM_ORPHAN_LOW,2,FORM_NEW_CLUST,22.2179
rl3,cenario2_tempo_aleatorio/180-600s_10percent,22,3,SIM_EXISTING_LOW,0,DO_NOT_ALLOC,0.0
rl3,cenario2_tempo_aleatorio/180-600s_10percent,22,3,SIM_EXISTING_LOW,1,REALLOC_EXIST,0.0
rl3,cenario2_tempo_aleatorio/180-600s_10percent,22,3,SIM_EXISTING_LOW,2,FORM_NEW_CLUST,0.0
rl3,cenario2_tempo_aleatorio/180-600s_10percent,23,0,SIM_ORPHAN_HIGH,0,DO_NOT_ALLOC,67.7455
rl3,cenario2_tempo_aleatorio/180-600s_10percent,23,0,SIM_ORPHAN_HIGH,1,REALLOC_EXIST,69.5778
rl3,cenario2_tempo_aleatorio/180-600s_10percent,23,0,SIM_ORPHAN_HIGH,2,FORM_NEW_CLUST,98.1684
rl3,cenario2_tempo_aleatorio/180-600s_10percent,23,1,SIM_EXISTING_HIGH,0,DO_NOT_ALLOC,0.0
rl3,cenario2_tempo_aleatorio/180-600s_10percent,23,1,SIM_EXISTING_HIGH,1,REALLOC_EXIST,0.0
rl3,cenario2_tempo_aleatorio/180-600s_10percent,23,1,SIM_EXISTING_HIGH,2,FORM_NEW_CLUST,0.0
rl3,cenario2_tempo_aleatorio/180-600s_10percent,23,2,SIM_ORPHAN_LOW,0,DO_NOT_ALLOC,-0.145364
rl3,cenario2_tempo_aleatorio/180-600s_10percent,23,2,SIM_ORPHAN_LOW,1,REALLOC_EXIST,2.71245
rl3,cenario2_tempo_aleatorio/180-600s_10percent,23,2,SIM_ORPHAN_LOW,2,FORM_NEW_CLUST,22.2179
rl3,cenario2_tempo_aleatorio/180-600s_10percent,23,3,SIM_EXISTING_LOW,0,DO_NOT_ALLOC,0.0
rl3,cenario2_tempo_aleatorio/180-600s_10percent,23,3,SIM_EXISTING_LOW,1,REALLOC_EXIST,0.0
rl3,cenario2_tempo_aleatorio/180-600s_10percent,23,3,SIM_EXISTING_LOW,2,FORM_NEW_CLUST,0.0
rl3,cenario2_tempo_aleatorio/180-600s_10percent,24,0,SIM_ORPHAN_HIGH,0,DO_NOT_ALLOC,67.7455
rl3,cenario2_tempo_aleatorio/180-600s_10percent,24,0,SIM_ORPHAN_HIGH,1,REALLOC_EXIST,72.4633
rl3,cenario2_tempo_aleatorio/180-600s_10percent,24,0,SIM_ORPHAN_HIGH,2,FORM_NEW_CLUST,98.5896
rl3,cenario2_tempo_aleatorio/180-600s_10percent,24,1,SIM_EXISTING_HIGH,0,DO_NOT_ALLOC,0.0
rl3,cenario2_tempo_aleatorio/180-600s_10percent,24,1,SIM_EXISTING_HIGH,1,REALLOC_EXIST,0.0
rl3,cenario2_tempo_aleatorio/180-600s_10percent,24,1,SIM_EXISTING_HIGH,2,FORM_NEW_CLUST,0.0
rl3,cenario2_tempo_aleatorio/180-600s_10percent,24,2,SIM_ORPHAN_LOW,0,DO_NOT_ALLOC,-0.145364
rl3,cenario2_tempo_aleatorio/180-600s_10percent,24,2,SIM_ORPHAN_LOW,1,REALLOC_EXIST,2.71245
rl3,cenario2_tempo_aleatorio/180-600s_10percent,24,2,SIM_ORPHAN_LOW,2,FORM_NEW_CLUST,22.2179
rl3,cenario2_tempo_aleatorio/180-600s_10percent,24,3,SIM_EXISTING_LOW,0,DO_NOT_ALLOC,0.0
rl3,cenario2_tempo_aleatorio/180-600s_10percent,24,3,SIM_EXISTING_LOW,1,REALLOC_EXIST,0.0
rl3,cenario2_tempo_aleatorio/180-600s_10percent,24,3,SIM_EXISTING_LOW,2,FORM_NEW_CLUST,0.0
rl3,cenario2_tempo_aleatorio/180-600s_10percent,25,0,SIM_ORPHAN_HIGH,0,DO_NOT_ALLOC,70.8049
rl3,cenario2_tempo_aleatorio/180-600s_10percent,25,0,SIM_ORPHAN_HIGH,1,REALLOC_EXIST,72.4633
rl3,cenario2_tempo_aleatorio/180-600s_10percent,25,0,SIM_ORPHAN_HIGH,2,FORM_NEW_CLUST,98.9139
rl3,cenario2_tempo_aleatorio/180-600s_10percent,25,1,SIM_EXISTING_HIGH,0,DO_NOT_ALLOC,0.0
rl3,cenario2_tempo_aleatorio/180-600s_10percent,25,1,SIM_EXISTING_HIGH,1,REALLOC_EXIST,0.0
rl3,cenario2_tempo_aleatorio/180-600s_10percent,25,1,SIM_EXISTING_HIGH,2,FORM_NEW_CLUST,0.0
rl3,cenario2_tempo_aleatorio/180-600s_10percent,25,2,SIM_ORPHAN_LOW,0,DO_NOT_ALLOC,-0.145364
rl3,cenario2_tempo_aleatorio/180-600s_10percent,25,2,SIM_ORPHAN_LOW,1,REALLOC_EXIST,2.71245
rl3,cenario2_tempo_aleatorio/180-600s_10percent,25,2,SIM_ORPHAN_LOW,2,FORM_NEW_CLUST,22.2179
rl3,cenario2_tempo_aleatorio/180-600s_10percent,25,3,SIM_EXISTING_LOW,0,DO_NOT_ALLOC,0.0
rl3,cenario2_tempo_aleatorio/180-600s_10percent,25,3,SIM_EXISTING_LOW,1,REALLOC_EXIST,0.0
rl3,cenario2_tempo_aleatorio/180-600s_10percent,25,3,SIM_EXISTING_LOW,2,FORM_NEW_CLUST,0.0
rl3,cenario2_tempo_aleatorio/180-600s_10percent,26,0,SIM_ORPHAN_HIGH,0,DO_NOT_ALLOC,70.8049
rl3,cenario2_tempo_aleatorio/180-600s_10percent,26,0,SIM_ORPHAN_HIGH,1,REALLOC_EXIST,75.1202
rl3,cenario2_tempo_aleatorio/180-600s_10percent,26,0,SIM_ORPHAN_HIGH,2,FORM_NEW_CLUST,99.0469
rl3,cenario2_tempo_aleatorio/180-600s_10percent,26,1,SIM_EXISTING_HIGH,0,DO_NOT_ALLOC,0.0
rl3,cenario2_tempo_aleatorio/180-600s_10percent,26,1,SIM_EXISTING_HIGH,1,REALLOC_EXIST,0.0
rl3,cenario2_tempo_aleatorio/180-600s_10percent,26,1,SIM_EXISTING_HIGH,2,FORM_NEW_CLUST,0.0
rl3,cenario2_tempo_aleatorio/180-600s_10percent,26,2,SIM_ORPHAN_LOW,0,DO_NOT_ALLOC,-0.145364
rl3,cenario2_tempo_aleatorio/180-600s_10percent,26,2,SIM_ORPHAN_LOW,1,REALLOC_EXIST,2.71245
rl3,cenario2_tempo_aleatorio/180-600s_10percent,26,2,SIM_ORPHAN_LOW,2,FORM_NEW_CLUST,22.2179
rl3,cenario2_tempo_aleatorio/180-600s_10percent,26,3,SIM_EXISTING_LOW,0,DO_NOT_ALLOC,0.0
rl3,cenario2_tempo_aleatorio/180-600s_10percent,26,3,SIM_EXISTING_LOW,1,REALLOC_EXIST,0.0
rl3,cenario2_tempo_aleatorio/180-600s_10percent,26,3,SIM_EXISTING_LOW,2,FORM_NEW_CLUST,0.0
rl3,cenario2_tempo_aleatorio/180-600s_10percent,27,0,SIM_ORPHAN_HIGH,0,DO_NOT_ALLOC,73.3532
rl3,cenario2_tempo_aleatorio/180-600s_10percent,27,0,SIM_ORPHAN_HIGH,1,REALLOC_EXIST,75.1202
rl3,cenario2_tempo_aleatorio/180-600s_10percent,27,0,SIM_ORPHAN_HIGH,2,FORM_NEW_CLUST,99.236
rl3,cenario2_tempo_aleatorio/180-600s_10percent,27,1,SIM_EXISTING_HIGH,0,DO_NOT_ALLOC,0.0
rl3,cenario2_tempo_aleatorio/180-600s_10percent,27,1,SIM_EXISTING_HIGH,1,REALLOC_EXIST,0.0
rl3,cenario2_tempo_aleatorio/180-600s_10percent,27,1,SIM_EXISTING_HIGH,2,FORM_NEW_CLUST,0.0
rl3,cenario2_tempo_aleatorio/180-600s_10percent,27,2,SIM_ORPHAN_LOW,0,DO_NOT_ALLOC,-0.145364
rl3,cenario2_tempo_aleatorio/180-600s_10percent,27,2,SIM_ORPHAN_LOW,1,REALLOC_EXIST,2.71245
rl3,cenario2_tempo_aleatorio/180-600s_10percent,27,2,SIM_ORPHAN_LOW,2,FORM_NEW_CLUST,22.2179
rl3,cenario2_tempo_aleatorio/180-600s_10percent,27,3,SIM_EXISTING_LOW,0,DO_NOT_ALLOC,0.0
rl3,cenario2_tempo_aleatorio/180-600s_10percent,27,3,SIM_EXISTING_LOW,1,REALLOC_EXIST,0.0
rl3,cenario2_tempo_aleatorio/180-600s_10percent,27,3,SIM_EXISTING_LOW,2,FORM_NEW_CLUST,0.0
rl3,cenario2_tempo_aleatorio/180-600s_10percent,28,0,SIM_ORPHAN_HIGH,0,DO_NOT_ALLOC,73.3532
rl3,cenario2_tempo_aleatorio/180-600s_10percent,28,0,SIM_ORPHAN_HIGH,1,REALLOC_EXIST,77.5531
rl3,cenario2_tempo_aleatorio/180-600s_10percent,28,0,SIM_ORPHAN_HIGH,2,FORM_NEW_CLUST,99.4176
rl3,cenario2_tempo_aleatorio/180-600s_10percent,28,1,SIM_EXISTING_HIGH,0,DO_NOT_ALLOC,0.0
rl3,cenario2_tempo_aleatorio/180-600s_10percent,28,1,SIM_EXISTING_HIGH,1,REALLOC_EXIST,0.0
rl3,cenario2_tempo_aleatorio/180-600s_10percent,28,1,SIM_EXISTING_HIGH,2,FORM_NEW_CLUST,0.0
rl3,cenario2_tempo_aleatorio/180-600s_10percent,28,2,SIM_ORPHAN_LOW,0,DO_NOT_ALLOC,-0.145364
rl3,cenario2_tempo_aleatorio/180-600s_10percent,28,2,SIM_ORPHAN_LOW,1,REALLOC_EXIST,2.71245
rl3,cenario2_tempo_aleatorio/180-600s_10percent,28,2,SIM_ORPHAN_LOW,2,FORM_NEW_CLUST,22.2179
rl3,cenario2_tempo_aleatorio/180-600s_10percent,28,3,SIM_EXISTING_LOW,0,DO_NOT_ALLOC,0.0
rl3,cenario2_tempo_aleatorio/180-600s_10percent,28,3,SIM_EXISTING_LOW,1,REALLOC_EXIST,0.0
rl3,cenario2_tempo_aleatorio/180-600s_10percent,28,3,SIM_EXISTING_LOW,2,FORM_NEW_CLUST,0.0
rl3,cenario2_tempo_aleatorio/180-600s_10percent,29,0,SIM_ORPHAN_HIGH,0,DO_NOT_ALLOC,73.3532
rl3,cenario2_tempo_aleatorio/180-600s_10percent,29,0,SIM_ORPHAN_HIGH,1,REALLOC_EXIST,79.7509
rl3,cenario2_tempo_aleatorio/180-600s_10percent,29,0,SIM_ORPHAN_HIGH,2,FORM_NEW_CLUST,99.5605
rl3,cenario2_tempo_aleatorio/180-600s_10percent,29,1,SIM_EXISTING_HIGH,0,DO_NOT_ALLOC,0.0
rl3,cenario2_tempo_aleatorio/180-600s_10percent,29,1,SIM_EXISTING_HIGH,1,REALLOC_EXIST,0.0
rl3,cenario2_tempo_aleatorio/180-600s_10percent,29,1,SIM_EXISTING_HIGH,2,FORM_NEW_CLUST,0.0
rl3,cenario2_tempo_aleatorio/180-600s_10percent,29,2,SIM_ORPHAN_LOW,0,DO_NOT_ALLOC,-0.145364
rl3,cenario2_tempo_aleatorio/180-600s_10percent,29,2,SIM_ORPHAN_LOW,1,REALLOC_EXIST,2.71245
rl3,cenario2_tempo_aleatorio/180-600s_10percent,29,2,SIM_ORPHAN_LOW,2,FORM_NEW_CLUST,22.2179
rl3,cenario2_tempo_aleatorio/180-600s_10percent,29,3,SIM_EXISTING_LOW,0,DO_NOT_ALLOC,0.0
rl3,cenario2_tempo_aleatorio/180-600s_10percent,29,3,SIM_EXISTING_LOW,1,REALLOC_EXIST,0.0
rl3,cenario2_tempo_aleatorio/180-600s_10percent,29,3,SIM_EXISTING_LOW,2,FORM_NEW_CLUST,0.0
rl3,cenario2_tempo_aleatorio/180-600s_10percent,30,0,SIM_ORPHAN_HIGH,0,DO_NOT_ALLOC,74.4842
rl3,cenario2_tempo_aleatorio/180-600s_10percent,30,0,SIM_ORPHAN_HIGH,1,REALLOC_EXIST,81.7447
rl3,cenario2_tempo_aleatorio/180-600s_10percent,30,0,SIM_ORPHAN_HIGH,2,FORM_NEW_CLUST,99.6683
rl3,cenario2_tempo_aleatorio/180-600s_10percent,30,1,SIM_EXISTING_HIGH,0,DO_NOT_ALLOC,0.0
rl3,cenario2_tempo_aleatorio/180-600s_10percent,30,1,SIM_EXISTING_HIGH,1,REALLOC_EXIST,0.0
rl3,cenario2_tempo_aleatorio/180-600s_10percent,30,1,SIM_EXISTING_HIGH,2,FORM_NEW_CLUST,0.0
rl3,cenario2_tempo_aleatorio/180-600s_10percent,30,2,SIM_ORPHAN_LOW,0,DO_NOT_ALLOC,-0.145364
rl3,cenario2_tempo_aleatorio/180-600s_10percent,30,2,SIM_ORPHAN_LOW,1,REALLOC_EXIST,2.71245
rl3,cenario2_tempo_aleatorio/180-600s_10percent,30,2,SIM_ORPHAN_LOW,2,FORM_NEW_CLUST,22.2179
rl3,cenario2_tempo_aleatorio/180-600s_10percent,30,3,SIM_EXISTING_LOW,0,DO_NOT_ALLOC,0.0
rl3,cenario2_tempo_aleatorio/180-600s_10percent,30,3,SIM_EXISTING_LOW,1,REALLOC_EXIST,0.0
rl3,cenario2_tempo_aleatorio/180-600s_10percent,30,3,SIM_EXISTING_LOW,2,FORM_NEW_CLUST,0.0
rl3,cenario2_tempo_aleatorio/180-600s_10percent,31,0,SIM_ORPHAN_HIGH,0,DO_NOT_ALLOC,75.508
rl3,cenario2_tempo_aleatorio/180-600s_10percent,31,0,SIM_ORPHAN_HIGH,1,REALLOC_EXIST,81.7447
rl3,cenario2_tempo_aleatorio/180-600s_10percent,31,0,SIM_ORPHAN_HIGH,2,FORM_NEW_CLUST,99.7176
rl3,cenario2_tempo_aleatorio/180-600s_10percent,31,1,SIM_EXISTING_HIGH,0,DO_NOT_ALLOC,0.0
rl3,cenario2_tempo_aleatorio/180-600s_10percent,31,1,SIM_EXISTING_HIGH,1,REALLOC_EXIST,0.0
rl3,cenario2_tempo_aleatorio/180-600s_10percent,31,1,SIM_EXISTING_HIGH,2,FORM_NEW_CLUST,0.0
rl3,cenario2_tempo_aleatorio/180-600s_10percent,31,2,SIM_ORPHAN_LOW,0,DO_NOT_ALLOC,-0.145364
rl3,cenario2_tempo_aleatorio/180-600s_10percent,31,2,SIM_ORPHAN_LOW,1,REALLOC_EXIST,2.71245
rl3,cenario2_tempo_aleatorio/180-600s_10percent,31,2,SIM_ORPHAN_LOW,2,FORM_NEW_CLUST,22.2179
rl3,cenario2_tempo_aleatorio/180-600s_10percent,31,3,SIM_EXISTING_LOW,0,DO_NOT_ALLOC,0.0
rl3,cenario2_tempo_aleatorio/180-600s_10percent,31,3,SIM_EXISTING_LOW,1,REALLOC_EXIST,0.0
rl3,cenario2_tempo_aleatorio/180-600s_10percent,31,3,SIM_EXISTING_LOW,2,FORM_NEW_CLUST,0.0
rl3,cenario2_tempo_aleatorio/180-600s_10percent,32,0,SIM_ORPHAN_HIGH,0,DO_NOT_ALLOC,75.508
rl3,cenario2_tempo_aleatorio/180-600s_10percent,32,0,SIM_ORPHAN_HIGH,1,REALLOC_EXIST,81.7447
rl3,cenario2_tempo_aleatorio/180-600s_10percent,32,0,SIM_ORPHAN_HIGH,2,FORM_NEW_CLUST,99.7176
rl3,cenario2_tempo_aleatorio/180-600s_10percent,32,1,SIM_EXISTING_HIGH,0,DO_NOT_ALLOC,0.0
rl3,cenario2_tempo_aleatorio/180-600s_10percent,32,1,SIM_EXISTING_HIGH,1,REALLOC_EXIST,0.0
rl3,cenario2_tempo_aleatorio/180-600s_10percent,32,1,SIM_EXISTING_HIGH,2,FORM_NEW_CLUST,0.0
rl3,cenario2_tempo_aleatorio/180-600s_10percent,32,2,SIM_ORPHAN_LOW,0,DO_NOT_ALLOC,1.5767
rl3,cenario2_tempo_aleatorio/180-600s_10percent,32,2,SIM_ORPHAN_LOW,1,REALLOC_EXIST,2.71245
rl3,cenario2_tempo_aleatorio/180-600s_10percent,32,2,SIM_ORPHAN_LOW,2,FORM_NEW_CLUST,28.9447
rl3,cenario2_tempo_aleatorio/180-600s_10percent,32,3,SIM_EXISTING_LOW,0,DO_NOT_ALLOC,0.0
rl3,cenario2_tempo_aleatorio/180-600s_10percent,32,3,SIM_EXISTING_LOW,1,REALLOC_EXIST,0.0
rl3,cenario2_tempo_aleatorio/180-600s_10percent,32,3,SIM_EXISTING_LOW,2,FORM_NEW_CLUST,0.0
rl3,cenario2_tempo_aleatorio/180-600s_10percent,33,0,SIM_ORPHAN_HIGH,0,DO_NOT_ALLOC,76.4325
rl3,cenario2_tempo_aleatorio/180-600s_10percent,33,0,SIM_ORPHAN_HIGH,1,REALLOC_EXIST,83.5461
rl3,cenario2_tempo_aleatorio/180-600s_10percent,33,0,SIM_ORPHAN_HIGH,2,FORM_NEW_CLUST,99.742
rl3,cenario2_tempo_aleatorio/180-600s_10percent,33,1,SIM_EXISTING_HIGH,0,DO_NOT_ALLOC,0.0
rl3,cenario2_tempo_aleatorio/180-600s_10percent,33,1,SIM_EXISTING_HIGH,1,REALLOC_EXIST,0.0
rl3,cenario2_tempo_aleatorio/180-600s_10percent,33,1,SIM_EXISTING_HIGH,2,FORM_NEW_CLUST,0.0
rl3,cenario2_tempo_aleatorio/180-600s_10percent,33,2,SIM_ORPHAN_LOW,0,DO_NOT_ALLOC,1.5767
rl3,cenario2_tempo_aleatorio/180-600s_10percent,33,2,SIM_ORPHAN_LOW,1,REALLOC_EXIST,2.71245
rl3,cenario2_tempo_aleatorio/180-600s_10percent,33,2,SIM_ORPHAN_LOW,2,FORM_NEW_CLUST,28.9447
rl3,cenario2_tempo_aleatorio/180-600s_10percent,33,3,SIM_EXISTING_LOW,0,DO_NOT_ALLOC,0.0
rl3,cenario2_tempo_aleatorio/180-600s_10percent,33,3,SIM_EXISTING_LOW,1,REALLOC_EXIST,0.0
rl3,cenario2_tempo_aleatorio/180-600s_10percent,33,3,SIM_EXISTING_LOW,2,FORM_NEW_CLUST,0.0
rl3,cenario2_tempo_aleatorio/180-600s_10percent,34,0,SIM_ORPHAN_HIGH,0,DO_NOT_ALLOC,76.4325
rl3,cenario2_tempo_aleatorio/180-600s_10percent,34,0,SIM_ORPHAN_HIGH,1,REALLOC_EXIST,83.5461
rl3,cenario2_tempo_aleatorio/180-600s_10percent,34,0,SIM_ORPHAN_HIGH,2,FORM_NEW_CLUST,99.7759
rl3,cenario2_tempo_aleatorio/180-600s_10percent,34,1,SIM_EXISTING_HIGH,0,DO_NOT_ALLOC,0.0
rl3,cenario2_tempo_aleatorio/180-600s_10percent,34,1,SIM_EXISTING_HIGH,1,REALLOC_EXIST,0.0
rl3,cenario2_tempo_aleatorio/180-600s_10percent,34,1,SIM_EXISTING_HIGH,2,FORM_NEW_CLUST,0.0
rl3,cenario2_tempo_aleatorio/180-600s_10percent,34,2,SIM_ORPHAN_LOW,0,DO_NOT_ALLOC,1.5767
rl3,cenario2_tempo_aleatorio/180-600s_10percent,34,2,SIM_ORPHAN_LOW,1,REALLOC_EXIST,2.71245
rl3,cenario2_tempo_aleatorio/180-600s_10percent,34,2,SIM_ORPHAN_LOW,2,FORM_NEW_CLUST,28.9447
rl3,cenario2_tempo_aleatorio/180-600s_10percent,34,3,SIM_EXISTING_LOW,0,DO_NOT_ALLOC,0.0
rl3,cenario2_tempo_aleatorio/180-600s_10percent,34,3,SIM_EXISTING_LOW,1,REALLOC_EXIST,0.0
rl3,cenario2_tempo_aleatorio/180-600s_10percent,34,3,SIM_EXISTING_LOW,2,FORM_NEW_CLUST,0.0
rl3,cenario2_tempo_aleatorio/180-600s_10percent,35,0,SIM_ORPHAN_HIGH,0,DO_NOT_ALLOC,77.2736
rl3,cenario2_tempo_aleatorio/180-600s_10percent,35,0,SIM_ORPHAN_HIGH,1,REALLOC_EXIST,85.1721
rl3,cenario2_tempo_aleatorio/180-600s_10percent,35,0,SIM_ORPHAN_HIGH,2,FORM_NEW_CLUST,99.8326
rl3,cenario2_tempo_aleatorio/180-600s_10percent,35,1,SIM_EXISTING_HIGH,0,DO_NOT_ALLOC,0.0
rl3,cenario2_tempo_aleatorio/180-600s_10percent,35,1,SIM_EXISTING_HIGH,1,REALLOC_EXIST,0.0
rl3,cenario2_tempo_aleatorio/180-600s_10percent,35,1,SIM_EXISTING_HIGH,2,FORM_NEW_CLUST,0.0
rl3,cenario2_tempo_aleatorio/180-600s_10percent,35,2,SIM_ORPHAN_LOW,0,DO_NOT_ALLOC,1.5767
rl3,cenario2_tempo_aleatorio/180-600s_10percent,35,2,SIM_ORPHAN_LOW,1,REALLOC_EXIST,2.71245
rl3,cenario2_tempo_aleatorio/180-600s_10percent,35,2,SIM_ORPHAN_LOW,2,FORM_NEW_CLUST,28.9447
rl3,cenario2_tempo_aleatorio/180-600s_10percent,35,3,SIM_EXISTING_LOW,0,DO_NOT_ALLOC,0.0
rl3,cenario2_tempo_aleatorio/180-600s_10percent,35,3,SIM_EXISTING_LOW,1,REALLOC_EXIST,0.0
rl3,cenario2_tempo_aleatorio/180-600s_10percent,35,3,SIM_EXISTING_LOW,2,FORM_NEW_CLUST,0.0
rl3,cenario2_tempo_aleatorio/180-600s_20percent,1,0,SIM_ORPHAN_HIGH,0,DO_NOT_ALLOC,0.0
rl3,cenario2_tempo_aleatorio/180-600s_20percent,1,0,SIM_ORPHAN_HIGH,1,REALLOC_EXIST,19.0272
rl3,cenario2_tempo_aleatorio/180-600s_20percent,1,0,SIM_ORPHAN_HIGH,2,FORM_NEW_CLUST,0.0
rl3,cenario2_tempo_aleatorio/180-600s_20percent,1,1,SIM_EXISTING_HIGH,0,DO_NOT_ALLOC,0.0
rl3,cenario2_tempo_aleatorio/180-600s_20percent,1,1,SIM_EXISTING_HIGH,1,REALLOC_EXIST,0.0
rl3,cenario2_tempo_aleatorio/180-600s_20percent,1,1,SIM_EXISTING_HIGH,2,FORM_NEW_CLUST,0.0
rl3,cenario2_tempo_aleatorio/180-600s_20percent,1,2,SIM_ORPHAN_LOW,0,DO_NOT_ALLOC,0.0
rl3,cenario2_tempo_aleatorio/180-600s_20percent,1,2,SIM_ORPHAN_LOW,1,REALLOC_EXIST,0.0
rl3,cenario2_tempo_aleatorio/180-600s_20percent,1,2,SIM_ORPHAN_LOW,2,FORM_NEW_CLUST,0.0
rl3,cenario2_tempo_aleatorio/180-600s_20percent,1,3,SIM_EXISTING_LOW,0,DO_NOT_ALLOC,0.0
rl3,cenario2_tempo_aleatorio/180-600s_20percent,1,3,SIM_EXISTING_LOW,1,REALLOC_EXIST,0.0
rl3,cenario2_tempo_aleatorio/180-600s_20percent,1,3,SIM_EXISTING_LOW,2,FORM_NEW_CLUST,0.0
rl3,cenario2_tempo_aleatorio/180-600s_20percent,2,0,SIM_ORPHAN_HIGH,0,DO_NOT_ALLOC,0.0
rl3,cenario2_tempo_aleatorio/180-600s_20percent,2,0,SIM_ORPHAN_HIGH,1,REALLOC_EXIST,23.7657
rl3,cenario2_tempo_aleatorio/180-600s_20percent,2,0,SIM_ORPHAN_HIGH,2,FORM_NEW_CLUST,0.0
rl3,cenario2_tempo_aleatorio/180-600s_20percent,2,1,SIM_EXISTING_HIGH,0,DO_NOT_ALLOC,-0.5
rl3,cenario2_tempo_aleatorio/180-600s_20percent,2,1,SIM_EXISTING_HIGH,1,REALLOC_EXIST,0.0
rl3,cenario2_tempo_aleatorio/180-600s_20percent,2,1,SIM_EXISTING_HIGH,2,FORM_NEW_CLUST,0.0
rl3,cenario2_tempo_aleatorio/180-600s_20percent,2,2,SIM_ORPHAN_LOW,0,DO_NOT_ALLOC,0.0
rl3,cenario2_tempo_aleatorio/180-600s_20percent,2,2,SIM_ORPHAN_LOW,1,REALLOC_EXIST,0.0
rl3,cenario2_tempo_aleatorio/180-600s_20percent,2,2,SIM_ORPHAN_LOW,2,FORM_NEW_CLUST,0.0
rl3,cenario2_tempo_aleatorio/180-600s_20percent,2,3,SIM_EXISTING_LOW,0,DO_NOT_ALLOC,0.0
rl3,cenario2_tempo_aleatorio/180-600s_20percent,2,3,SIM_EXISTING_LOW,1,REALLOC_EXIST,0.0
rl3,cenario2_tempo_aleatorio/180-600s_20percent,2,3,SIM_EXISTING_LOW,2,FORM_NEW_CLUST,0.0
rl3,cenario2_tempo_aleatorio/180-600s_20percent,3,0,SIM_ORPHAN_HIGH,0,DO_NOT_ALLOC,0.0
rl3,cenario2_tempo_aleatorio/180-600s_20percent,3,0,SIM_ORPHAN_HIGH,1,REALLOC_EXIST,31.7445
rl3,cenario2_tempo_aleatorio/180-600s_20percent,3,0,SIM_ORPHAN_HIGH,2,FORM_NEW_CLUST,3.27545
rl3,cenario2_tempo_aleatorio/180-600s_20percent,3,1,SIM_EXISTING_HIGH,0,DO_NOT_ALLOC,-0.5
rl3,cenario2_tempo_aleatorio/180-600s_20percent,3,1,SIM_EXISTING_HIGH,1,REALLOC_EXIST,1.0
rl3,cenario2_tempo_aleatorio/180-600s_20percent,3,1,SIM_EXISTING_HIGH,2,FORM_NEW_CLUST,0.0
rl3,cenario2_tempo_aleatorio/180-600s_20percent,3,2,SIM_ORPHAN_LOW,0,DO_NOT_ALLOC,0.0
rl3,cenario2_tempo_aleatorio/180-600s_20percent,3,2,SIM_ORPHAN_LOW,1,REALLOC_EXIST,0.0
rl3,cenario2_tempo_aleatorio/180-600s_20percent,3,2,SIM_ORPHAN_LOW,2,FORM_NEW_CLUST,0.0
rl3,cenario2_tempo_aleatorio/180-600s_20percent,3,3,SIM_EXISTING_LOW,0,DO_NOT_ALLOC,0.0
rl3,cenario2_tempo_aleatorio/180-600s_20percent,3,3,SIM_EXISTING_LOW,1,REALLOC_EXIST,0.0
rl3,cenario2_tempo_aleatorio/180-600s_20percent,3,3,SIM_EXISTING_LOW,2,FORM_NEW_CLUST,0.0
rl3,cenario2_tempo_aleatorio/180-600s_20percent,4,0,SIM_ORPHAN_HIGH,0,DO_NOT_ALLOC,0.0
rl3,cenario2_tempo_aleatorio/180-600s_20percent,4,0,SIM_ORPHAN_HIGH,1,REALLOC_EXIST,31.7445
rl3,cenario2_tempo_aleatorio/180-600s_20percent,4,0,SIM_ORPHAN_HIGH,2,FORM_NEW_CLUST,3.27545
rl3,cenario2_tempo_aleatorio/180-600s_20percent,4,1,SIM_EXISTING_HIGH,0,DO_NOT_ALLOC,-0.5
rl3,cenario2_tempo_aleatorio/180-600s_20percent,4,1,SIM_EXISTING_HIGH,1,REALLOC_EXIST,1.0
rl3,cenario2_tempo_aleatorio/180-600s_20percent,4,1,SIM_EXISTING_HIGH,2,FORM_NEW_CLUST,0.0
rl3,cenario2_tempo_aleatorio/180-600s_20percent,4,2,SIM_ORPHAN_LOW,0,DO_NOT_ALLOC,0.0
rl3,cenario2_tempo_aleatorio/180-600s_20percent,4,2,SIM_ORPHAN_LOW,1,REALLOC_EXIST,4.901
rl3,cenario2_tempo_aleatorio/180-600s_20percent,4,2,SIM_ORPHAN_LOW,2,FORM_NEW_CLUST,0.0
rl3,cenario2_tempo_aleatorio/180-600s_20percent,4,3,SIM_EXISTING_LOW,0,DO_NOT_ALLOC,0.0
rl3,cenario2_tempo_aleatorio/180-600s_20percent,4,3,SIM_EXISTING_LOW,1,REALLOC_EXIST,0.0
rl3,cenario2_tempo_aleatorio/180-600s_20percent,4,3,SIM_EXISTING_LOW,2,FORM_NEW_CLUST,0.0
rl3,cenario2_tempo_aleatorio/180-600s_20percent,5,0,SIM_ORPHAN_HIGH,0,DO_NOT_ALLOC,0.0
rl3,cenario2_tempo_aleatorio/180-600s_20percent,5,0,SIM_ORPHAN_HIGH,1,REALLOC_EXIST,38.8882
rl3,cenario2_tempo_aleatorio/180-600s_20percent,5,0,SIM_ORPHAN_HIGH,2,FORM_NEW_CLUST,7.10598
rl3,cenario2_tempo_aleatorio/180-600s_20percent,5,1,SIM_EXISTING_HIGH,0,DO_NOT_ALLOC,-0.5
rl3,cenario2_tempo_aleatorio/180-600s_20percent,5,1,SIM_EXISTING_HIGH,1,REALLOC_EXIST,1.0
rl3,cenario2_tempo_aleatorio/180-600s_20percent,5,1,SIM_EXISTING_HIGH,2,FORM_NEW_CLUST,0.0
rl3,cenario2_tempo_aleatorio/180-600s_20percent,5,2,SIM_ORPHAN_LOW,0,DO_NOT_ALLOC,0.0
rl3,cenario2_tempo_aleatorio/180-600s_20percent,5,2,SIM_ORPHAN_LOW,1,REALLOC_EXIST,4.901
rl3,cenario2_tempo_aleatorio/180-600s_20percent,5,2,SIM_ORPHAN_LOW,2,FORM_NEW_CLUST,0.0
rl3,cenario2_tempo_aleatorio/180-600s_20percent,5,3,SIM_EXISTING_LOW,0,DO_NOT_ALLOC,0.0
rl3,cenario2_tempo_aleatorio/180-600s_20percent,5,3,SIM_EXISTING_LOW,1,REALLOC_EXIST,0.0
rl3,cenario2_tempo_aleatorio/180-600s_20percent,5,3,SIM_EXISTING_LOW,2,FORM_NEW_CLUST,0.0
rl3,cenario2_tempo_aleatorio/180-600s_20percent,6,0,SIM_ORPHAN_HIGH,0,DO_NOT_ALLOC,3.67358
rl3,cenario2_tempo_aleatorio/180-600s_20percent,6,0,SIM_ORPHAN_HIGH,1,REALLOC_EXIST,50.0162
rl3,cenario2_tempo_aleatorio/180-600s_20percent,6,0,SIM_ORPHAN_HIGH,2,FORM_NEW_CLUST,18.8015
rl3,cenario2_tempo_aleatorio/180-600s_20percent,6,1,SIM_EXISTING_HIGH,0,DO_NOT_ALLOC,-0.5
rl3,cenario2_tempo_aleatorio/180-600s_20percent,6,1,SIM_EXISTING_HIGH,1,REALLOC_EXIST,1.0
rl3,cenario2_tempo_aleatorio/180-600s_20percent,6,1,SIM_EXISTING_HIGH,2,FORM_NEW_CLUST,0.0
rl3,cenario2_tempo_aleatorio/180-600s_20percent,6,2,SIM_ORPHAN_LOW,0,DO_NOT_ALLOC,0.0
rl3,cenario2_tempo_aleatorio/180-600s_20percent,6,2,SIM_ORPHAN_LOW,1,REALLOC_EXIST,4.901
rl3,cenario2_tempo_aleatorio/180-600s_20percent,6,2,SIM_ORPHAN_LOW,2,FORM_NEW_CLUST,0.0
rl3,cenario2_tempo_aleatorio/180-600s_20percent,6,3,SIM_EXISTING_LOW,0,DO_NOT_ALLOC,0.0
rl3,cenario2_tempo_aleatorio/180-600s_20percent,6,3,SIM_EXISTING_LOW,1,REALLOC_EXIST,0.0
rl3,cenario2_tempo_aleatorio/180-600s_20percent,6,3,SIM_EXISTING_LOW,2,FORM_NEW_CLUST,0.0
rl3,cenario2_tempo_aleatorio/180-600s_20percent,7,0,SIM_ORPHAN_HIGH,0,DO_NOT_ALLOC,3.67358
rl3,cenario2_tempo_aleatorio/180-600s_20percent,7,0,SIM_ORPHAN_HIGH,1,REALLOC_EXIST,50.0162
rl3,cenario2_tempo_aleatorio/180-600s_20percent,7,0,SIM_ORPHAN_HIGH,2,FORM_NEW_CLUST,18.8015
rl3,cenario2_tempo_aleatorio/180-600s_20percent,7,1,SIM_EXISTING_HIGH,0,DO_NOT_ALLOC,-0.5
rl3,cenario2_tempo_aleatorio/180-600s_20percent,7,1,SIM_EXISTING_HIGH,1,REALLOC_EXIST,1.0
rl3,cenario2_tempo_aleatorio/180-600s_20percent,7,1,SIM_EXISTING_HIGH,2,FORM_NEW_CLUST,0.0
rl3,cenario2_tempo_aleatorio/180-600s_20percent,7,2,SIM_ORPHAN_LOW,0,DO_NOT_ALLOC,0.0
rl3,cenario2_tempo_aleatorio/180-600s_20percent,7,2,SIM_ORPHAN_LOW,1,REALLOC_EXIST,13.9942
rl3,cenario2_tempo_aleatorio/180-600s_20percent,7,2,SIM_ORPHAN_LOW,2,FORM_NEW_CLUST,1.61141
rl3,cenario2_tempo_aleatorio/180-600s_20percent,7,3,SIM_EXISTING_LOW,0,DO_NOT_ALLOC,0.0
rl3,cenario2_tempo_aleatorio/180-600s_20percent,7,3,SIM_EXISTING_LOW,1,REALLOC_EXIST,0.0
rl3,cenario2_tempo_aleatorio/180-600s_20percent,7,3,SIM_EXISTING_LOW,2,FORM_NEW_CLUST,0.0
rl3,cenario2_tempo_aleatorio/180-600s_20percent,8,0,SIM_ORPHAN_HIGH,0,DO_NOT_ALLOC,3.67358
rl3,cenario2_tempo_aleatorio/180-600s_20percent,8,0,SIM_ORPHAN_HIGH,1,REALLOC_EXIST,58.2878
rl3,cenario2_tempo_aleatorio/180-600s_20percent,8,0,SIM_ORPHAN_HIGH,2,FORM_NEW_CLUST,18.8015
rl3,cenario2_tempo_aleatorio/180-600s_20percent,8,1,SIM_EXISTING_HIGH,0,DO_NOT_ALLOC,-0.5
rl3,cenario2_tempo_aleatorio/180-600s_20percent,8,1,SIM_EXISTING_HIGH,1,REALLOC_EXIST,1.0
rl3,cenario2_tempo_aleatorio/180-600s_20percent,8,1,SIM_EXISTING_HIGH,2,FORM_NEW_CLUST,0.0
rl3,cenario2_tempo_aleatorio/180-600s_20percent,8,2,SIM_ORPHAN_LOW,0,DO_NOT_ALLOC,0.0
rl3,cenario2_tempo_aleatorio/180-600s_20percent,8,2,SIM_ORPHAN_LOW,1,REALLOC_EXIST,23.7658
rl3,cenario2_tempo_aleatorio/180-600s_20percent,8,2,SIM_ORPHAN_LOW,2,FORM_NEW_CLUST,4.58919
rl3,cenario2_tempo_aleatorio/180-600s_20percent,8,3,SIM_EXISTING_LOW,0,DO_NOT_ALLOC,0.0
rl3,cenario2_tempo_aleatorio/180-600s_20percent,8,3,SIM_EXISTING_LOW,1,REALLOC_EXIST,0.0
rl3,cenario2_tempo_aleatorio/180-600s_20percent,8,3,SIM_EXISTING_LOW,2,FORM_NEW_CLUST,0.0
rl3,cenario2_tempo_aleatorio/180-600s_20percent,9,0,SIM_ORPHAN_HIGH,0,DO_NOT_ALLOC,19.6948
rl3,cenario2_tempo_aleatorio/180-600s_20percent,9,0,SIM_ORPHAN_HIGH,1,REALLOC_EXIST,65.1906
rl3,cenario2_tempo_aleatorio/180-600s_20percent,9,0,SIM_ORPHAN_HIGH,2,FORM_NEW_CLUST,23.3152
rl3,cenario2_tempo_aleatorio/180-600s_20percent,9,1,SIM_EXISTING_HIGH,0,DO_NOT_ALLOC,-0.5
rl3,cenario2_tempo_aleatorio/180-600s_20percent,9,1,SIM_EXISTING_HIGH,1,REALLOC_EXIST,1.0
rl3,cenario2_tempo_aleatorio/180-600s_20percent,9,1,SIM_EXISTING_HIGH,2,FORM_NEW_CLUST,0.0
rl3,cenario2_tempo_aleatorio/180-600s_20percent,9,2,SIM_ORPHAN_LOW,0,DO_NOT_ALLOC,0.0
rl3,cenario2_tempo_aleatorio/180-600s_20percent,9,2,SIM_ORPHAN_LOW,1,REALLOC_EXIST,28.227
rl3,cenario2_tempo_aleatorio/180-600s_20percent,9,2,SIM_ORPHAN_LOW,2,FORM_NEW_CLUST,4.58919
rl3,cenario2_tempo_aleatorio/180-600s_20percent,9,3,SIM_EXISTING_LOW,0,DO_NOT_ALLOC,0.0
rl3,cenario2_tempo_aleatorio/180-600s_20percent,9,3,SIM_EXISTING_LOW,1,REALLOC_EXIST,0.0
rl3,cenario2_tempo_aleatorio/180-600s_20percent,9,3,SIM_EXISTING_LOW,2,FORM_NEW_CLUST,0.0
rl3,cenario2_tempo_aleatorio/180-600s_20percent,10,0,SIM_ORPHAN_HIGH,0,DO_NOT_ALLOC,23.8845
rl3,cenario2_tempo_aleatorio/180-600s_20percent,10,0,SIM_ORPHAN_HIGH,1,REALLOC_EXIST,74.7639
rl3,cenario2_tempo_aleatorio/180-600s_20percent,10,0,SIM_ORPHAN_HIGH,2,FORM_NEW_CLUST,23.3152
rl3,cenario2_tempo_aleatorio/180-600s_20percent,10,1,SIM_EXISTING_HIGH,0,DO_NOT_ALLOC,-0.5
rl3,cenario2_tempo_aleatorio/180-600s_20percent,10,1,SIM_EXISTING_HIGH,1,REALLOC_EXIST,1.0
rl3,cenario2_tempo_aleatorio/180-600s_20percent,10,1,SIM_EXISTING_HIGH,2,FORM_NEW_CLUST,0.0
rl3,cenario2_tempo_aleatorio/180-600s_20percent,10,2,SIM_ORPHAN_LOW,0,DO_NOT_ALLOC,0.0
rl3,cenario2_tempo_aleatorio/180-600s_20percent,10,2,SIM_ORPHAN_LOW,1,REALLOC_EXIST,33.1029
rl3,cenario2_tempo_aleatorio/180-600s_20percent,10,2,SIM_ORPHAN_LOW,2,FORM_NEW_CLUST,8.04871
rl3,cenario2_tempo_aleatorio/180-600s_20percent,10,3,SIM_EXISTING_LOW,0,DO_NOT_ALLOC,0.0
rl3,cenario2_tempo_aleatorio/180-600s_20percent,10,3,SIM_EXISTING_LOW,1,REALLOC_EXIST,0.0
rl3,cenario2_tempo_aleatorio/180-600s_20percent,10,3,SIM_EXISTING_LOW,2,FORM_NEW_CLUST,0.0
rl3,cenario2_tempo_aleatorio/180-600s_20percent,11,0,SIM_ORPHAN_HIGH,0,DO_NOT_ALLOC,23.8845
rl3,cenario2_tempo_aleatorio/180-600s_20percent,11,0,SIM_ORPHAN_HIGH,1,REALLOC_EXIST,77.6311
rl3,cenario2_tempo_aleatorio/180-600s_20percent,11,0,SIM_ORPHAN_HIGH,2,FORM_NEW_CLUST,28.7351
rl3,cenario2_tempo_aleatorio/180-600s_20percent,11,1,SIM_EXISTING_HIGH,0,DO_NOT_ALLOC,-0.5
rl3,cenario2_tempo_aleatorio/180-600s_20percent,11,1,SIM_EXISTING_HIGH,1,REALLOC_EXIST,1.0
rl3,cenario2_tempo_aleatorio/180-600s_20percent,11,1,SIM_EXISTING_HIGH,2,FORM_NEW_CLUST,0.0
rl3,cenario2_tempo_aleatorio/180-600s_20percent,11,2,SIM_ORPHAN_LOW,0,DO_NOT_ALLOC,0.0
rl3,cenario2_tempo_aleatorio/180-600s_20percent,11,2,SIM_ORPHAN_LOW,1,REALLOC_EXIST,33.1029
rl3,cenario2_tempo_aleatorio/180-600s_20percent,11,2,SIM_ORPHAN_LOW,2,FORM_NEW_CLUST,8.04871
rl3,cenario2_tempo_aleatorio/180-600s_20percent,11,3,SIM_EXISTING_LOW,0,DO_NOT_ALLOC,0.0
rl3,cenario2_tempo_aleatorio/180-600s_20percent,11,3,SIM_EXISTING_LOW,1,REALLOC_EXIST,0.0
rl3,cenario2_tempo_aleatorio/180-600s_20percent,11,3,SIM_EXISTING_LOW,2,FORM_NEW_CLUST,0.0
rl3,cenario2_tempo_aleatorio/180-600s_20percent,12,0,SIM_ORPHAN_HIGH,0,DO_NOT_ALLOC,36.0197
rl3,cenario2_tempo_aleatorio/180-600s_20percent,12,0,SIM_ORPHAN_HIGH,1,REALLOC_EXIST,85.4803
rl3,cenario2_tempo_aleatorio/180-600s_20percent,12,0,SIM_ORPHAN_HIGH,2,FORM_NEW_CLUST,39.1302
rl3,cenario2_tempo_aleatorio/180-600s_20percent,12,1,SIM_EXISTING_HIGH,0,DO_NOT_ALLOC,-0.5
rl3,cenario2_tempo_aleatorio/180-600s_20percent,12,1,SIM_EXISTING_HIGH,1,REALLOC_EXIST,1.0
rl3,cenario2_tempo_aleatorio/180-600s_20percent,12,1,SIM_EXISTING_HIGH,2,FORM_NEW_CLUST,0.0
rl3,cenario2_tempo_aleatorio/180-600s_20percent,12,2,SIM_ORPHAN_LOW,0,DO_NOT_ALLOC,0.0
rl3,cenario2_tempo_aleatorio/180-600s_20percent,12,2,SIM_ORPHAN_LOW,1,REALLOC_EXIST,33.1029
rl3,cenario2_tempo_aleatorio/180-600s_20percent,12,2,SIM_ORPHAN_LOW,2,FORM_NEW_CLUST,8.04871
rl3,cenario2_tempo_aleatorio/180-600s_20percent,12,3,SIM_EXISTING_LOW,0,DO_NOT_ALLOC,0.0
rl3,cenario2_tempo_aleatorio/180-600s_20percent,12,3,SIM_EXISTING_LOW,1,REALLOC_EXIST,0.0
rl3,cenario2_tempo_aleatorio/180-600s_20percent,12,3,SIM_EXISTING_LOW,2,FORM_NEW_CLUST,0.0
rl3,cenario2_tempo_aleatorio/180-600s_20percent,13,0,SIM_ORPHAN_HIGH,0,DO_NOT_ALLOC,36.0197
rl3,cenario2_tempo_aleatorio/180-600s_20percent,13,0,SIM_ORPHAN_HIGH,1,REALLOC_EXIST,88.0043
rl3,cenario2_tempo_aleatorio/180-600s_20percent,13,0,SIM_ORPHAN_HIGH,2,FORM_NEW_CLUST,39.1302
rl3,cenario2_tempo_aleatorio/180-600s_20percent,13,1,SIM_EXISTING_HIGH,0,DO_NOT_ALLOC,-0.5
rl3,cenario2_tempo_aleatorio/180-600s_20percent,13,1,SIM_EXISTING_HIGH,1,REALLOC_EXIST,1.0
rl3,cenario2_tempo_aleatorio/180-600s_20percent,13,1,SIM_EXISTING_HIGH,2,FORM_NEW_CLUST,0.0
rl3,cenario2_tempo_aleatorio/180-600s_20percent,13,2,SIM_ORPHAN_LOW,0,DO_NOT_ALLOC,0.0
rl3,cenario2_tempo_aleatorio/180-600s_20percent,13,2,SIM_ORPHAN_LOW,1,REALLOC_EXIST,33.1029
rl3,cenario2_tempo_aleatorio/180-600s_20percent,13,2,SIM_ORPHAN_LOW,2,FORM_NEW_CLUST,8.04871
rl3,cenario2_tempo_aleatorio/180-600s_20percent,13,3,SIM_EXISTING_LOW,0,DO_NOT_ALLOC,0.0
rl3,cenario2_tempo_aleatorio/180-600s_20percent,13,3,SIM_EXISTING_LOW,1,REALLOC_EXIST,0.0
rl3,cenario2_tempo_aleatorio/180-600s_20percent,13,3,SIM_EXISTING_LOW,2,FORM_NEW_CLUST,0.0
rl3,cenario2_tempo_aleatorio/180-600s_20percent,14,0,SIM_ORPHAN_HIGH,0,DO_NOT_ALLOC,36.0197
rl3,cenario2_tempo_aleatorio/180-600s_20percent,14,0,SIM_ORPHAN_HIGH,1,REALLOC_EXIST,90.7628
rl3,cenario2_tempo_aleatorio/180-600s_20percent,14,0,SIM_ORPHAN_HIGH,2,FORM_NEW_CLUST,39.1302
rl3,cenario2_tempo_aleatorio/180-600s_20percent,14,1,SIM_EXISTING_HIGH,0,DO_NOT_ALLOC,-0.5
rl3,cenario2_tempo_aleatorio/180-600s_20percent,14,1,SIM_EXISTING_HIGH,1,REALLOC_EXIST,1.0
rl3,cenario2_tempo_aleatorio/180-600s_20percent,14,1,SIM_EXISTING_HIGH,2,FORM_NEW_CLUST,0.0
rl3,cenario2_tempo_aleatorio/180-600s_20percent,14,2,SIM_ORPHAN_LOW,0,DO_NOT_ALLOC,0.0
rl3,cenario2_tempo_aleatorio/180-600s_20percent,14,2,SIM_ORPHAN_LOW,1,REALLOC_EXIST,33.1029
rl3,cenario2_tempo_aleatorio/180-600s_20percent,14,2,SIM_ORPHAN_LOW,2,FORM_NEW_CLUST,8.04871
rl3,cenario2_tempo_aleatorio/180-600s_20percent,14,3,SIM_EXISTING_LOW,0,DO_NOT_ALLOC,0.0
rl3,cenario2_tempo_aleatorio/180-600s_20percent,14,3,SIM_EXISTING_LOW,1,REALLOC_EXIST,0.0
rl3,cenario2_tempo_aleatorio/180-600s_20percent,14,3,SIM_EXISTING_LOW,2,FORM_NEW_CLUST,0.0
rl3,cenario2_tempo_aleatorio/180-600s_20percent,15,0,SIM_ORPHAN_HIGH,0,DO_NOT_ALLOC,40.2027
rl3,cenario2_tempo_aleatorio/180-600s_20percent,15,0,SIM_ORPHAN_HIGH,1,REALLOC_EXIST,92.1349
rl3,cenario2_tempo_aleatorio/180-600s_20percent,15,0,SIM_ORPHAN_HIGH,2,FORM_NEW_CLUST,39.1302
rl3,cenario2_tempo_aleatorio/180-600s_20percent,15,1,SIM_EXISTING_HIGH,0,DO_NOT_ALLOC,-0.5
rl3,cenario2_tempo_aleatorio/180-600s_20percent,15,1,SIM_EXISTING_HIGH,1,REALLOC_EXIST,1.0
rl3,cenario2_tempo_aleatorio/180-600s_20percent,15,1,SIM_EXISTING_HIGH,2,FORM_NEW_CLUST,0.0
rl3,cenario2_tempo_aleatorio/180-600s_20percent,15,2,SIM_ORPHAN_LOW,0,DO_NOT_ALLOC,0.0
rl3,cenario2_tempo_aleatorio/180-600s_20percent,15,2,SIM_ORPHAN_LOW,1,REALLOC_EXIST,40.1045
rl3,cenario2_tempo_aleatorio/180-600s_20percent,15,2,SIM_ORPHAN_LOW,2,FORM_NEW_CLUST,8.04871
rl3,cenario2_tempo_aleatorio/180-600s_20percent,15,3,SIM_EXISTING_LOW,0,DO_NOT_ALLOC,0.0
rl3,cenario2_tempo_aleatorio/180-600s_20percent,15,3,SIM_EXISTING_LOW,1,REALLOC_EXIST,0.0
rl3,cenario2_tempo_aleatorio/180-600s_20percent,15,3,SIM_EXISTING_LOW,2,FORM_NEW_CLUST,0.0
rl3,cenario2_tempo_aleatorio/180-600s_20percent,16,0,SIM_ORPHAN_HIGH,0,DO_NOT_ALLOC,47.5818
rl3,cenario2_tempo_aleatorio/180-600s_20percent,16,0,SIM_ORPHAN_HIGH,1,REALLOC_EXIST,93.6314
rl3,cenario2_tempo_aleatorio/180-600s_20percent,16,0,SIM_ORPHAN_HIGH,2,FORM_NEW_CLUST,44.644
rl3,cenario2_tempo_aleatorio/180-600s_20percent,16,1,SIM_EXISTING_HIGH,0,DO_NOT_ALLOC,-0.5
rl3,cenario2_tempo_aleatorio/180-600s_20percent,16,1,SIM_EXISTING_HIGH,1,REALLOC_EXIST,1.0
rl3,cenario2_tempo_aleatorio/180-600s_20percent,16,1,SIM_EXISTING_HIGH,2,FORM_NEW_CLUST,0.0
rl3,cenario2_tempo_aleatorio/180-600s_20percent,16,2,SIM_ORPHAN_LOW,0,DO_NOT_ALLOC,0.0
rl3,cenario2_tempo_aleatorio/180-600s_20percent,16,2,SIM_ORPHAN_LOW,1,REALLOC_EXIST,40.1045
rl3,cenario2_tempo_aleatorio/180-600s_20percent,16,2,SIM_ORPHAN_LOW,2,FORM_NEW_CLUST,8.04871
rl3,cenario2_tempo_aleatorio/180-600s_20percent,16,3,SIM_EXISTING_LOW,0,DO_NOT_ALLOC,0.0
rl3,cenario2_tempo_aleatorio/180-600s_20percent,16,3,SIM_EXISTING_LOW,1,REALLOC_EXIST,0.0
rl3,cenario2_tempo_aleatorio/180-600s_20percent,16,3,SIM_EXISTING_LOW,2,FORM_NEW_CLUST,0.0
rl3,cenario2_tempo_aleatorio/180-600s_20percent,17,0,SIM_ORPHAN_HIGH,0,DO_NOT_ALLOC,53.7026
rl3,cenario2_tempo_aleatorio/180-600s_20percent,17,0,SIM_ORPHAN_HIGH,1,REALLOC_EXIST,95.9484
rl3,cenario2_tempo_aleatorio/180-600s_20percent,17,0,SIM_ORPHAN_HIGH,2,FORM_NEW_CLUST,58.5617
rl3,cenario2_tempo_aleatorio/180-600s_20percent,17,1,SIM_EXISTING_HIGH,0,DO_NOT_ALLOC,-0.5
rl3,cenario2_tempo_aleatorio/180-600s_20percent,17,1,SIM_EXISTING_HIGH,1,REALLOC_EXIST,1.0
rl3,cenario2_tempo_aleatorio/180-600s_20percent,17,1,SIM_EXISTING_HIGH,2,FORM_NEW_CLUST,0.0
rl3,cenario2_tempo_aleatorio/180-600s_20percent,17,2,SIM_ORPHAN_LOW,0,DO_NOT_ALLOC,0.0
rl3,cenario2_tempo_aleatorio/180-600s_20percent,17,2,SIM_ORPHAN_LOW,1,REALLOC_EXIST,40.1045
rl3,cenario2_tempo_aleatorio/180-600s_20percent,17,2,SIM_ORPHAN_LOW,2,FORM_NEW_CLUST,8.04871
rl3,cenario2_tempo_aleatorio/180-600s_20percent,17,3,SIM_EXISTING_LOW,0,DO_NOT_ALLOC,0.0
rl3,cenario2_tempo_aleatorio/180-600s_20percent,17,3,SIM_EXISTING_LOW,1,REALLOC_EXIST,0.0
rl3,cenario2_tempo_aleatorio/180-600s_20percent,17,3,SIM_EXISTING_LOW,2,FORM_NEW_CLUST,0.0
rl3,cenario2_tempo_aleatorio/180-600s_20percent,18,0,SIM_ORPHAN_HIGH,0,DO_NOT_ALLOC,56.5933
rl3,cenario2_tempo_aleatorio/180-600s_20percent,18,0,SIM_ORPHAN_HIGH,1,REALLOC_EXIST,97.3435
rl3,cenario2_tempo_aleatorio/180-600s_20percent,18,0,SIM_ORPHAN_HIGH,2,FORM_NEW_CLUST,65.8059
rl3,cenario2_tempo_aleatorio/180-600s_20percent,18,1,SIM_EXISTING_HIGH,0,DO_NOT_ALLOC,-0.5
rl3,cenario2_tempo_aleatorio/180-600s_20percent,18,1,SIM_EXISTING_HIGH,1,REALLOC_EXIST,1.0
rl3,cenario2_tempo_aleatorio/180-600s_20percent,18,1,SIM_EXISTING_HIGH,2,FORM_NEW_CLUST,0.0
rl3,cenario2_tempo_aleatorio/180-600s_20percent,18,2,SIM_ORPHAN_LOW,0,DO_NOT_ALLOC,0.0
rl3,cenario2_tempo_aleatorio/180-600s_20percent,18,2,SIM_ORPHAN_LOW,1,REALLOC_EXIST,40.1045
rl3,cenario2_tempo_aleatorio/180-600s_20percent,18,2,SIM_ORPHAN_LOW,2,FORM_NEW_CLUST,8.04871
rl3,cenario2_tempo_aleatorio/180-600s_20percent,18,3,SIM_EXISTING_LOW,0,DO_NOT_ALLOC,0.0
rl3,cenario2_tempo_aleatorio/180-600s_20percent,18,3,SIM_EXISTING_LOW,1,REALLOC_EXIST,0.0
rl3,cenario2_tempo_aleatorio/180-600s_20percent,18,3,SIM_EXISTING_LOW,2,FORM_NEW_CLUST,0.0
rl3,cenario2_tempo_aleatorio/180-600s_20percent,19,0,SIM_ORPHAN_HIGH,0,DO_NOT_ALLOC,56.5933
rl3,cenario2_tempo_aleatorio/180-600s_20percent,19,0,SIM_ORPHAN_HIGH,1,REALLOC_EXIST,98.0741
rl3,cenario2_tempo_aleatorio/180-600s_20percent,19,0,SIM_ORPHAN_HIGH,2,FORM_NEW_CLUST,71.88
rl3,cenario2_tempo_aleatorio/180-600s_20percent,19,1,SIM_EXISTING_HIGH,0,DO_NOT_ALLOC,-0.5
rl3,cenario2_tempo_aleatorio/180-600s_20percent,19,1,SIM_EXISTING_HIGH,1,REALLOC_EXIST,1.0
rl3,cenario2_tempo_aleatorio/180-600s_20percent,19,1,SIM_EXISTING_HIGH,2,FORM_NEW_CLUST,0.0
rl3,cenario2_tempo_aleatorio/180-600s_20percent,19,2,SIM_ORPHAN_LOW,0,DO_NOT_ALLOC,0.0
rl3,cenario2_tempo_aleatorio/180-600s_20percent,19,2,SIM_ORPHAN_LOW,1,REALLOC_EXIST,40.1045
rl3,cenario2_tempo_aleatorio/180-600s_20percent,19,2,SIM_ORPHAN_LOW,2,FORM_NEW_CLUST,8.04871
rl3,cenario2_tempo_aleatorio/180-600s_20percent,19,3,SIM_EXISTING_LOW,0,DO_NOT_ALLOC,0.0
rl3,cenario2_tempo_aleatorio/180-600s_20percent,19,3,SIM_EXISTING_LOW,1,REALLOC_EXIST,0.0
rl3,cenario2_tempo_aleatorio/180-600s_20percent,19,3,SIM_EXISTING_LOW,2,FORM_NEW_CLUST,0.0
rl3,cenario2_tempo_aleatorio/180-600s_20percent,20,0,SIM_ORPHAN_HIGH,0,DO_NOT_ALLOC,59.2641
rl3,cenario2_tempo_aleatorio/180-600s_20percent,20,0,SIM_ORPHAN_HIGH,1,REALLOC_EXIST,98.2757
rl3,cenario2_tempo_aleatorio/180-600s_20percent,20,0,SIM_ORPHAN_HIGH,2,FORM_NEW_CLUST,71.88
rl3,cenario2_tempo_aleatorio/180-600s_20percent,20,1,SIM_EXISTING_HIGH,0,DO_NOT_ALLOC,-0.5
rl3,cenario2_tempo_aleatorio/180-600s_20percent,20,1,SIM_EXISTING_HIGH,1,REALLOC_EXIST,1.99
rl3,cenario2_tempo_aleatorio/180-600s_20percent,20,1,SIM_EXISTING_HIGH,2,FORM_NEW_CLUST,0.0
rl3,cenario2_tempo_aleatorio/180-600s_20percent,20,2,SIM_ORPHAN_LOW,0,DO_NOT_ALLOC,0.0
rl3,cenario2_tempo_aleatorio/180-600s_20percent,20,2,SIM_ORPHAN_LOW,1,REALLOC_EXIST,40.1045
rl3,cenario2_tempo_aleatorio/180-600s_20percent,20,2,SIM_ORPHAN_LOW,2,FORM_NEW_CLUST,8.04871
rl3,cenario2_tempo_aleatorio/180-600s_20percent,20,3,SIM_EXISTING_LOW,0,DO_NOT_ALLOC,0.0
rl3,cenario2_tempo_aleatorio/180-600s_20percent,20,3,SIM_EXISTING_LOW,1,REALLOC_EXIST,0.0
rl3,cenario2_tempo_aleatorio/180-600s_20percent,20,3,SIM_EXISTING_LOW,2,FORM_NEW_CLUST,0.0
rl3,cenario2_tempo_aleatorio/180-600s_20percent,21,0,SIM_ORPHAN_HIGH,0,DO_NOT_ALLOC,59.2641
rl3,cenario2_tempo_aleatorio/180-600s_20percent,21,0,SIM_ORPHAN_HIGH,1,REALLOC_EXIST,98.2757
rl3,cenario2_tempo_aleatorio/180-600s_20percent,21,0,SIM_ORPHAN_HIGH,2,FORM_NEW_CLUST,71.88
rl3,cenario2_tempo_aleatorio/180-600s_20percent,21,1,SIM_EXISTING_HIGH,0,DO_NOT_ALLOC,-0.5
rl3,cenario2_tempo_aleatorio/180-600s_20percent,21,1,SIM_EXISTING_HIGH,1,REALLOC_EXIST,1.99
rl3,cenario2_tempo_aleatorio/180-600s_20percent,21,1,SIM_EXISTING_HIGH,2,FORM_NEW_CLUST,0.0
rl3,cenario2_tempo_aleatorio/180-600s_20percent,21,2,SIM_ORPHAN_LOW,0,DO_NOT_ALLOC,0.0
rl3,cenario2_tempo_aleatorio/180-600s_20percent,21,2,SIM_ORPHAN_LOW,1,REALLOC_EXIST,44.1735
rl3,cenario2_tempo_aleatorio/180-600s_20percent,21,2,SIM_ORPHAN_LOW,2,FORM_NEW_CLUST,8.04871
rl3,cenario2_tempo_aleatorio/180-600s_20percent,21,3,SIM_EXISTING_LOW,0,DO_NOT_ALLOC,0.0
rl3,cenario2_tempo_aleatorio/180-600s_20percent,21,3,SIM_EXISTING_LOW,1,REALLOC_EXIST,0.0
rl3,cenario2_tempo_aleatorio/180-600s_20percent,21,3,SIM_EXISTING_LOW,2,FORM_NEW_CLUST,0.0
rl3,cenario2_tempo_aleatorio/180-600s_20percent,22,0,SIM_ORPHAN_HIGH,0,DO_NOT_ALLOC,59.2641
rl3,cenario2_tempo_aleatorio/180-600s_20percent,22,0,SIM_ORPHAN_HIGH,1,REALLOC_EXIST,98.4406
rl3,cenario2_tempo_aleatorio/180-600s_20percent,22,0,SIM_ORPHAN_HIGH,2,FORM_NEW_CLUST,71.88
rl3,cenario2_tempo_aleatorio/180-600s_20percent,22,1,SIM_EXISTING_HIGH,0,DO_NOT_ALLOC,-0.5
rl3,cenario2_tempo_aleatorio/180-600s_20percent,22,1,SIM_EXISTING_HIGH,1,REALLOC_EXIST,1.99
rl3,cenario2_tempo_aleatorio/180-600s_20percent,22,1,SIM_EXISTING_HIGH,2,FORM_NEW_CLUST,0.0
rl3,cenario2_tempo_aleatorio/180-600s_20percent,22,2,SIM_ORPHAN_LOW,0,DO_NOT_ALLOC,0.0
rl3,cenario2_tempo_aleatorio/180-600s_20percent,22,2,SIM_ORPHAN_LOW,1,REALLOC_EXIST,44.1735
rl3,cenario2_tempo_aleatorio/180-600s_20percent,22,2,SIM_ORPHAN_LOW,2,FORM_NEW_CLUST,8.04871
rl3,cenario2_tempo_aleatorio/180-600s_20percent,22,3,SIM_EXISTING_LOW,0,DO_NOT_ALLOC,0.0
rl3,cenario2_tempo_aleatorio/180-600s_20percent,22,3,SIM_EXISTING_LOW,1,REALLOC_EXIST,0.0
rl3,cenario2_tempo_aleatorio/180-600s_20percent,22,3,SIM_EXISTING_LOW,2,FORM_NEW_CLUST,0.0
rl3,cenario2_tempo_aleatorio/180-600s_20percent,23,0,SIM_ORPHAN_HIGH,0,DO_NOT_ALLOC,69.3309
rl3,cenario2_tempo_aleatorio/180-600s_20percent,23,0,SIM_ORPHAN_HIGH,1,REALLOC_EXIST,98.8465
rl3,cenario2_tempo_aleatorio/180-600s_20percent,23,0,SIM_ORPHAN_HIGH,2,FORM_NEW_CLUST,71.88
rl3,cenario2_tempo_aleatorio/180-600s_20percent,23,1,SIM_EXISTING_HIGH,0,DO_NOT_ALLOC,-0.5
rl3,cenario2_tempo_aleatorio/180-600s_20percent,23,1,SIM_EXISTING_HIGH,1,REALLOC_EXIST,1.99
rl3,cenario2_tempo_aleatorio/180-600s_20percent,23,1,SIM_EXISTING_HIGH,2,FORM_NEW_CLUST,0.0
rl3,cenario2_tempo_aleatorio/180-600s_20percent,23,2,SIM_ORPHAN_LOW,0,DO_NOT_ALLOC,0.0
rl3,cenario2_tempo_aleatorio/180-600s_20percent,23,2,SIM_ORPHAN_LOW,1,REALLOC_EXIST,44.1735
rl3,cenario2_tempo_aleatorio/180-600s_20percent,23,2,SIM_ORPHAN_LOW,2,FORM_NEW_CLUST,8.04871
rl3,cenario2_tempo_aleatorio/180-600s_20percent,23,3,SIM_EXISTING_LOW,0,DO_NOT_ALLOC,0.0
rl3,cenario2_tempo_aleatorio/180-600s_20percent,23,3,SIM_EXISTING_LOW,1,REALLOC_EXIST,0.0
rl3,cenario2_tempo_aleatorio/180-600s_20percent,23,3,SIM_EXISTING_LOW,2,FORM_NEW_CLUST,0.0
rl3,cenario2_tempo_aleatorio/180-600s_20percent,24,0,SIM_ORPHAN_HIGH,0,DO_NOT_ALLOC,72.1368
rl3,cenario2_tempo_aleatorio/180-600s_20percent,24,0,SIM_ORPHAN_HIGH,1,REALLOC_EXIST,99.2662
rl3,cenario2_tempo_aleatorio/180-600s_20percent,24,0,SIM_ORPHAN_HIGH,2,FORM_NEW_CLUST,77.0765
rl3,cenario2_tempo_aleatorio/180-600s_20percent,24,1,SIM_EXISTING_HIGH,0,DO_NOT_ALLOC,-0.5
rl3,cenario2_tempo_aleatorio/180-600s_20percent,24,1,SIM_EXISTING_HIGH,1,REALLOC_EXIST,1.99
rl3,cenario2_tempo_aleatorio/180-600s_20percent,24,1,SIM_EXISTING_HIGH,2,FORM_NEW_CLUST,0.0
rl3,cenario2_tempo_aleatorio/180-600s_20percent,24,2,SIM_ORPHAN_LOW,0,DO_NOT_ALLOC,0.0
rl3,cenario2_tempo_aleatorio/180-600s_20percent,24,2,SIM_ORPHAN_LOW,1,REALLOC_EXIST,44.1735
rl3,cenario2_tempo_aleatorio/180-600s_20percent,24,2,SIM_ORPHAN_LOW,2,FORM_NEW_CLUST,8.04871
rl3,cenario2_tempo_aleatorio/180-600s_20percent,24,3,SIM_EXISTING_LOW,0,DO_NOT_ALLOC,0.0
rl3,cenario2_tempo_aleatorio/180-600s_20percent,24,3,SIM_EXISTING_LOW,1,REALLOC_EXIST,0.0
rl3,cenario2_tempo_aleatorio/180-600s_20percent,24,3,SIM_EXISTING_LOW,2,FORM_NEW_CLUST,0.0
rl3,cenario2_tempo_aleatorio/180-600s_20percent,25,0,SIM_ORPHAN_HIGH,0,DO_NOT_ALLOC,72.1368
rl3,cenario2_tempo_aleatorio/180-600s_20percent,25,0,SIM_ORPHAN_HIGH,1,REALLOC_EXIST,99.3752
rl3,cenario2_tempo_aleatorio/180-600s_20percent,25,0,SIM_ORPHAN_HIGH,2,FORM_NEW_CLUST,79.3115
rl3,cenario2_tempo_aleatorio/180-600s_20percent,25,1,SIM_EXISTING_HIGH,0,DO_NOT_ALLOC,-0.5
rl3,cenario2_tempo_aleatorio/180-600s_20percent,25,1,SIM_EXISTING_HIGH,1,REALLOC_EXIST,1.99
rl3,cenario2_tempo_aleatorio/180-600s_20percent,25,1,SIM_EXISTING_HIGH,2,FORM_NEW_CLUST,0.0
rl3,cenario2_tempo_aleatorio/180-600s_20percent,25,2,SIM_ORPHAN_LOW,0,DO_NOT_ALLOC,0.0
rl3,cenario2_tempo_aleatorio/180-600s_20percent,25,2,SIM_ORPHAN_LOW,1,REALLOC_EXIST,44.1735
rl3,cenario2_tempo_aleatorio/180-600s_20percent,25,2,SIM_ORPHAN_LOW,2,FORM_NEW_CLUST,8.04871
rl3,cenario2_tempo_aleatorio/180-600s_20percent,25,3,SIM_EXISTING_LOW,0,DO_NOT_ALLOC,0.0
rl3,cenario2_tempo_aleatorio/180-600s_20percent,25,3,SIM_EXISTING_LOW,1,REALLOC_EXIST,0.0
rl3,cenario2_tempo_aleatorio/180-600s_20percent,25,3,SIM_EXISTING_LOW,2,FORM_NEW_CLUST,0.0
rl3,cenario2_tempo_aleatorio/180-600s_20percent,26,0,SIM_ORPHAN_HIGH,0,DO_NOT_ALLOC,72.1368
rl3,cenario2_tempo_aleatorio/180-600s_20percent,26,0,SIM_ORPHAN_HIGH,1,REALLOC_EXIST,99.4991
rl3,cenario2_tempo_aleatorio/180-600s_20percent,26,0,SIM_ORPHAN_HIGH,2,FORM_NEW_CLUST,81.3344
rl3,cenario2_tempo_aleatorio/180-600s_20percent,26,1,SIM_EXISTING_HIGH,0,DO_NOT_ALLOC,-0.5
rl3,cenario2_tempo_aleatorio/180-600s_20percent,26,1,SIM_EXISTING_HIGH,1,REALLOC_EXIST,1.99
rl3,cenario2_tempo_aleatorio/180-600s_20percent,26,1,SIM_EXISTING_HIGH,2,FORM_NEW_CLUST,0.0
rl3,cenario2_tempo_aleatorio/180-600s_20percent,26,2,SIM_ORPHAN_LOW,0,DO_NOT_ALLOC,0.0
rl3,cenario2_tempo_aleatorio/180-600s_20percent,26,2,SIM_ORPHAN_LOW,1,REALLOC_EXIST,44.1735
rl3,cenario2_tempo_aleatorio/180-600s_20percent,26,2,SIM_ORPHAN_LOW,2,FORM_NEW_CLUST,8.04871
rl3,cenario2_tempo_aleatorio/180-600s_20percent,26,3,SIM_EXISTING_LOW,0,DO_NOT_ALLOC,0.0
rl3,cenario2_tempo_aleatorio/180-600s_20percent,26,3,SIM_EXISTING_LOW,1,REALLOC_EXIST,0.0
rl3,cenario2_tempo_aleatorio/180-600s_20percent,26,3,SIM_EXISTING_LOW,2,FORM_NEW_CLUST,0.0
rl3,cenario2_tempo_aleatorio/180-600s_20percent,27,0,SIM_ORPHAN_HIGH,0,DO_NOT_ALLOC,72.1368
rl3,cenario2_tempo_aleatorio/180-600s_20percent,27,0,SIM_ORPHAN_HIGH,1,REALLOC_EXIST,99.5985
rl3,cenario2_tempo_aleatorio/180-600s_20percent,27,0,SIM_ORPHAN_HIGH,2,FORM_NEW_CLUST,84.7961
rl3,cenario2_tempo_aleatorio/180-600s_20percent,27,1,SIM_EXISTING_HIGH,0,DO_NOT_ALLOC,-0.5
rl3,cenario2_tempo_aleatorio/180-600s_20percent,27,1,SIM_EXISTING_HIGH,1,REALLOC_EXIST,1.99
rl3,cenario2_tempo_aleatorio/180-600s_20percent,27,1,SIM_EXISTING_HIGH,2,FORM_NEW_CLUST,0.0
rl3,cenario2_tempo_aleatorio/180-600s_20percent,27,2,SIM_ORPHAN_LOW,0,DO_NOT_ALLOC,0.0
rl3,cenario2_tempo_aleatorio/180-600s_20percent,27,2,SIM_ORPHAN_LOW,1,REALLOC_EXIST,44.1735
rl3,cenario2_tempo_aleatorio/180-600s_20percent,27,2,SIM_ORPHAN_LOW,2,FORM_NEW_CLUST,8.04871
rl3,cenario2_tempo_aleatorio/180-600s_20percent,27,3,SIM_EXISTING_LOW,0,DO_NOT_ALLOC,0.0
rl3,cenario2_tempo_aleatorio/180-600s_20percent,27,3,SIM_EXISTING_LOW,1,REALLOC_EXIST,0.0
rl3,cenario2_tempo_aleatorio/180-600s_20percent,27,3,SIM_EXISTING_LOW,2,FORM_NEW_CLUST,0.0
rl3,cenario2_tempo_aleatorio/180-600s_20percent,28,0,SIM_ORPHAN_HIGH,0,DO_NOT_ALLOC,72.1368
rl3,cenario2_tempo_aleatorio/180-600s_20percent,28,0,SIM_ORPHAN_HIGH,1,REALLOC_EXIST,99.6295
rl3,cenario2_tempo_aleatorio/180-600s_20percent,28,0,SIM_ORPHAN_HIGH,2,FORM_NEW_CLUST,86.2828
rl3,cenario2_tempo_aleatorio/180-600s_20percent,28,1,SIM_EXISTING_HIGH,0,DO_NOT_ALLOC,-0.5
rl3,cenario2_tempo_aleatorio/180-600s_20percent,28,1,SIM_EXISTING_HIGH,1,REALLOC_EXIST,1.99
rl3,cenario2_tempo_aleatorio/180-600s_20percent,28,1,SIM_EXISTING_HIGH,2,FORM_NEW_CLUST,0.0
rl3,cenario2_tempo_aleatorio/180-600s_20percent,28,2,SIM_ORPHAN_LOW,0,DO_NOT_ALLOC,0.0
rl3,cenario2_tempo_aleatorio/180-600s_20percent,28,2,SIM_ORPHAN_LOW,1,REALLOC_EXIST,44.1735
rl3,cenario2_tempo_aleatorio/180-600s_20percent,28,2,SIM_ORPHAN_LOW,2,FORM_NEW_CLUST,8.04871
rl3,cenario2_tempo_aleatorio/180-600s_20percent,28,3,SIM_EXISTING_LOW,0,DO_NOT_ALLOC,0.0
rl3,cenario2_tempo_aleatorio/180-600s_20percent,28,3,SIM_EXISTING_LOW,1,REALLOC_EXIST,0.0
rl3,cenario2_tempo_aleatorio/180-600s_20percent,28,3,SIM_EXISTING_LOW,2,FORM_NEW_CLUST,0.0
rl3,cenario2_tempo_aleatorio/180-600s_20percent,29,0,SIM_ORPHAN_HIGH,0,DO_NOT_ALLOC,72.1368
rl3,cenario2_tempo_aleatorio/180-600s_20percent,29,0,SIM_ORPHAN_HIGH,1,REALLOC_EXIST,99.6908
rl3,cenario2_tempo_aleatorio/180-600s_20percent,29,0,SIM_ORPHAN_HIGH,2,FORM_NEW_CLUST,88.8307
rl3,cenario2_tempo_aleatorio/180-600s_20percent,29,1,SIM_EXISTING_HIGH,0,DO_NOT_ALLOC,-0.5
rl3,cenario2_tempo_aleatorio/180-600s_20percent,29,1,SIM_EXISTING_HIGH,1,REALLOC_EXIST,1.99
rl3,cenario2_tempo_aleatorio/180-600s_20percent,29,1,SIM_EXISTING_HIGH,2,FORM_NEW_CLUST,0.0
rl3,cenario2_tempo_aleatorio/180-600s_20percent,29,2,SIM_ORPHAN_LOW,0,DO_NOT_ALLOC,0.0
rl3,cenario2_tempo_aleatorio/180-600s_20percent,29,2,SIM_ORPHAN_LOW,1,REALLOC_EXIST,44.1735
rl3,cenario2_tempo_aleatorio/180-600s_20percent,29,2,SIM_ORPHAN_LOW,2,FORM_NEW_CLUST,8.04871
rl3,cenario2_tempo_aleatorio/180-600s_20percent,29,3,SIM_EXISTING_LOW,0,DO_NOT_ALLOC,0.0
rl3,cenario2_tempo_aleatorio/180-600s_20percent,29,3,SIM_EXISTING_LOW,1,REALLOC_EXIST,0.0
rl3,cenario2_tempo_aleatorio/180-600s_20percent,29,3,SIM_EXISTING_LOW,2,FORM_NEW_CLUST,0.0
rl3,cenario2_tempo_aleatorio/180-600s_20percent,30,0,SIM_ORPHAN_HIGH,0,DO_NOT_ALLOC,74.5331
rl3,cenario2_tempo_aleatorio/180-600s_20percent,30,0,SIM_ORPHAN_HIGH,1,REALLOC_EXIST,99.7521
rl3,cenario2_tempo_aleatorio/180-600s_20percent,30,0,SIM_ORPHAN_HIGH,2,FORM_NEW_CLUST,88.8307
rl3,cenario2_tempo_aleatorio/180-600s_20percent,30,1,SIM_EXISTING_HIGH,0,DO_NOT_ALLOC,-0.5
rl3,cenario2_tempo_aleatorio/180-600s_20percent,30,1,SIM_EXISTING_HIGH,1,REALLOC_EXIST,1.99
rl3,cenario2_tempo_aleatorio/180-600s_20percent,30,1,SIM_EXISTING_HIGH,2,FORM_NEW_CLUST,0.0
rl3,cenario2_tempo_aleatorio/180-600s_20percent,30,2,SIM_ORPHAN_LOW,0,DO_NOT_ALLOC,0.0
rl3,cenario2_tempo_aleatorio/180-600s_20percent,30,2,SIM_ORPHAN_LOW,1,REALLOC_EXIST,44.1735
rl3,cenario2_tempo_aleatorio/180-600s_20percent,30,2,SIM_ORPHAN_LOW,2,FORM_NEW_CLUST,8.04871
rl3,cenario2_tempo_aleatorio/180-600s_20percent,30,3,SIM_EXISTING_LOW,0,DO_NOT_ALLOC,0.0
rl3,cenario2_tempo_aleatorio/180-600s_20percent,30,3,SIM_EXISTING_LOW,1,REALLOC_EXIST,0.0
rl3,cenario2_tempo_aleatorio/180-600s_20percent,30,3,SIM_EXISTING_LOW,2,FORM_NEW_CLUST,0.0
rl3,cenario2_tempo_aleatorio/180-600s_20percent,31,0,SIM_ORPHAN_HIGH,0,DO_NOT_ALLOC,74.5331
rl3,cenario2_tempo_aleatorio/180-600s_20percent,31,0,SIM_ORPHAN_HIGH,1,REALLOC_EXIST,99.8166
rl3,cenario2_tempo_aleatorio/180-600s_20percent,31,0,SIM_ORPHAN_HIGH,2,FORM_NEW_CLUST,90.9189
rl3,cenario2_tempo_aleatorio/180-600s_20percent,31,1,SIM_EXISTING_HIGH,0,DO_NOT_ALLOC,-0.5
rl3,cenario2_tempo_aleatorio/180-600s_20percent,31,1,SIM_EXISTING_HIGH,1,REALLOC_EXIST,1.99
rl3,cenario2_tempo_aleatorio/180-600s_20percent,31,1,SIM_EXISTING_HIGH,2,FORM_NEW_CLUST,0.0
rl3,cenario2_tempo_aleatorio/180-600s_20percent,31,2,SIM_ORPHAN_LOW,0,DO_NOT_ALLOC,0.0
rl3,cenario2_tempo_aleatorio/180-600s_20percent,31,2,SIM_ORPHAN_LOW,1,REALLOC_EXIST,48.4864
rl3,cenario2_tempo_aleatorio/180-600s_20percent,31,2,SIM_ORPHAN_LOW,2,FORM_NEW_CLUST,8.04871
rl3,cenario2_tempo_aleatorio/180-600s_20percent,31,3,SIM_EXISTING_LOW,0,DO_NOT_ALLOC,0.0
rl3,cenario2_tempo_aleatorio/180-600s_20percent,31,3,SIM_EXISTING_LOW,1,REALLOC_EXIST,0.0
rl3,cenario2_tempo_aleatorio/180-600s_20percent,31,3,SIM_EXISTING_LOW,2,FORM_NEW_CLUST,0.0
rl3,cenario2_tempo_aleatorio/180-600s_20percent,32,0,SIM_ORPHAN_HIGH,0,DO_NOT_ALLOC,76.4985
rl3,cenario2_tempo_aleatorio/180-600s_20percent,32,0,SIM_ORPHAN_HIGH,1,REALLOC_EXIST,99.8856
rl3,cenario2_tempo_aleatorio/180-600s_20percent,32,0,SIM_ORPHAN_HIGH,2,FORM_NEW_CLUST,91.8139
rl3,cenario2_tempo_aleatorio/180-600s_20percent,32,1,SIM_EXISTING_HIGH,0,DO_NOT_ALLOC,-0.5
rl3,cenario2_tempo_aleatorio/180-600s_20percent,32,1,SIM_EXISTING_HIGH,1,REALLOC_EXIST,1.99
rl3,cenario2_tempo_aleatorio/180-600s_20percent,32,1,SIM_EXISTING_HIGH,2,FORM_NEW_CLUST,0.0
rl3,cenario2_tempo_aleatorio/180-600s_20percent,32,2,SIM_ORPHAN_LOW,0,DO_NOT_ALLOC,0.0
rl3,cenario2_tempo_aleatorio/180-600s_20percent,32,2,SIM_ORPHAN_LOW,1,REALLOC_EXIST,48.4864
rl3,cenario2_tempo_aleatorio/180-600s_20percent,32,2,SIM_ORPHAN_LOW,2,FORM_NEW_CLUST,8.04871
rl3,cenario2_tempo_aleatorio/180-600s_20percent,32,3,SIM_EXISTING_LOW,0,DO_NOT_ALLOC,0.0
rl3,cenario2_tempo_aleatorio/180-600s_20percent,32,3,SIM_EXISTING_LOW,1,REALLOC_EXIST,0.0
rl3,cenario2_tempo_aleatorio/180-600s_20percent,32,3,SIM_EXISTING_LOW,2,FORM_NEW_CLUST,0.0
rl3,cenario2_tempo_aleatorio/180-600s_20percent,33,0,SIM_ORPHAN_HIGH,0,DO_NOT_ALLOC,76.4985
rl3,cenario2_tempo_aleatorio/180-600s_20percent,33,0,SIM_ORPHAN_HIGH,1,REALLOC_EXIST,99.9045
rl3,cenario2_tempo_aleatorio/180-600s_20percent,33,0,SIM_ORPHAN_HIGH,2,FORM_NEW_CLUST,92.6222
rl3,cenario2_tempo_aleatorio/180-600s_20percent,33,1,SIM_EXISTING_HIGH,0,DO_NOT_ALLOC,-0.5
rl3,cenario2_tempo_aleatorio/180-600s_20percent,33,1,SIM_EXISTING_HIGH,1,REALLOC_EXIST,1.99
rl3,cenario2_tempo_aleatorio/180-600s_20percent,33,1,SIM_EXISTING_HIGH,2,FORM_NEW_CLUST,0.0
rl3,cenario2_tempo_aleatorio/180-600s_20percent,33,2,SIM_ORPHAN_LOW,0,DO_NOT_ALLOC,0.0
rl3,cenario2_tempo_aleatorio/180-600s_20percent,33,2,SIM_ORPHAN_LOW,1,REALLOC_EXIST,48.4864
rl3,cenario2_tempo_aleatorio/180-600s_20percent,33,2,SIM_ORPHAN_LOW,2,FORM_NEW_CLUST,8.04871
rl3,cenario2_tempo_aleatorio/180-600s_20percent,33,3,SIM_EXISTING_LOW,0,DO_NOT_ALLOC,0.0
rl3,cenario2_tempo_aleatorio/180-600s_20percent,33,3,SIM_EXISTING_LOW,1,REALLOC_EXIST,0.0
rl3,cenario2_tempo_aleatorio/180-600s_20percent,33,3,SIM_EXISTING_LOW,2,FORM_NEW_CLUST,0.0
rl3,cenario2_tempo_aleatorio/180-600s_20percent,34,0,SIM_ORPHAN_HIGH,0,DO_NOT_ALLOC,76.4985
rl3,cenario2_tempo_aleatorio/180-600s_20percent,34,0,SIM_ORPHAN_HIGH,1,REALLOC_EXIST,99.9045
rl3,cenario2_tempo_aleatorio/180-600s_20percent,34,0,SIM_ORPHAN_HIGH,2,FORM_NEW_CLUST,92.6222
rl3,cenario2_tempo_aleatorio/180-600s_20percent,34,1,SIM_EXISTING_HIGH,0,DO_NOT_ALLOC,-0.5
rl3,cenario2_tempo_aleatorio/180-600s_20percent,34,1,SIM_EXISTING_HIGH,1,REALLOC_EXIST,1.99
rl3,cenario2_tempo_aleatorio/180-600s_20percent,34,1,SIM_EXISTING_HIGH,2,FORM_NEW_CLUST,0.0
rl3,cenario2_tempo_aleatorio/180-600s_20percent,34,2,SIM_ORPHAN_LOW,0,DO_NOT_ALLOC,0.0
rl3,cenario2_tempo_aleatorio/180-600s_20percent,34,2,SIM_ORPHAN_LOW,1,REALLOC_EXIST,54.7957
rl3,cenario2_tempo_aleatorio/180-600s_20percent,34,2,SIM_ORPHAN_LOW,2,FORM_NEW_CLUST,8.04871
rl3,cenario2_tempo_aleatorio/180-600s_20percent,34,3,SIM_EXISTING_LOW,0,DO_NOT_ALLOC,0.0
rl3,cenario2_tempo_aleatorio/180-600s_20percent,34,3,SIM_EXISTING_LOW,1,REALLOC_EXIST,0.0
rl3,cenario2_tempo_aleatorio/180-600s_20percent,34,3,SIM_EXISTING_LOW,2,FORM_NEW_CLUST,0.0
rl3,cenario2_tempo_aleatorio/180-600s_20percent,35,0,SIM_ORPHAN_HIGH,0,DO_NOT_ALLOC,78.0998
rl3,cenario2_tempo_aleatorio/180-600s_20percent,35,0,SIM_ORPHAN_HIGH,1,REALLOC_EXIST,99.9439
rl3,cenario2_tempo_aleatorio/180-600s_20percent,35,0,SIM_ORPHAN_HIGH,2,FORM_NEW_CLUST,93.3545
rl3,cenario2_tempo_aleatorio/180-600s_20percent,35,1,SIM_EXISTING_HIGH,0,DO_NOT_ALLOC,-0.5
rl3,cenario2_tempo_aleatorio/180-600s_20percent,35,1,SIM_EXISTING_HIGH,1,REALLOC_EXIST,1.99
rl3,cenario2_tempo_aleatorio/180-600s_20percent,35,1,SIM_EXISTING_HIGH,2,FORM_NEW_CLUST,0.0
rl3,cenario2_tempo_aleatorio/180-600s_20percent,35,2,SIM_ORPHAN_LOW,0,DO_NOT_ALLOC,0.0
rl3,cenario2_tempo_aleatorio/180-600s_20percent,35,2,SIM_ORPHAN_LOW,1,REALLOC_EXIST,54.7957
rl3,cenario2_tempo_aleatorio/180-600s_20percent,35,2,SIM_ORPHAN_LOW,2,FORM_NEW_CLUST,8.04871
rl3,cenario2_tempo_aleatorio/180-600s_20percent,35,3,SIM_EXISTING_LOW,0,DO_NOT_ALLOC,0.0
rl3,cenario2_tempo_aleatorio/180-600s_20percent,35,3,SIM_EXISTING_LOW,1,REALLOC_EXIST,0.0
rl3,cenario2_tempo_aleatorio/180-600s_20percent,35,3,SIM_EXISTING_LOW,2,FORM_NEW_CLUST,0.0
rl3,cenario2_tempo_aleatorio/180-600s_30percent,1,0,SIM_ORPHAN_HIGH,0,DO_NOT_ALLOC,-0.3209
rl3,cenario2_tempo_aleatorio/180-600s_30percent,1,0,SIM_ORPHAN_HIGH,1,REALLOC_EXIST,0.0
rl3,cenario2_tempo_aleatorio/180-600s_30percent,1,0,SIM_ORPHAN_HIGH,2,FORM_NEW_CLUST,19.0272
rl3,cenario2_tempo_aleatorio/180-600s_30percent,1,1,SIM_EXISTING_HIGH,0,DO_NOT_ALLOC,0.0
rl3,cenario2_tempo_aleatorio/180-600s_30percent,1,1,SIM_EXISTING_HIGH,1,REALLOC_EXIST,0.0
rl3,cenario2_tempo_aleatorio/180-600s_30percent,1,1,SIM_EXISTING_HIGH,2,FORM_NEW_CLUST,0.0
rl3,cenario2_tempo_aleatorio/180-600s_30percent,1,2,SIM_ORPHAN_LOW,0,DO_NOT_ALLOC,0.0
rl3,cenario2_tempo_aleatorio/180-600s_30percent,1,2,SIM_ORPHAN_LOW,1,REALLOC_EXIST,0.0
rl3,cenario2_tempo_aleatorio/180-600s_30percent,1,2,SIM_ORPHAN_LOW,2,FORM_NEW_CLUST,0.0
rl3,cenario2_tempo_aleatorio/180-600s_30percent,1,3,SIM_EXISTING_LOW,0,DO_NOT_ALLOC,0.0
rl3,cenario2_tempo_aleatorio/180-600s_30percent,1,3,SIM_EXISTING_LOW,1,REALLOC_EXIST,0.0
rl3,cenario2_tempo_aleatorio/180-600s_30percent,1,3,SIM_EXISTING_LOW,2,FORM_NEW_CLUST,0.0
rl3,cenario2_tempo_aleatorio/180-600s_30percent,2,0,SIM_ORPHAN_HIGH,0,DO_NOT_ALLOC,-0.3209
rl3,cenario2_tempo_aleatorio/180-600s_30percent,2,0,SIM_ORPHAN_HIGH,1,REALLOC_EXIST,0.0
rl3,cenario2_tempo_aleatorio/180-600s_30percent,2,0,SIM_ORPHAN_HIGH,2,FORM_NEW_CLUST,31.7445
rl3,cenario2_tempo_aleatorio/180-600s_30percent,2,1,SIM_EXISTING_HIGH,0,DO_NOT_ALLOC,0.0
rl3,cenario2_tempo_aleatorio/180-600s_30percent,2,1,SIM_EXISTING_HIGH,1,REALLOC_EXIST,0.0
rl3,cenario2_tempo_aleatorio/180-600s_30percent,2,1,SIM_EXISTING_HIGH,2,FORM_NEW_CLUST,0.0
rl3,cenario2_tempo_aleatorio/180-600s_30percent,2,2,SIM_ORPHAN_LOW,0,DO_NOT_ALLOC,0.0
rl3,cenario2_tempo_aleatorio/180-600s_30percent,2,2,SIM_ORPHAN_LOW,1,REALLOC_EXIST,21.4322
rl3,cenario2_tempo_aleatorio/180-600s_30percent,2,2,SIM_ORPHAN_LOW,2,FORM_NEW_CLUST,1.77834
rl3,cenario2_tempo_aleatorio/180-600s_30percent,2,3,SIM_EXISTING_LOW,0,DO_NOT_ALLOC,0.0
rl3,cenario2_tempo_aleatorio/180-600s_30percent,2,3,SIM_EXISTING_LOW,1,REALLOC_EXIST,0.0
rl3,cenario2_tempo_aleatorio/180-600s_30percent,2,3,SIM_EXISTING_LOW,2,FORM_NEW_CLUST,0.0
rl3,cenario2_tempo_aleatorio/180-600s_30percent,3,0,SIM_ORPHAN_HIGH,0,DO_NOT_ALLOC,5.70952
rl3,cenario2_tempo_aleatorio/180-600s_30percent,3,0,SIM_ORPHAN_HIGH,1,REALLOC_EXIST,8.91967
rl3,cenario2_tempo_aleatorio/180-600s_30percent,3,0,SIM_ORPHAN_HIGH,2,FORM_NEW_CLUST,51.5008
rl3,cenario2_tempo_aleatorio/180-600s_30percent,3,1,SIM_EXISTING_HIGH,0,DO_NOT_ALLOC,0.0
rl3,cenario2_tempo_aleatorio/180-600s_30percent,3,1,SIM_EXISTING_HIGH,1,REALLOC_EXIST,0.0
rl3,cenario2_tempo_aleatorio/180-600s_30percent,3,1,SIM_EXISTING_HIGH,2,FORM_NEW_CLUST,0.0
rl3,cenario2_tempo_aleatorio/180-600s_30percent,3,2,SIM_ORPHAN_LOW,0,DO_NOT_ALLOC,0.0
rl3,cenario2_tempo_aleatorio/180-600s_30percent,3,2,SIM_ORPHAN_LOW,1,REALLOC_EXIST,21.4322
rl3,cenario2_tempo_aleatorio/180-600s_30percent,3,2,SIM_ORPHAN_LOW,2,FORM_NEW_CLUST,1.77834
rl3,cenario2_tempo_aleatorio/180-600s_30percent,3,3,SIM_EXISTING_LOW,0,DO_NOT_ALLOC,0.0
rl3,cenario2_tempo_aleatorio/180-600s_30percent,3,3,SIM_EXISTING_LOW,1,REALLOC_EXIST,0.0
rl3,cenario2_tempo_aleatorio/180-600s_30percent,3,3,SIM_EXISTING_LOW,2,FORM_NEW_CLUST,0.0
rl3,cenario2_tempo_aleatorio/180-600s_30percent,4,0,SIM_ORPHAN_HIGH,0,DO_NOT_ALLOC,13.6864
rl3,cenario2_tempo_aleatorio/180-600s_30percent,4,0,SIM_ORPHAN_HIGH,1,REALLOC_EXIST,13.7924
rl3,cenario2_tempo_aleatorio/180-600s_30percent,4,0,SIM_ORPHAN_HIGH,2,FORM_NEW_CLUST,59.9315
rl3,cenario2_tempo_aleatorio/180-600s_30percent,4,1,SIM_EXISTING_HIGH,0,DO_NOT_ALLOC,0.0
rl3,cenario2_tempo_aleatorio/180-600s_30percent,4,1,SIM_EXISTING_HIGH,1,REALLOC_EXIST,0.0
rl3,cenario2_tempo_aleatorio/180-600s_30percent,4,1,SIM_EXISTING_HIGH,2,FORM_NEW_CLUST,0.0
rl3,cenario2_tempo_aleatorio/180-600s_30percent,4,2,SIM_ORPHAN_LOW,0,DO_NOT_ALLOC,0.0
rl3,cenario2_tempo_aleatorio/180-600s_30percent,4,2,SIM_ORPHAN_LOW,1,REALLOC_EXIST,39.4994
rl3,cenario2_tempo_aleatorio/180-600s_30percent,4,2,SIM_ORPHAN_LOW,2,FORM_NEW_CLUST,1.77834
rl3,cenario2_tempo_aleatorio/180-600s_30percent,4,3,SIM_EXISTING_LOW,0,DO_NOT_ALLOC,0.0
rl3,cenario2_tempo_aleatorio/180-600s_30percent,4,3,SIM_EXISTING_LOW,1,REALLOC_EXIST,0.0
rl3,cenario2_tempo_aleatorio/180-600s_30percent,4,3,SIM_EXISTING_LOW,2,FORM_NEW_CLUST,0.0
rl3,cenario2_tempo_aleatorio/180-600s_30percent,5,0,SIM_ORPHAN_HIGH,0,DO_NOT_ALLOC,28.8086
rl3,cenario2_tempo_aleatorio/180-600s_30percent,5,0,SIM_ORPHAN_HIGH,1,REALLOC_EXIST,13.7924
rl3,cenario2_tempo_aleatorio/180-600s_30percent,5,0,SIM_ORPHAN_HIGH,2,FORM_NEW_CLUST,73.1953
rl3,cenario2_tempo_aleatorio/180-600s_30percent,5,1,SIM_EXISTING_HIGH,0,DO_NOT_ALLOC,0.0
rl3,cenario2_tempo_aleatorio/180-600s_30percent,5,1,SIM_EXISTING_HIGH,1,REALLOC_EXIST,0.0
rl3,cenario2_tempo_aleatorio/180-600s_30percent,5,1,SIM_EXISTING_HIGH,2,FORM_NEW_CLUST,0.0
rl3,cenario2_tempo_aleatorio/180-600s_30percent,5,2,SIM_ORPHAN_LOW,0,DO_NOT_ALLOC,0.0
rl3,cenario2_tempo_aleatorio/180-600s_30percent,5,2,SIM_ORPHAN_LOW,1,REALLOC_EXIST,39.4994
rl3,cenario2_tempo_aleatorio/180-600s_30percent,5,2,SIM_ORPHAN_LOW,2,FORM_NEW_CLUST,1.77834
rl3,cenario2_tempo_aleatorio/180-600s_30percent,5,3,SIM_EXISTING_LOW,0,DO_NOT_ALLOC,0.0
rl3,cenario2_tempo_aleatorio/180-600s_30percent,5,3,SIM_EXISTING_LOW,1,REALLOC_EXIST,0.0
rl3,cenario2_tempo_aleatorio/180-600s_30percent,5,3,SIM_EXISTING_LOW,2,FORM_NEW_CLUST,0.0
rl3,cenario2_tempo_aleatorio/180-600s_30percent,6,0,SIM_ORPHAN_HIGH,0,DO_NOT_ALLOC,28.8086
rl3,cenario2_tempo_aleatorio/180-600s_30percent,6,0,SIM_ORPHAN_HIGH,1,REALLOC_EXIST,20.5178
rl3,cenario2_tempo_aleatorio/180-600s_30percent,6,0,SIM_ORPHAN_HIGH,2,FORM_NEW_CLUST,82.2477
rl3,cenario2_tempo_aleatorio/180-600s_30percent,6,1,SIM_EXISTING_HIGH,0,DO_NOT_ALLOC,0.0
rl3,cenario2_tempo_aleatorio/180-600s_30percent,6,1,SIM_EXISTING_HIGH,1,REALLOC_EXIST,0.0
rl3,cenario2_tempo_aleatorio/180-600s_30percent,6,1,SIM_EXISTING_HIGH,2,FORM_NEW_CLUST,0.0
rl3,cenario2_tempo_aleatorio/180-600s_30percent,6,2,SIM_ORPHAN_LOW,0,DO_NOT_ALLOC,0.0
rl3,cenario2_tempo_aleatorio/180-600s_30percent,6,2,SIM_ORPHAN_LOW,1,REALLOC_EXIST,45.2843
rl3,cenario2_tempo_aleatorio/180-600s_30percent,6,2,SIM_ORPHAN_LOW,2,FORM_NEW_CLUST,1.77834
rl3,cenario2_tempo_aleatorio/180-600s_30percent,6,3,SIM_EXISTING_LOW,0,DO_NOT_ALLOC,0.0
rl3,cenario2_tempo_aleatorio/180-600s_30percent,6,3,SIM_EXISTING_LOW,1,REALLOC_EXIST,0.0
rl3,cenario2_tempo_aleatorio/180-600s_30percent,6,3,SIM_EXISTING_LOW,2,FORM_NEW_CLUST,0.0
rl3,cenario2_tempo_aleatorio/180-600s_30percent,7,0,SIM_ORPHAN_HIGH,0,DO_NOT_ALLOC,32.846
rl3,cenario2_tempo_aleatorio/180-600s_30percent,7,0,SIM_ORPHAN_HIGH,1,REALLOC_EXIST,38.357
rl3,cenario2_tempo_aleatorio/180-600s_30percent,7,0,SIM_ORPHAN_HIGH,2,FORM_NEW_CLUST,90.3838
rl3,cenario2_tempo_aleatorio/180-600s_30percent,7,1,SIM_EXISTING_HIGH,0,DO_NOT_ALLOC,0.0
rl3,cenario2_tempo_aleatorio/180-600s_30percent,7,1,SIM_EXISTING_HIGH,1,REALLOC_EXIST,0.0
rl3,cenario2_tempo_aleatorio/180-600s_30percent,7,1,SIM_EXISTING_HIGH,2,FORM_NEW_CLUST,0.0
rl3,cenario2_tempo_aleatorio/180-600s_30percent,7,2,SIM_ORPHAN_LOW,0,DO_NOT_ALLOC,0.0
rl3,cenario2_tempo_aleatorio/180-600s_30percent,7,2,SIM_ORPHAN_LOW,1,REALLOC_EXIST,45.2843
rl3,cenario2_tempo_aleatorio/180-600s_30percent,7,2,SIM_ORPHAN_LOW,2,FORM_NEW_CLUST,1.77834
rl3,cenario2_tempo_aleatorio/180-600s_30percent,7,3,SIM_EXISTING_LOW,0,DO_NOT_ALLOC,0.0
rl3,cenario2_tempo_aleatorio/180-600s_30percent,7,3,SIM_EXISTING_LOW,1,REALLOC_EXIST,0.0
rl3,cenario2_tempo_aleatorio/180-600s_30percent,7,3,SIM_EXISTING_LOW,2,FORM_NEW_CLUST,0.0
rl3,cenario2_tempo_aleatorio/180-600s_30percent,8,0,SIM_ORPHAN_HIGH,0,DO_NOT_ALLOC,41.3358
rl3,cenario2_tempo_aleatorio/180-600s_30percent,8,0,SIM_ORPHAN_HIGH,1,REALLOC_EXIST,43.777
rl3,cenario2_tempo_aleatorio/180-600s_30percent,8,0,SIM_ORPHAN_HIGH,2,FORM_NEW_CLUST,92.0554
rl3,cenario2_tempo_aleatorio/180-600s_30percent,8,1,SIM_EXISTING_HIGH,0,DO_NOT_ALLOC,0.0
rl3,cenario2_tempo_aleatorio/180-600s_30percent,8,1,SIM_EXISTING_HIGH,1,REALLOC_EXIST,0.0
rl3,cenario2_tempo_aleatorio/180-600s_30percent,8,1,SIM_EXISTING_HIGH,2,FORM_NEW_CLUST,0.0
rl3,cenario2_tempo_aleatorio/180-600s_30percent,8,2,SIM_ORPHAN_LOW,0,DO_NOT_ALLOC,0.0
rl3,cenario2_tempo_aleatorio/180-600s_30percent,8,2,SIM_ORPHAN_LOW,1,REALLOC_EXIST,45.2843
rl3,cenario2_tempo_aleatorio/180-600s_30percent,8,2,SIM_ORPHAN_LOW,2,FORM_NEW_CLUST,1.77834
rl3,cenario2_tempo_aleatorio/180-600s_30percent,8,3,SIM_EXISTING_LOW,0,DO_NOT_ALLOC,0.0
rl3,cenario2_tempo_aleatorio/180-600s_30percent,8,3,SIM_EXISTING_LOW,1,REALLOC_EXIST,0.0
rl3,cenario2_tempo_aleatorio/180-600s_30percent,8,3,SIM_EXISTING_LOW,2,FORM_NEW_CLUST,0.0
rl3,cenario2_tempo_aleatorio/180-600s_30percent,9,0,SIM_ORPHAN_HIGH,0,DO_NOT_ALLOC,41.3358
rl3,cenario2_tempo_aleatorio/180-600s_30percent,9,0,SIM_ORPHAN_HIGH,1,REALLOC_EXIST,48.7527
rl3,cenario2_tempo_aleatorio/180-600s_30percent,9,0,SIM_ORPHAN_HIGH,2,FORM_NEW_CLUST,93.4364
rl3,cenario2_tempo_aleatorio/180-600s_30percent,9,1,SIM_EXISTING_HIGH,0,DO_NOT_ALLOC,0.0
rl3,cenario2_tempo_aleatorio/180-600s_30percent,9,1,SIM_EXISTING_HIGH,1,REALLOC_EXIST,0.0
rl3,cenario2_tempo_aleatorio/180-600s_30percent,9,1,SIM_EXISTING_HIGH,2,FORM_NEW_CLUST,0.0
rl3,cenario2_tempo_aleatorio/180-600s_30percent,9,2,SIM_ORPHAN_LOW,0,DO_NOT_ALLOC,3.57559
rl3,cenario2_tempo_aleatorio/180-600s_30percent,9,2,SIM_ORPHAN_LOW,1,REALLOC_EXIST,47.9659
rl3,cenario2_tempo_aleatorio/180-600s_30percent,9,2,SIM_ORPHAN_LOW,2,FORM_NEW_CLUST,11.4136
rl3,cenario2_tempo_aleatorio/180-600s_30percent,9,3,SIM_EXISTING_LOW,0,DO_NOT_ALLOC,0.0
rl3,cenario2_tempo_aleatorio/180-600s_30percent,9,3,SIM_EXISTING_LOW,1,REALLOC_EXIST,0.0
rl3,cenario2_tempo_aleatorio/180-600s_30percent,9,3,SIM_EXISTING_LOW,2,FORM_NEW_CLUST,0.0
rl3,cenario2_tempo_aleatorio/180-600s_30percent,10,0,SIM_ORPHAN_HIGH,0,DO_NOT_ALLOC,48.7985
rl3,cenario2_tempo_aleatorio/180-600s_30percent,10,0,SIM_ORPHAN_HIGH,1,REALLOC_EXIST,53.3991
rl3,cenario2_tempo_aleatorio/180-600s_30percent,10,0,SIM_ORPHAN_HIGH,2,FORM_NEW_CLUST,95.5648
rl3,cenario2_tempo_aleatorio/180-600s_30percent,10,1,SIM_EXISTING_HIGH,0,DO_NOT_ALLOC,0.0
rl3,cenario2_tempo_aleatorio/180-600s_30percent,10,1,SIM_EXISTING_HIGH,1,REALLOC_EXIST,0.0
rl3,cenario2_tempo_aleatorio/180-600s_30percent,10,1,SIM_EXISTING_HIGH,2,FORM_NEW_CLUST,0.0
rl3,cenario2_tempo_aleatorio/180-600s_30percent,10,2,SIM_ORPHAN_LOW,0,DO_NOT_ALLOC,3.57559
rl3,cenario2_tempo_aleatorio/180-600s_30percent,10,2,SIM_ORPHAN_LOW,1,REALLOC_EXIST,47.9659
rl3,cenario2_tempo_aleatorio/180-600s_30percent,10,2,SIM_ORPHAN_LOW,2,FORM_NEW_CLUST,11.4136
rl3,cenario2_tempo_aleatorio/180-600s_30percent,10,3,SIM_EXISTING_LOW,0,DO_NOT_ALLOC,0.0
rl3,cenario2_tempo_aleatorio/180-600s_30percent,10,3,SIM_EXISTING_LOW,1,REALLOC_EXIST,0.0
rl3,cenario2_tempo_aleatorio/180-600s_30percent,10,3,SIM_EXISTING_LOW,2,FORM_NEW_CLUST,0.0
rl3,cenario2_tempo_aleatorio/180-600s_30percent,11,0,SIM_ORPHAN_HIGH,0,DO_NOT_ALLOC,48.7985
rl3,cenario2_tempo_aleatorio/180-600s_30percent,11,0,SIM_ORPHAN_HIGH,1,REALLOC_EXIST,57.6834
rl3,cenario2_tempo_aleatorio/180-600s_30percent,11,0,SIM_ORPHAN_HIGH,2,FORM_NEW_CLUST,97.3701
rl3,cenario2_tempo_aleatorio/180-600s_30percent,11,1,SIM_EXISTING_HIGH,0,DO_NOT_ALLOC,0.0
rl3,cenario2_tempo_aleatorio/180-600s_30percent,11,1,SIM_EXISTING_HIGH,1,REALLOC_EXIST,0.0
rl3,cenario2_tempo_aleatorio/180-600s_30percent,11,1,SIM_EXISTING_HIGH,2,FORM_NEW_CLUST,-1.0
rl3,cenario2_tempo_aleatorio/180-600s_30percent,11,2,SIM_ORPHAN_LOW,0,DO_NOT_ALLOC,3.57559
rl3,cenario2_tempo_aleatorio/180-600s_30percent,11,2,SIM_ORPHAN_LOW,1,REALLOC_EXIST,47.9659
rl3,cenario2_tempo_aleatorio/180-600s_30percent,11,2,SIM_ORPHAN_LOW,2,FORM_NEW_CLUST,11.4136
rl3,cenario2_tempo_aleatorio/180-600s_30percent,11,3,SIM_EXISTING_LOW,0,DO_NOT_ALLOC,0.0
rl3,cenario2_tempo_aleatorio/180-600s_30percent,11,3,SIM_EXISTING_LOW,1,REALLOC_EXIST,0.0
rl3,cenario2_tempo_aleatorio/180-600s_30percent,11,3,SIM_EXISTING_LOW,2,FORM_NEW_CLUST,0.0
rl3,cenario2_tempo_aleatorio/180-600s_30percent,12,0,SIM_ORPHAN_HIGH,0,DO_NOT_ALLOC,52.2046
rl3,cenario2_tempo_aleatorio/180-600s_30percent,12,0,SIM_ORPHAN_HIGH,1,REALLOC_EXIST,57.6834
rl3,cenario2_tempo_aleatorio/180-600s_30percent,12,0,SIM_ORPHAN_HIGH,2,FORM_NEW_CLUST,97.9129
rl3,cenario2_tempo_aleatorio/180-600s_30percent,12,1,SIM_EXISTING_HIGH,0,DO_NOT_ALLOC,0.0
rl3,cenario2_tempo_aleatorio/180-600s_30percent,12,1,SIM_EXISTING_HIGH,1,REALLOC_EXIST,0.0
rl3,cenario2_tempo_aleatorio/180-600s_30percent,12,1,SIM_EXISTING_HIGH,2,FORM_NEW_CLUST,-1.0
rl3,cenario2_tempo_aleatorio/180-600s_30percent,12,2,SIM_ORPHAN_LOW,0,DO_NOT_ALLOC,3.57559
rl3,cenario2_tempo_aleatorio/180-600s_30percent,12,2,SIM_ORPHAN_LOW,1,REALLOC_EXIST,58.2879
rl3,cenario2_tempo_aleatorio/180-600s_30percent,12,2,SIM_ORPHAN_LOW,2,FORM_NEW_CLUST,20.0868
rl3,cenario2_tempo_aleatorio/180-600s_30percent,12,3,SIM_EXISTING_LOW,0,DO_NOT_ALLOC,0.0
rl3,cenario2_tempo_aleatorio/180-600s_30percent,12,3,SIM_EXISTING_LOW,1,REALLOC_EXIST,0.0
rl3,cenario2_tempo_aleatorio/180-600s_30percent,12,3,SIM_EXISTING_LOW,2,FORM_NEW_CLUST,0.0
rl3,cenario2_tempo_aleatorio/180-600s_30percent,13,0,SIM_ORPHAN_HIGH,0,DO_NOT_ALLOC,60.7607
rl3,cenario2_tempo_aleatorio/180-600s_30percent,13,0,SIM_ORPHAN_HIGH,1,REALLOC_EXIST,68.7495
rl3,cenario2_tempo_aleatorio/180-600s_30percent,13,0,SIM_ORPHAN_HIGH,2,FORM_NEW_CLUST,98.7992
rl3,cenario2_tempo_aleatorio/180-600s_30percent,13,1,SIM_EXISTING_HIGH,0,DO_NOT_ALLOC,0.0
rl3,cenario2_tempo_aleatorio/180-600s_30percent,13,1,SIM_EXISTING_HIGH,1,REALLOC_EXIST,0.0
rl3,cenario2_tempo_aleatorio/180-600s_30percent,13,1,SIM_EXISTING_HIGH,2,FORM_NEW_CLUST,-1.0
rl3,cenario2_tempo_aleatorio/180-600s_30percent,13,2,SIM_ORPHAN_LOW,0,DO_NOT_ALLOC,3.57559
rl3,cenario2_tempo_aleatorio/180-600s_30percent,13,2,SIM_ORPHAN_LOW,1,REALLOC_EXIST,58.2879
rl3,cenario2_tempo_aleatorio/180-600s_30percent,13,2,SIM_ORPHAN_LOW,2,FORM_NEW_CLUST,20.0868
rl3,cenario2_tempo_aleatorio/180-600s_30percent,13,3,SIM_EXISTING_LOW,0,DO_NOT_ALLOC,0.0
rl3,cenario2_tempo_aleatorio/180-600s_30percent,13,3,SIM_EXISTING_LOW,1,REALLOC_EXIST,0.0
rl3,cenario2_tempo_aleatorio/180-600s_30percent,13,3,SIM_EXISTING_LOW,2,FORM_NEW_CLUST,0.0
rl3,cenario2_tempo_aleatorio/180-600s_30percent,14,0,SIM_ORPHAN_HIGH,0,DO_NOT_ALLOC,60.7607
rl3,cenario2_tempo_aleatorio/180-600s_30percent,14,0,SIM_ORPHAN_HIGH,1,REALLOC_EXIST,74.5114
rl3,cenario2_tempo_aleatorio/180-600s_30percent,14,0,SIM_ORPHAN_HIGH,2,FORM_NEW_CLUST,98.9878
rl3,cenario2_tempo_aleatorio/180-600s_30percent,14,1,SIM_EXISTING_HIGH,0,DO_NOT_ALLOC,0.0
rl3,cenario2_tempo_aleatorio/180-600s_30percent,14,1,SIM_EXISTING_HIGH,1,REALLOC_EXIST,0.0
rl3,cenario2_tempo_aleatorio/180-600s_30percent,14,1,SIM_EXISTING_HIGH,2,FORM_NEW_CLUST,-1.0
rl3,cenario2_tempo_aleatorio/180-600s_30percent,14,2,SIM_ORPHAN_LOW,0,DO_NOT_ALLOC,3.57559
rl3,cenario2_tempo_aleatorio/180-600s_30percent,14,2,SIM_ORPHAN_LOW,1,REALLOC_EXIST,58.2879
rl3,cenario2_tempo_aleatorio/180-600s_30percent,14,2,SIM_ORPHAN_LOW,2,FORM_NEW_CLUST,20.0868
rl3,cenario2_tempo_aleatorio/180-600s_30percent,14,3,SIM_EXISTING_LOW,0,DO_NOT_ALLOC,0.0
rl3,cenario2_tempo_aleatorio/180-600s_30percent,14,3,SIM_EXISTING_LOW,1,REALLOC_EXIST,0.0
rl3,cenario2_tempo_aleatorio/180-600s_30percent,14,3,SIM_EXISTING_LOW,2,FORM_NEW_CLUST,0.0
rl3,cenario2_tempo_aleatorio/180-600s_30percent,15,0,SIM_ORPHAN_HIGH,0,DO_NOT_ALLOC,65.2505
rl3,cenario2_tempo_aleatorio/180-600s_30percent,15,0,SIM_ORPHAN_HIGH,1,REALLOC_EXIST,77.0023
rl3,cenario2_tempo_aleatorio/180-600s_30percent,15,0,SIM_ORPHAN_HIGH,2,FORM_NEW_CLUST,99.3937
rl3,cenario2_tempo_aleatorio/180-600s_30percent,15,1,SIM_EXISTING_HIGH,0,DO_NOT_ALLOC,0.0
rl3,cenario2_tempo_aleatorio/180-600s_30percent,15,1,SIM_EXISTING_HIGH,1,REALLOC_EXIST,0.0
rl3,cenario2_tempo_aleatorio/180-600s_30percent,15,1,SIM_EXISTING_HIGH,2,FORM_NEW_CLUST,-1.0
rl3,cenario2_tempo_aleatorio/180-600s_30percent,15,2,SIM_ORPHAN_LOW,0,DO_NOT_ALLOC,3.57559
rl3,cenario2_tempo_aleatorio/180-600s_30percent,15,2,SIM_ORPHAN_LOW,1,REALLOC_EXIST,62.6536
rl3,cenario2_tempo_aleatorio/180-600s_30percent,15,2,SIM_ORPHAN_LOW,2,FORM_NEW_CLUST,24.324
rl3,cenario2_tempo_aleatorio/180-600s_30percent,15,3,SIM_EXISTING_LOW,0,DO_NOT_ALLOC,0.0
rl3,cenario2_tempo_aleatorio/180-600s_30percent,15,3,SIM_EXISTING_LOW,1,REALLOC_EXIST,0.0
rl3,cenario2_tempo_aleatorio/180-600s_30percent,15,3,SIM_EXISTING_LOW,2,FORM_NEW_CLUST,0.0
rl3,cenario2_tempo_aleatorio/180-600s_30percent,16,0,SIM_ORPHAN_HIGH,0,DO_NOT_ALLOC,68.9272
rl3,cenario2_tempo_aleatorio/180-600s_30percent,16,0,SIM_ORPHAN_HIGH,1,REALLOC_EXIST,79.2596
rl3,cenario2_tempo_aleatorio/180-600s_30percent,16,0,SIM_ORPHAN_HIGH,2,FORM_NEW_CLUST,99.6969
rl3,cenario2_tempo_aleatorio/180-600s_30percent,16,1,SIM_EXISTING_HIGH,0,DO_NOT_ALLOC,0.0
rl3,cenario2_tempo_aleatorio/180-600s_30percent,16,1,SIM_EXISTING_HIGH,1,REALLOC_EXIST,0.0
rl3,cenario2_tempo_aleatorio/180-600s_30percent,16,1,SIM_EXISTING_HIGH,2,FORM_NEW_CLUST,-1.0
rl3,cenario2_tempo_aleatorio/180-600s_30percent,16,2,SIM_ORPHAN_LOW,0,DO_NOT_ALLOC,3.57559
rl3,cenario2_tempo_aleatorio/180-600s_30percent,16,2,SIM_ORPHAN_LOW,1,REALLOC_EXIST,62.6536
rl3,cenario2_tempo_aleatorio/180-600s_30percent,16,2,SIM_ORPHAN_LOW,2,FORM_NEW_CLUST,24.324
rl3,cenario2_tempo_aleatorio/180-600s_30percent,16,3,SIM_EXISTING_LOW,0,DO_NOT_ALLOC,0.0
rl3,cenario2_tempo_aleatorio/180-600s_30percent,16,3,SIM_EXISTING_LOW,1,REALLOC_EXIST,0.0
rl3,cenario2_tempo_aleatorio/180-600s_30percent,16,3,SIM_EXISTING_LOW,2,FORM_NEW_CLUST,0.0
rl3,cenario2_tempo_aleatorio/180-600s_30percent,17,0,SIM_ORPHAN_HIGH,0,DO_NOT_ALLOC,71.9438
rl3,cenario2_tempo_aleatorio/180-600s_30percent,17,0,SIM_ORPHAN_HIGH,1,REALLOC_EXIST,83.1658
rl3,cenario2_tempo_aleatorio/180-600s_30percent,17,0,SIM_ORPHAN_HIGH,2,FORM_NEW_CLUST,99.853
rl3,cenario2_tempo_aleatorio/180-600s_30percent,17,1,SIM_EXISTING_HIGH,0,DO_NOT_ALLOC,0.0
rl3,cenario2_tempo_aleatorio/180-600s_30percent,17,1,SIM_EXISTING_HIGH,1,REALLOC_EXIST,0.0
rl3,cenario2_tempo_aleatorio/180-600s_30percent,17,1,SIM_EXISTING_HIGH,2,FORM_NEW_CLUST,-1.0
rl3,cenario2_tempo_aleatorio/180-600s_30percent,17,2,SIM_ORPHAN_LOW,0,DO_NOT_ALLOC,3.57559
rl3,cenario2_tempo_aleatorio/180-600s_30percent,17,2,SIM_ORPHAN_LOW,1,REALLOC_EXIST,62.6536
rl3,cenario2_tempo_aleatorio/180-600s_30percent,17,2,SIM_ORPHAN_LOW,2,FORM_NEW_CLUST,24.324
rl3,cenario2_tempo_aleatorio/180-600s_30percent,17,3,SIM_EXISTING_LOW,0,DO_NOT_ALLOC,0.0
rl3,cenario2_tempo_aleatorio/180-600s_30percent,17,3,SIM_EXISTING_LOW,1,REALLOC_EXIST,0.0
rl3,cenario2_tempo_aleatorio/180-600s_30percent,17,3,SIM_EXISTING_LOW,2,FORM_NEW_CLUST,0.0
rl3,cenario2_tempo_aleatorio/180-600s_30percent,18,0,SIM_ORPHAN_HIGH,0,DO_NOT_ALLOC,71.9438
rl3,cenario2_tempo_aleatorio/180-600s_30percent,18,0,SIM_ORPHAN_HIGH,1,REALLOC_EXIST,86.3416
rl3,cenario2_tempo_aleatorio/180-600s_30percent,18,0,SIM_ORPHAN_HIGH,2,FORM_NEW_CLUST,99.8773
rl3,cenario2_tempo_aleatorio/180-600s_30percent,18,1,SIM_EXISTING_HIGH,0,DO_NOT_ALLOC,0.0
rl3,cenario2_tempo_aleatorio/180-600s_30percent,18,1,SIM_EXISTING_HIGH,1,REALLOC_EXIST,0.0
rl3,cenario2_tempo_aleatorio/180-600s_30percent,18,1,SIM_EXISTING_HIGH,2,FORM_NEW_CLUST,-1.0
rl3,cenario2_tempo_aleatorio/180-600s_30percent,18,2,SIM_ORPHAN_LOW,0,DO_NOT_ALLOC,3.57559
rl3,cenario2_tempo_aleatorio/180-600s_30percent,18,2,SIM_ORPHAN_LOW,1,REALLOC_EXIST,62.6536
rl3,cenario2_tempo_aleatorio/180-600s_30percent,18,2,SIM_ORPHAN_LOW,2,FORM_NEW_CLUST,24.324
rl3,cenario2_tempo_aleatorio/180-600s_30percent,18,3,SIM_EXISTING_LOW,0,DO_NOT_ALLOC,0.0
rl3,cenario2_tempo_aleatorio/180-600s_30percent,18,3,SIM_EXISTING_LOW,1,REALLOC_EXIST,0.0
rl3,cenario2_tempo_aleatorio/180-600s_30percent,18,3,SIM_EXISTING_LOW,2,FORM_NEW_CLUST,0.0
rl3,cenario2_tempo_aleatorio/180-600s_30percent,19,0,SIM_ORPHAN_HIGH,0,DO_NOT_ALLOC,71.9438
rl3,cenario2_tempo_aleatorio/180-600s_30percent,19,0,SIM_ORPHAN_HIGH,1,REALLOC_EXIST,87.6964
rl3,cenario2_tempo_aleatorio/180-600s_30percent,19,0,SIM_ORPHAN_HIGH,2,FORM_NEW_CLUST,99.9006
rl3,cenario2_tempo_aleatorio/180-600s_30percent,19,1,SIM_EXISTING_HIGH,0,DO_NOT_ALLOC,0.0
rl3,cenario2_tempo_aleatorio/180-600s_30percent,19,1,SIM_EXISTING_HIGH,1,REALLOC_EXIST,0.0
rl3,cenario2_tempo_aleatorio/180-600s_30percent,19,1,SIM_EXISTING_HIGH,2,FORM_NEW_CLUST,-1.0
rl3,cenario2_tempo_aleatorio/180-600s_30percent,19,2,SIM_ORPHAN_LOW,0,DO_NOT_ALLOC,3.57559
rl3,cenario2_tempo_aleatorio/180-600s_30percent,19,2,SIM_ORPHAN_LOW,1,REALLOC_EXIST,68.5191
rl3,cenario2_tempo_aleatorio/180-600s_30percent,19,2,SIM_ORPHAN_LOW,2,FORM_NEW_CLUST,24.324
rl3,cenario2_tempo_aleatorio/180-600s_30percent,19,3,SIM_EXISTING_LOW,0,DO_NOT_ALLOC,0.0
rl3,cenario2_tempo_aleatorio/180-600s_30percent,19,3,SIM_EXISTING_LOW,1,REALLOC_EXIST,0.0
rl3,cenario2_tempo_aleatorio/180-600s_30percent,19,3,SIM_EXISTING_LOW,2,FORM_NEW_CLUST,0.0
rl3,cenario2_tempo_aleatorio/180-600s_30percent,20,0,SIM_ORPHAN_HIGH,0,DO_NOT_ALLOC,74.4098
rl3,cenario2_tempo_aleatorio/180-600s_30percent,20,0,SIM_ORPHAN_HIGH,1,REALLOC_EXIST,88.92
rl3,cenario2_tempo_aleatorio/180-600s_30percent,20,0,SIM_ORPHAN_HIGH,2,FORM_NEW_CLUST,99.9287
rl3,cenario2_tempo_aleatorio/180-600s_30percent,20,1,SIM_EXISTING_HIGH,0,DO_NOT_ALLOC,0.0
rl3,cenario2_tempo_aleatorio/180-600s_30percent,20,1,SIM_EXISTING_HIGH,1,REALLOC_EXIST,0.0
rl3,cenario2_tempo_aleatorio/180-600s_30percent,20,1,SIM_EXISTING_HIGH,2,FORM_NEW_CLUST,-1.0
rl3,cenario2_tempo_aleatorio/180-600s_30percent,20,2,SIM_ORPHAN_LOW,0,DO_NOT_ALLOC,3.57559
rl3,cenario2_tempo_aleatorio/180-600s_30percent,20,2,SIM_ORPHAN_LOW,1,REALLOC_EXIST,68.5191
rl3,cenario2_tempo_aleatorio/180-600s_30percent,20,2,SIM_ORPHAN_LOW,2,FORM_NEW_CLUST,24.324
rl3,cenario2_tempo_aleatorio/180-600s_30percent,20,3,SIM_EXISTING_LOW,0,DO_NOT_ALLOC,0.0
rl3,cenario2_tempo_aleatorio/180-600s_30percent,20,3,SIM_EXISTING_LOW,1,REALLOC_EXIST,0.0
rl3,cenario2_tempo_aleatorio/180-600s_30percent,20,3,SIM_EXISTING_LOW,2,FORM_NEW_CLUST,0.0
rl3,cenario2_tempo_aleatorio/180-600s_30percent,21,0,SIM_ORPHAN_HIGH,0,DO_NOT_ALLOC,75.4627
rl3,cenario2_tempo_aleatorio/180-600s_30percent,21,0,SIM_ORPHAN_HIGH,1,REALLOC_EXIST,90.0231
rl3,cenario2_tempo_aleatorio/180-600s_30percent,21,0,SIM_ORPHAN_HIGH,2,FORM_NEW_CLUST,99.9528
rl3,cenario2_tempo_aleatorio/180-600s_30percent,21,1,SIM_EXISTING_HIGH,0,DO_NOT_ALLOC,0.0
rl3,cenario2_tempo_aleatorio/180-600s_30percent,21,1,SIM_EXISTING_HIGH,1,REALLOC_EXIST,0.0
rl3,cenario2_tempo_aleatorio/180-600s_30percent,21,1,SIM_EXISTING_HIGH,2,FORM_NEW_CLUST,-1.0
rl3,cenario2_tempo_aleatorio/180-600s_30percent,21,2,SIM_ORPHAN_LOW,0,DO_NOT_ALLOC,3.57559
rl3,cenario2_tempo_aleatorio/180-600s_30percent,21,2,SIM_ORPHAN_LOW,1,REALLOC_EXIST,70.3614
rl3,cenario2_tempo_aleatorio/180-600s_30percent,21,2,SIM_ORPHAN_LOW,2,FORM_NEW_CLUST,29.0867
rl3,cenario2_tempo_aleatorio/180-600s_30percent,21,3,SIM_EXISTING_LOW,0,DO_NOT_ALLOC,0.0
rl3,cenario2_tempo_aleatorio/180-600s_30percent,21,3,SIM_EXISTING_LOW,1,REALLOC_EXIST,0.0
rl3,cenario2_tempo_aleatorio/180-600s_30percent,21,3,SIM_EXISTING_LOW,2,FORM_NEW_CLUST,0.0
rl3,cenario2_tempo_aleatorio/180-600s_30percent,22,0,SIM_ORPHAN_HIGH,0,DO_NOT_ALLOC,76.4127
rl3,cenario2_tempo_aleatorio/180-600s_30percent,22,0,SIM_ORPHAN_HIGH,1,REALLOC_EXIST,90.0231
rl3,cenario2_tempo_aleatorio/180-600s_30percent,22,0,SIM_ORPHAN_HIGH,2,FORM_NEW_CLUST,99.9633
rl3,cenario2_tempo_aleatorio/180-600s_30percent,22,1,SIM_EXISTING_HIGH,0,DO_NOT_ALLOC,-0.5
rl3,cenario2_tempo_aleatorio/180-600s_30percent,22,1,SIM_EXISTING_HIGH,1,REALLOC_EXIST,0.0
rl3,cenario2_tempo_aleatorio/180-600s_30percent,22,1,SIM_EXISTING_HIGH,2,FORM_NEW_CLUST,-1.0
rl3,cenario2_tempo_aleatorio/180-600s_30percent,22,2,SIM_ORPHAN_LOW,0,DO_NOT_ALLOC,3.57559
rl3,cenario2_tempo_aleatorio/180-600s_30percent,22,2,SIM_ORPHAN_LOW,1,REALLOC_EXIST,73.4634
rl3,cenario2_tempo_aleatorio/180-600s_30percent,22,2,SIM_ORPHAN_LOW,2,FORM_NEW_CLUST,29.0867
rl3,cenario2_tempo_aleatorio/180-600s_30percent,22,3,SIM_EXISTING_LOW,0,DO_NOT_ALLOC,0.0
rl3,cenario2_tempo_aleatorio/180-600s_30percent,22,3,SIM_EXISTING_LOW,1,REALLOC_EXIST,0.0
rl3,cenario2_tempo_aleatorio/180-600s_30percent,22,3,SIM_EXISTING_LOW,2,FORM_NEW_CLUST,0.0
rl3,cenario2_tempo_aleatorio/180-600s_30percent,23,0,SIM_ORPHAN_HIGH,0,DO_NOT_ALLOC,77.2684
rl3,cenario2_tempo_aleatorio/180-600s_30percent,23,0,SIM_ORPHAN_HIGH,1,REALLOC_EXIST,91.9134
rl3,cenario2_tempo_aleatorio/180-600s_30percent,23,0,SIM_ORPHAN_HIGH,2,FORM_NEW_CLUST,99.9747
rl3,cenario2_tempo_aleatorio/180-600s_30percent,23,1,SIM_EXISTING_HIGH,0,DO_NOT_ALLOC,-0.5
rl3,cenario2_tempo_aleatorio/180-600s_30percent,23,1,SIM_EXISTING_HIGH,1,REALLOC_EXIST,0.0
rl3,cenario2_tempo_aleatorio/180-600s_30percent,23,1,SIM_EXISTING_HIGH,2,FORM_NEW_CLUST,-1.0
rl3,cenario2_tempo_aleatorio/180-600s_30percent,23,2,SIM_ORPHAN_LOW,0,DO_NOT_ALLOC,3.57559
rl3,cenario2_tempo_aleatorio/180-600s_30percent,23,2,SIM_ORPHAN_LOW,1,REALLOC_EXIST,73.4634
rl3,cenario2_tempo_aleatorio/180-600s_30percent,23,2,SIM_ORPHAN_LOW,2,FORM_NEW_CLUST,29.0867
rl3,cenario2_tempo_aleatorio/180-600s_30percent,23,3,SIM_EXISTING_LOW,0,DO_NOT_ALLOC,0.0
rl3,cenario2_tempo_aleatorio/180-600s_30percent,23,3,SIM_EXISTING_LOW,1,REALLOC_EXIST,0.0
rl3,cenario2_tempo_aleatorio/180-600s_30percent,23,3,SIM_EXISTING_LOW,2,FORM_NEW_CLUST,0.0
rl3,cenario2_tempo_aleatorio/180-600s_30percent,24,0,SIM_ORPHAN_HIGH,0,DO_NOT_ALLOC,78.7344
rl3,cenario2_tempo_aleatorio/180-600s_30percent,24,0,SIM_ORPHAN_HIGH,1,REALLOC_EXIST,91.9134
rl3,cenario2_tempo_aleatorio/180-600s_30percent,24,0,SIM_ORPHAN_HIGH,2,FORM_NEW_CLUST,99.9844
rl3,cenario2_tempo_aleatorio/180-600s_30percent,24,1,SIM_EXISTING_HIGH,0,DO_NOT_ALLOC,-0.5
rl3,cenario2_tempo_aleatorio/180-600s_30percent,24,1,SIM_EXISTING_HIGH,1,REALLOC_EXIST,0.0
rl3,cenario2_tempo_aleatorio/180-600s_30percent,24,1,SIM_EXISTING_HIGH,2,FORM_NEW_CLUST,-1.0
rl3,cenario2_tempo_aleatorio/180-600s_30percent,24,2,SIM_ORPHAN_LOW,0,DO_NOT_ALLOC,3.57559
rl3,cenario2_tempo_aleatorio/180-600s_30percent,24,2,SIM_ORPHAN_LOW,1,REALLOC_EXIST,75.5135
rl3,cenario2_tempo_aleatorio/180-600s_30percent,24,2,SIM_ORPHAN_LOW,2,FORM_NEW_CLUST,29.0867
rl3,cenario2_tempo_aleatorio/180-600s_30percent,24,3,SIM_EXISTING_LOW,0,DO_NOT_ALLOC,0.0
rl3,cenario2_tempo_aleatorio/180-600s_30percent,24,3,SIM_EXISTING_LOW,1,REALLOC_EXIST,0.0
rl3,cenario2_tempo_aleatorio/180-600s_30percent,24,3,SIM_EXISTING_LOW,2,FORM_NEW_CLUST,0.0
rl3,cenario2_tempo_aleatorio/180-600s_30percent,25,0,SIM_ORPHAN_HIGH,0,DO_NOT_ALLOC,79.9228
rl3,cenario2_tempo_aleatorio/180-600s_30percent,25,0,SIM_ORPHAN_HIGH,1,REALLOC_EXIST,94.1017
rl3,cenario2_tempo_aleatorio/180-600s_30percent,25,0,SIM_ORPHAN_HIGH,2,FORM_NEW_CLUST,99.9912
rl3,cenario2_tempo_aleatorio/180-600s_30percent,25,1,SIM_EXISTING_HIGH,0,DO_NOT_ALLOC,-0.5
rl3,cenario2_tempo_aleatorio/180-600s_30percent,25,1,SIM_EXISTING_HIGH,1,REALLOC_EXIST,0.0
rl3,cenario2_tempo_aleatorio/180-600s_30percent,25,1,SIM_EXISTING_HIGH,2,FORM_NEW_CLUST,-1.0
rl3,cenario2_tempo_aleatorio/180-600s_30percent,25,2,SIM_ORPHAN_LOW,0,DO_NOT_ALLOC,3.57559
rl3,cenario2_tempo_aleatorio/180-600s_30percent,25,2,SIM_ORPHAN_LOW,1,REALLOC_EXIST,75.5135
rl3,cenario2_tempo_aleatorio/180-600s_30percent,25,2,SIM_ORPHAN_LOW,2,FORM_NEW_CLUST,29.0867
rl3,cenario2_tempo_aleatorio/180-600s_30percent,25,3,SIM_EXISTING_LOW,0,DO_NOT_ALLOC,0.0
rl3,cenario2_tempo_aleatorio/180-600s_30percent,25,3,SIM_EXISTING_LOW,1,REALLOC_EXIST,0.0
rl3,cenario2_tempo_aleatorio/180-600s_30percent,25,3,SIM_EXISTING_LOW,2,FORM_NEW_CLUST,0.0
rl3,cenario2_tempo_aleatorio/180-600s_30percent,26,0,SIM_ORPHAN_HIGH,0,DO_NOT_ALLOC,80.4298
rl3,cenario2_tempo_aleatorio/180-600s_30percent,26,0,SIM_ORPHAN_HIGH,1,REALLOC_EXIST,94.1017
rl3,cenario2_tempo_aleatorio/180-600s_30percent,26,0,SIM_ORPHAN_HIGH,2,FORM_NEW_CLUST,99.9927
rl3,cenario2_tempo_aleatorio/180-600s_30percent,26,1,SIM_EXISTING_HIGH,0,DO_NOT_ALLOC,-0.5
rl3,cenario2_tempo_aleatorio/180-600s_30percent,26,1,SIM_EXISTING_HIGH,1,REALLOC_EXIST,0.0
rl3,cenario2_tempo_aleatorio/180-600s_30percent,26,1,SIM_EXISTING_HIGH,2,FORM_NEW_CLUST,-1.0
rl3,cenario2_tempo_aleatorio/180-600s_30percent,26,2,SIM_ORPHAN_LOW,0,DO_NOT_ALLOC,3.57559
rl3,cenario2_tempo_aleatorio/180-600s_30percent,26,2,SIM_ORPHAN_LOW,1,REALLOC_EXIST,77.177
rl3,cenario2_tempo_aleatorio/180-600s_30percent,26,2,SIM_ORPHAN_LOW,2,FORM_NEW_CLUST,38.5205
rl3,cenario2_tempo_aleatorio/180-600s_30percent,26,3,SIM_EXISTING_LOW,0,DO_NOT_ALLOC,0.0
rl3,cenario2_tempo_aleatorio/180-600s_30percent,26,3,SIM_EXISTING_LOW,1,REALLOC_EXIST,0.0
rl3,cenario2_tempo_aleatorio/180-600s_30percent,26,3,SIM_EXISTING_LOW,2,FORM_NEW_CLUST,0.0
rl3,cenario2_tempo_aleatorio/180-600s_30percent,27,0,SIM_ORPHAN_HIGH,0,DO_NOT_ALLOC,81.2972
rl3,cenario2_tempo_aleatorio/180-600s_30percent,27,0,SIM_ORPHAN_HIGH,1,REALLOC_EXIST,94.1017
rl3,cenario2_tempo_aleatorio/180-600s_30percent,27,0,SIM_ORPHAN_HIGH,2,FORM_NEW_CLUST,99.9952
rl3,cenario2_tempo_aleatorio/180-600s_30percent,27,1,SIM_EXISTING_HIGH,0,DO_NOT_ALLOC,-0.5
rl3,cenario2_tempo_aleatorio/180-600s_30percent,27,1,SIM_EXISTING_HIGH,1,REALLOC_EXIST,0.0
rl3,cenario2_tempo_aleatorio/180-600s_30percent,27,1,SIM_EXISTING_HIGH,2,FORM_NEW_CLUST,-1.0
rl3,cenario2_tempo_aleatorio/180-600s_30percent,27,2,SIM_ORPHAN_LOW,0,DO_NOT_ALLOC,3.57559
rl3,cenario2_tempo_aleatorio/180-600s_30percent,27,2,SIM_ORPHAN_LOW,1,REALLOC_EXIST,77.177
rl3,cenario2_tempo_aleatorio/180-600s_30percent,27,2,SIM_ORPHAN_LOW,2,FORM_NEW_CLUST,38.5205
rl3,cenario2_tempo_aleatorio/180-600s_30percent,27,3,SIM_EXISTING_LOW,0,DO_NOT_ALLOC,0.0
rl3,cenario2_tempo_aleatorio/180-600s_30percent,27,3,SIM_EXISTING_LOW,1,REALLOC_EXIST,0.0
rl3,cenario2_tempo_aleatorio/180-600s_30percent,27,3,SIM_EXISTING_LOW,2,FORM_NEW_CLUST,0.0
rl3,cenario2_tempo_aleatorio/180-600s_30percent,28,0,SIM_ORPHAN_HIGH,0,DO_NOT_ALLOC,81.2972
rl3,cenario2_tempo_aleatorio/180-600s_30percent,28,0,SIM_ORPHAN_HIGH,1,REALLOC_EXIST,95.6991
rl3,cenario2_tempo_aleatorio/180-600s_30percent,28,0,SIM_ORPHAN_HIGH,2,FORM_NEW_CLUST,99.9966
rl3,cenario2_tempo_aleatorio/180-600s_30percent,28,1,SIM_EXISTING_HIGH,0,DO_NOT_ALLOC,-0.5
rl3,cenario2_tempo_aleatorio/180-600s_30percent,28,1,SIM_EXISTING_HIGH,1,REALLOC_EXIST,1.0
rl3,cenario2_tempo_aleatorio/180-600s_30percent,28,1,SIM_EXISTING_HIGH,2,FORM_NEW_CLUST,-1.0
rl3,cenario2_tempo_aleatorio/180-600s_30percent,28,2,SIM_ORPHAN_LOW,0,DO_NOT_ALLOC,3.57559
rl3,cenario2_tempo_aleatorio/180-600s_30percent,28,2,SIM_ORPHAN_LOW,1,REALLOC_EXIST,77.177
rl3,cenario2_tempo_aleatorio/180-600s_30percent,28,2,SIM_ORPHAN_LOW,2,FORM_NEW_CLUST,38.5205
rl3,cenario2_tempo_aleatorio/180-600s_30percent,28,3,SIM_EXISTING_LOW,0,DO_NOT_ALLOC,0.0
rl3,cenario2_tempo_aleatorio/180-600s_30percent,28,3,SIM_EXISTING_LOW,1,REALLOC_EXIST,0.0
rl3,cenario2_tempo_aleatorio/180-600s_30percent,28,3,SIM_EXISTING_LOW,2,FORM_NEW_CLUST,0.0
rl3,cenario2_tempo_aleatorio/180-600s_30percent,29,0,SIM_ORPHAN_HIGH,0,DO_NOT_ALLOC,82.3001
rl3,cenario2_tempo_aleatorio/180-600s_30percent,29,0,SIM_ORPHAN_HIGH,1,REALLOC_EXIST,97.1773
rl3,cenario2_tempo_aleatorio/180-600s_30percent,29,0,SIM_ORPHAN_HIGH,2,FORM_NEW_CLUST,99.998
rl3,cenario2_tempo_aleatorio/180-600s_30percent,29,1,SIM_EXISTING_HIGH,0,DO_NOT_ALLOC,-0.5
rl3,cenario2_tempo_aleatorio/180-600s_30percent,29,1,SIM_EXISTING_HIGH,1,REALLOC_EXIST,1.0
rl3,cenario2_tempo_aleatorio/180-600s_30percent,29,1,SIM_EXISTING_HIGH,2,FORM_NEW_CLUST,-1.0
rl3,cenario2_tempo_aleatorio/180-600s_30percent,29,2,SIM_ORPHAN_LOW,0,DO_NOT_ALLOC,3.57559
rl3,cenario2_tempo_aleatorio/180-600s_30percent,29,2,SIM_ORPHAN_LOW,1,REALLOC_EXIST,77.177
rl3,cenario2_tempo_aleatorio/180-600s_30percent,29,2,SIM_ORPHAN_LOW,2,FORM_NEW_CLUST,38.5205
rl3,cenario2_tempo_aleatorio/180-600s_30percent,29,3,SIM_EXISTING_LOW,0,DO_NOT_ALLOC,0.0
rl3,cenario2_tempo_aleatorio/180-600s_30percent,29,3,SIM_EXISTING_LOW,1,REALLOC_EXIST,0.0
rl3,cenario2_tempo_aleatorio/180-600s_30percent,29,3,SIM_EXISTING_LOW,2,FORM_NEW_CLUST,0.0
rl3,cenario2_tempo_aleatorio/180-600s_30percent,30,0,SIM_ORPHAN_HIGH,0,DO_NOT_ALLOC,82.57
rl3,cenario2_tempo_aleatorio/180-600s_30percent,30,0,SIM_ORPHAN_HIGH,1,REALLOC_EXIST,97.4594
rl3,cenario2_tempo_aleatorio/180-600s_30percent,30,0,SIM_ORPHAN_HIGH,2,FORM_NEW_CLUST,99.9986
rl3,cenario2_tempo_aleatorio/180-600s_30percent,30,1,SIM_EXISTING_HIGH,0,DO_NOT_ALLOC,-0.5
rl3,cenario2_tempo_aleatorio/180-600s_30percent,30,1,SIM_EXISTING_HIGH,1,REALLOC_EXIST,1.0
rl3,cenario2_tempo_aleatorio/180-600s_30percent,30,1,SIM_EXISTING_HIGH,2,FORM_NEW_CLUST,-1.0
rl3,cenario2_tempo_aleatorio/180-600s_30percent,30,2,SIM_ORPHAN_LOW,0,DO_NOT_ALLOC,3.57559
rl3,cenario2_tempo_aleatorio/180-600s_30percent,30,2,SIM_ORPHAN_LOW,1,REALLOC_EXIST,77.177
rl3,cenario2_tempo_aleatorio/180-600s_30percent,30,2,SIM_ORPHAN_LOW,2,FORM_NEW_CLUST,38.5205
rl3,cenario2_tempo_aleatorio/180-600s_30percent,30,3,SIM_EXISTING_LOW,0,DO_NOT_ALLOC,0.0
rl3,cenario2_tempo_aleatorio/180-600s_30percent,30,3,SIM_EXISTING_LOW,1,REALLOC_EXIST,0.0
rl3,cenario2_tempo_aleatorio/180-600s_30percent,30,3,SIM_EXISTING_LOW,2,FORM_NEW_CLUST,0.0
rl3,cenario2_tempo_aleatorio/180-600s_30percent,31,0,SIM_ORPHAN_HIGH,0,DO_NOT_ALLOC,82.57
rl3,cenario2_tempo_aleatorio/180-600s_30percent,31,0,SIM_ORPHAN_HIGH,1,REALLOC_EXIST,97.4594
rl3,cenario2_tempo_aleatorio/180-600s_30percent,31,0,SIM_ORPHAN_HIGH,2,FORM_NEW_CLUST,99.9988
rl3,cenario2_tempo_aleatorio/180-600s_30percent,31,1,SIM_EXISTING_HIGH,0,DO_NOT_ALLOC,-0.5
rl3,cenario2_tempo_aleatorio/180-600s_30percent,31,1,SIM_EXISTING_HIGH,1,REALLOC_EXIST,1.0
rl3,cenario2_tempo_aleatorio/180-600s_30percent,31,1,SIM_EXISTING_HIGH,2,FORM_NEW_CLUST,-1.0
rl3,cenario2_tempo_aleatorio/180-600s_30percent,31,2,SIM_ORPHAN_LOW,0,DO_NOT_ALLOC,9.95141
rl3,cenario2_tempo_aleatorio/180-600s_30percent,31,2,SIM_ORPHAN_LOW,1,REALLOC_EXIST,83.4538
rl3,cenario2_tempo_aleatorio/180-600s_30percent,31,2,SIM_ORPHAN_LOW,2,FORM_NEW_CLUST,42.6953
rl3,cenario2_tempo_aleatorio/180-600s_30percent,31,3,SIM_EXISTING_LOW,0,DO_NOT_ALLOC,0.0
rl3,cenario2_tempo_aleatorio/180-600s_30percent,31,3,SIM_EXISTING_LOW,1,REALLOC_EXIST,0.0
rl3,cenario2_tempo_aleatorio/180-600s_30percent,31,3,SIM_EXISTING_LOW,2,FORM_NEW_CLUST,0.0
rl3,cenario2_tempo_aleatorio/180-600s_30percent,32,0,SIM_ORPHAN_HIGH,0,DO_NOT_ALLOC,83.0315
rl3,cenario2_tempo_aleatorio/180-600s_30percent,32,0,SIM_ORPHAN_HIGH,1,REALLOC_EXIST,97.7134
rl3,cenario2_tempo_aleatorio/180-600s_30percent,32,0,SIM_ORPHAN_HIGH,2,FORM_NEW_CLUST,99.9991
rl3,cenario2_tempo_aleatorio/180-600s_30percent,32,1,SIM_EXISTING_HIGH,0,DO_NOT_ALLOC,-0.5
rl3,cenario2_tempo_aleatorio/180-600s_30percent,32,1,SIM_EXISTING_HIGH,1,REALLOC_EXIST,1.0
rl3,cenario2_tempo_aleatorio/180-600s_30percent,32,1,SIM_EXISTING_HIGH,2,FORM_NEW_CLUST,-1.0
rl3,cenario2_tempo_aleatorio/180-600s_30percent,32,2,SIM_ORPHAN_LOW,0,DO_NOT_ALLOC,9.95141
rl3,cenario2_tempo_aleatorio/180-600s_30percent,32,2,SIM_ORPHAN_LOW,1,REALLOC_EXIST,84.8848
rl3,cenario2_tempo_aleatorio/180-600s_30percent,32,2,SIM_ORPHAN_LOW,2,FORM_NEW_CLUST,42.6953
rl3,cenario2_tempo_aleatorio/180-600s_30percent,32,3,SIM_EXISTING_LOW,0,DO_NOT_ALLOC,0.0
rl3,cenario2_tempo_aleatorio/180-600s_30percent,32,3,SIM_EXISTING_LOW,1,REALLOC_EXIST,0.0
rl3,cenario2_tempo_aleatorio/180-600s_30percent,32,3,SIM_EXISTING_LOW,2,FORM_NEW_CLUST,0.0
rl3,cenario2_tempo_aleatorio/180-600s_30percent,33,0,SIM_ORPHAN_HIGH,0,DO_NOT_ALLOC,83.4054
rl3,cenario2_tempo_aleatorio/180-600s_30percent,33,0,SIM_ORPHAN_HIGH,1,REALLOC_EXIST,97.7134
rl3,cenario2_tempo_aleatorio/180-600s_30percent,33,0,SIM_ORPHAN_HIGH,2,FORM_NEW_CLUST,99.9992
rl3,cenario2_tempo_aleatorio/180-600s_30percent,33,1,SIM_EXISTING_HIGH,0,DO_NOT_ALLOC,-0.5
rl3,cenario2_tempo_aleatorio/180-600s_30percent,33,1,SIM_EXISTING_HIGH,1,REALLOC_EXIST,1.0
rl3,cenario2_tempo_aleatorio/180-600s_30percent,33,1,SIM_EXISTING_HIGH,2,FORM_NEW_CLUST,-1.0
rl3,cenario2_tempo_aleatorio/180-600s_30percent,33,2,SIM_ORPHAN_LOW,0,DO_NOT_ALLOC,9.95141
rl3,cenario2_tempo_aleatorio/180-600s_30percent,33,2,SIM_ORPHAN_LOW,1,REALLOC_EXIST,84.8848
rl3,cenario2_tempo_aleatorio/180-600s_30percent,33,2,SIM_ORPHAN_LOW,2,FORM_NEW_CLUST,42.6953
rl3,cenario2_tempo_aleatorio/180-600s_30percent,33,3,SIM_EXISTING_LOW,0,DO_NOT_ALLOC,0.0
rl3,cenario2_tempo_aleatorio/180-600s_30percent,33,3,SIM_EXISTING_LOW,1,REALLOC_EXIST,0.0
rl3,cenario2_tempo_aleatorio/180-600s_30percent,33,3,SIM_EXISTING_LOW,2,FORM_NEW_CLUST,0.0
rl3,cenario2_tempo_aleatorio/180-600s_30percent,34,0,SIM_ORPHAN_HIGH,0,DO_NOT_ALLOC,83.5648
rl3,cenario2_tempo_aleatorio/180-600s_30percent,34,0,SIM_ORPHAN_HIGH,1,REALLOC_EXIST,97.7134
rl3,cenario2_tempo_aleatorio/180-600s_30percent,34,0,SIM_ORPHAN_HIGH,2,FORM_NEW_CLUST,99.9993
rl3,cenario2_tempo_aleatorio/180-600s_30percent,34,1,SIM_EXISTING_HIGH,0,DO_NOT_ALLOC,-0.5
rl3,cenario2_tempo_aleatorio/180-600s_30percent,34,1,SIM_EXISTING_HIGH,1,REALLOC_EXIST,1.0
rl3,cenario2_tempo_aleatorio/180-600s_30percent,34,1,SIM_EXISTING_HIGH,2,FORM_NEW_CLUST,-1.0
rl3,cenario2_tempo_aleatorio/180-600s_30percent,34,2,SIM_ORPHAN_LOW,0,DO_NOT_ALLOC,9.95141
rl3,cenario2_tempo_aleatorio/180-600s_30percent,34,2,SIM_ORPHAN_LOW,1,REALLOC_EXIST,88.477
rl3,cenario2_tempo_aleatorio/180-600s_30percent,34,2,SIM_ORPHAN_LOW,2,FORM_NEW_CLUST,51.0633
rl3,cenario2_tempo_aleatorio/180-600s_30percent,34,3,SIM_EXISTING_LOW,0,DO_NOT_ALLOC,0.0
rl3,cenario2_tempo_aleatorio/180-600s_30percent,34,3,SIM_EXISTING_LOW,1,REALLOC_EXIST,0.0
rl3,cenario2_tempo_aleatorio/180-600s_30percent,34,3,SIM_EXISTING_LOW,2,FORM_NEW_CLUST,0.0
rl3,cenario2_tempo_aleatorio/180-600s_30percent,35,0,SIM_ORPHAN_HIGH,0,DO_NOT_ALLOC,83.8374
rl3,cenario2_tempo_aleatorio/180-600s_30percent,35,0,SIM_ORPHAN_HIGH,1,REALLOC_EXIST,97.942
rl3,cenario2_tempo_aleatorio/180-600s_30percent,35,0,SIM_ORPHAN_HIGH,2,FORM_NEW_CLUST,99.9996
rl3,cenario2_tempo_aleatorio/180-600s_30percent,35,1,SIM_EXISTING_HIGH,0,DO_NOT_ALLOC,-0.5
rl3,cenario2_tempo_aleatorio/180-600s_30percent,35,1,SIM_EXISTING_HIGH,1,REALLOC_EXIST,1.0
rl3,cenario2_tempo_aleatorio/180-600s_30percent,35,1,SIM_EXISTING_HIGH,2,FORM_NEW_CLUST,-1.0
rl3,cenario2_tempo_aleatorio/180-600s_30percent,35,2,SIM_ORPHAN_LOW,0,DO_NOT_ALLOC,9.95141
rl3,cenario2_tempo_aleatorio/180-600s_30percent,35,2,SIM_ORPHAN_LOW,1,REALLOC_EXIST,88.477
rl3,cenario2_tempo_aleatorio/180-600s_30percent,35,2,SIM_ORPHAN_LOW,2,FORM_NEW_CLUST,51.0633
rl3,cenario2_tempo_aleatorio/180-600s_30percent,35,3,SIM_EXISTING_LOW,0,DO_NOT_ALLOC,0.0
rl3,cenario2_tempo_aleatorio/180-600s_30percent,35,3,SIM_EXISTING_LOW,1,REALLOC_EXIST,0.0
rl3,cenario2_tempo_aleatorio/180-600s_30percent,35,3,SIM_EXISTING_LOW,2,FORM_NEW_CLUST,0.0
rl3,cenario3_tudo_aleatorio/180-600s_10-30percent,1,0,SIM_ORPHAN_HIGH,0,DO_NOT_ALLOC,-0.5
rl3,cenario3_tudo_aleatorio/180-600s_10-30percent,1,0,SIM_ORPHAN_HIGH,1,REALLOC_EXIST,17.3831
rl3,cenario3_tudo_aleatorio/180-600s_10-30percent,1,0,SIM_ORPHAN_HIGH,2,FORM_NEW_CLUST,3.86146
rl3,cenario3_tudo_aleatorio/180-600s_10-30percent,1,1,SIM_EXISTING_HIGH,0,DO_NOT_ALLOC,0.0
rl3,cenario3_tudo_aleatorio/180-600s_10-30percent,1,1,SIM_EXISTING_HIGH,1,REALLOC_EXIST,0.0
rl3,cenario3_tudo_aleatorio/180-600s_10-30percent,1,1,SIM_EXISTING_HIGH,2,FORM_NEW_CLUST,0.0
rl3,cenario3_tudo_aleatorio/180-600s_10-30percent,1,2,SIM_ORPHAN_LOW,0,DO_NOT_ALLOC,-0.05891
rl3,cenario3_tudo_aleatorio/180-600s_10-30percent,1,2,SIM_ORPHAN_LOW,1,REALLOC_EXIST,10.4662
rl3,cenario3_tudo_aleatorio/180-600s_10-30percent,1,2,SIM_ORPHAN_LOW,2,FORM_NEW_CLUST,4.10064
rl3,cenario3_tudo_aleatorio/180-600s_10-30percent,1,3,SIM_EXISTING_LOW,0,DO_NOT_ALLOC,0.0
rl3,cenario3_tudo_aleatorio/180-600s_10-30percent,1,3,SIM_EXISTING_LOW,1,REALLOC_EXIST,0.0
rl3,cenario3_tudo_aleatorio/180-600s_10-30percent,1,3,SIM_EXISTING_LOW,2,FORM_NEW_CLUST,0.0
rl3,cenario3_tudo_aleatorio/180-600s_10-30percent,2,0,SIM_ORPHAN_HIGH,0,DO_NOT_ALLOC,2.08946
rl3,cenario3_tudo_aleatorio/180-600s_10-30percent,2,0,SIM_ORPHAN_HIGH,1,REALLOC_EXIST,38.271
rl3,cenario3_tudo_aleatorio/180-600s_10-30percent,2,0,SIM_ORPHAN_HIGH,2,FORM_NEW_CLUST,12.8023
rl3,cenario3_tudo_aleatorio/180-600s_10-30percent,2,1,SIM_EXISTING_HIGH,0,DO_NOT_ALLOC,0.0
rl3,cenario3_tudo_aleatorio/180-600s_10-30percent,2,1,SIM_EXISTING_HIGH,1,REALLOC_EXIST,0.0
rl3,cenario3_tudo_aleatorio/180-600s_10-30percent,2,1,SIM_EXISTING_HIGH,2,FORM_NEW_CLUST,0.0
rl3,cenario3_tudo_aleatorio/180-600s_10-30percent,2,2,SIM_ORPHAN_LOW,0,DO_NOT_ALLOC,-0.05891
rl3,cenario3_tudo_aleatorio/180-600s_10-30percent,2,2,SIM_ORPHAN_LOW,1,REALLOC_EXIST,10.4662
rl3,cenario3_tudo_aleatorio/180-600s_10-30percent,2,2,SIM_ORPHAN_LOW,2,FORM_NEW_CLUST,4.10064
rl3,cenario3_tudo_aleatorio/180-600s_10-30percent,2,3,SIM_EXISTING_LOW,0,DO_NOT_ALLOC,0.0
rl3,cenario3_tudo_aleatorio/180-600s_10-30percent,2,3,SIM_EXISTING_LOW,1,REALLOC_EXIST,0.0
rl3,cenario3_tudo_aleatorio/180-600s_10-30percent,2,3,SIM_EXISTING_LOW,2,FORM_NEW_CLUST,0.0
rl3,cenario3_tudo_aleatorio/180-600s_10-30percent,3,0,SIM_ORPHAN_HIGH,0,DO_NOT_ALLOC,2.08946
rl3,cenario3_tudo_aleatorio/180-600s_10-30percent,3,0,SIM_ORPHAN_HIGH,1,REALLOC_EXIST,39.4994
rl3,cenario3_tudo_aleatorio/180-600s_10-30percent,3,0,SIM_ORPHAN_HIGH,2,FORM_NEW_CLUST,12.8023
rl3,cenario3_tudo_aleatorio/180-600s_10-30percent,3,1,SIM_EXISTING_HIGH,0,DO_NOT_ALLOC,0.0
rl3,cenario3_tudo_aleatorio/180-600s_10-30percent,3,1,SIM_EXISTING_HIGH,1,REALLOC_EXIST,0.0
rl3,cenario3_tudo_aleatorio/180-600s_10-30percent,3,1,SIM_EXISTING_HIGH,2,FORM_NEW_CLUST,0.0
rl3,cenario3_tudo_aleatorio/180-600s_10-30percent,3,2,SIM_ORPHAN_LOW,0,DO_NOT_ALLOC,-0.05891
rl3,cenario3_tudo_aleatorio/180-600s_10-30percent,3,2,SIM_ORPHAN_LOW,1,REALLOC_EXIST,10.4662
rl3,cenario3_tudo_aleatorio/180-600s_10-30percent,3,2,SIM_ORPHAN_LOW,2,FORM_NEW_CLUST,4.10064
rl3,cenario3_tudo_aleatorio/180-600s_10-30percent,3,3,SIM_EXISTING_LOW,0,DO_NOT_ALLOC,0.0
rl3,cenario3_tudo_aleatorio/180-600s_10-30percent,3,3,SIM_EXISTING_LOW,1,REALLOC_EXIST,0.0
rl3,cenario3_tudo_aleatorio/180-600s_10-30percent,3,3,SIM_EXISTING_LOW,2,FORM_NEW_CLUST,0.0
rl3,cenario3_tudo_aleatorio/180-600s_10-30percent,4,0,SIM_ORPHAN_HIGH,0,DO_NOT_ALLOC,2.08946
rl3,cenario3_tudo_aleatorio/180-600s_10-30percent,4,0,SIM_ORPHAN_HIGH,1,REALLOC_EXIST,55.6952
rl3,cenario3_tudo_aleatorio/180-600s_10-30percent,4,0,SIM_ORPHAN_HIGH,2,FORM_NEW_CLUST,12.8023
rl3,cenario3_tudo_aleatorio/180-600s_10-30percent,4,1,SIM_EXISTING_HIGH,0,DO_NOT_ALLOC,0.0
rl3,cenario3_tudo_aleatorio/180-600s_10-30percent,4,1,SIM_EXISTING_HIGH,1,REALLOC_EXIST,0.0
rl3,cenario3_tudo_aleatorio/180-600s_10-30percent,4,1,SIM_EXISTING_HIGH,2,FORM_NEW_CLUST,0.0
rl3,cenario3_tudo_aleatorio/180-600s_10-30percent,4,2,SIM_ORPHAN_LOW,0,DO_NOT_ALLOC,-0.05891
rl3,cenario3_tudo_aleatorio/180-600s_10-30percent,4,2,SIM_ORPHAN_LOW,1,REALLOC_EXIST,10.4662
rl3,cenario3_tudo_aleatorio/180-600s_10-30percent,4,2,SIM_ORPHAN_LOW,2,FORM_NEW_CLUST,4.10064
rl3,cenario3_tudo_aleatorio/180-600s_10-30percent,4,3,SIM_EXISTING_LOW,0,DO_NOT_ALLOC,0.0
rl3,cenario3_tudo_aleatorio/180-600s_10-30percent,4,3,SIM_EXISTING_LOW,1,REALLOC_EXIST,0.0
rl3,cenario3_tudo_aleatorio/180-600s_10-30percent,4,3,SIM_EXISTING_LOW,2,FORM_NEW_CLUST,0.0
rl3,cenario3_tudo_aleatorio/180-600s_10-30percent,5,0,SIM_ORPHAN_HIGH,0,DO_NOT_ALLOC,7.24768
rl3,cenario3_tudo_aleatorio/180-600s_10-30percent,5,0,SIM_ORPHAN_HIGH,1,REALLOC_EXIST,66.8967
rl3,cenario3_tudo_aleatorio/180-600s_10-30percent,5,0,SIM_ORPHAN_HIGH,2,FORM_NEW_CLUST,22.6206
rl3,cenario3_tudo_aleatorio/180-600s_10-30percent,5,1,SIM_EXISTING_HIGH,0,DO_NOT_ALLOC,0.0
rl3,cenario3_tudo_aleatorio/180-600s_10-30percent,5,1,SIM_EXISTING_HIGH,1,REALLOC_EXIST,0.0
rl3,cenario3_tudo_aleatorio/180-600s_10-30percent,5,1,SIM_EXISTING_HIGH,2,FORM_NEW_CLUST,0.0
rl3,cenario3_tudo_aleatorio/180-600s_10-30percent,5,2,SIM_ORPHAN_LOW,0,DO_NOT_ALLOC,-0.05891
rl3,cenario3_tudo_aleatorio/180-600s_10-30percent,5,2,SIM_ORPHAN_LOW,1,REALLOC_EXIST,10.4662
rl3,cenario3_tudo_aleatorio/180-600s_10-30percent,5,2,SIM_ORPHAN_LOW,2,FORM_NEW_CLUST,4.10064
rl3,cenario3_tudo_aleatorio/180-600s_10-30percent,5,3,SIM_EXISTING_LOW,0,DO_NOT_ALLOC,0.0
rl3,cenario3_tudo_aleatorio/180-600s_10-30percent,5,3,SIM_EXISTING_LOW,1,REALLOC_EXIST,0.0
rl3,cenario3_tudo_aleatorio/180-600s_10-30percent,5,3,SIM_EXISTING_LOW,2,FORM_NEW_CLUST,0.0
rl3,cenario3_tudo_aleatorio/180-600s_10-30percent,6,0,SIM_ORPHAN_HIGH,0,DO_NOT_ALLOC,7.24768
rl3,cenario3_tudo_aleatorio/180-600s_10-30percent,6,0,SIM_ORPHAN_HIGH,1,REALLOC_EXIST,66.8967
rl3,cenario3_tudo_aleatorio/180-600s_10-30percent,6,0,SIM_ORPHAN_HIGH,2,FORM_NEW_CLUST,22.6206
rl3,cenario3_tudo_aleatorio/180-600s_10-30percent,6,1,SIM_EXISTING_HIGH,0,DO_NOT_ALLOC,0.0
rl3,cenario3_tudo_aleatorio/180-600s_10-30percent,6,1,SIM_EXISTING_HIGH,1,REALLOC_EXIST,0.0
rl3,cenario3_tudo_aleatorio/180-600s_10-30percent,6,1,SIM_EXISTING_HIGH,2,FORM_NEW_CLUST,0.0
rl3,cenario3_tudo_aleatorio/180-600s_10-30percent,6,2,SIM_ORPHAN_LOW,0,DO_NOT_ALLOC,-0.05891
rl3,cenario3_tudo_aleatorio/180-600s_10-30percent,6,2,SIM_ORPHAN_LOW,1,REALLOC_EXIST,19.0272
rl3,cenario3_tudo_aleatorio/180-600s_10-30percent,6,2,SIM_ORPHAN_LOW,2,FORM_NEW_CLUST,4.10064
rl3,cenario3_tudo_aleatorio/180-600s_10-30percent,6,3,SIM_EXISTING_LOW,0,DO_NOT_ALLOC,0.0
rl3,cenario3_tudo_aleatorio/180-600s_10-30percent,6,3,SIM_EXISTING_LOW,1,REALLOC_EXIST,0.0
rl3,cenario3_tudo_aleatorio/180-600s_10-30percent,6,3,SIM_EXISTING_LOW,2,FORM_NEW_CLUST,0.0
rl3,cenario3_tudo_aleatorio/180-600s_10-30percent,7,0,SIM_ORPHAN_HIGH,0,DO_NOT_ALLOC,7.24768
rl3,cenario3_tudo_aleatorio/180-600s_10-30percent,7,0,SIM_ORPHAN_HIGH,1,REALLOC_EXIST,70.9512
rl3,cenario3_tudo_aleatorio/180-600s_10-30percent,7,0,SIM_ORPHAN_HIGH,2,FORM_NEW_CLUST,27.6094
rl3,cenario3_tudo_aleatorio/180-600s_10-30percent,7,1,SIM_EXISTING_HIGH,0,DO_NOT_ALLOC,0.0
rl3,cenario3_tudo_aleatorio/180-600s_10-30percent,7,1,SIM_EXISTING_HIGH,1,REALLOC_EXIST,0.0
rl3,cenario3_tudo_aleatorio/180-600s_10-30percent,7,1,SIM_EXISTING_HIGH,2,FORM_NEW_CLUST,0.0
rl3,cenario3_tudo_aleatorio/180-600s_10-30percent,7,2,SIM_ORPHAN_LOW,0,DO_NOT_ALLOC,-0.05891
rl3,cenario3_tudo_aleatorio/180-600s_10-30percent,7,2,SIM_ORPHAN_LOW,1,REALLOC_EXIST,19.0272
rl3,cenario3_tudo_aleatorio/180-600s_10-30percent,7,2,SIM_ORPHAN_LOW,2,FORM_NEW_CLUST,4.10064
rl3,cenario3_tudo_aleatorio/180-600s_10-30percent,7,3,SIM_EXISTING_LOW,0,DO_NOT_ALLOC,0.0
rl3,cenario3_tudo_aleatorio/180-600s_10-30percent,7,3,SIM_EXISTING_LOW,1,REALLOC_EXIST,0.0
rl3,cenario3_tudo_aleatorio/180-600s_10-30percent,7,3,SIM_EXISTING_LOW,2,FORM_NEW_CLUST,0.0
rl3,cenario3_tudo_aleatorio/180-600s_10-30percent,8,0,SIM_ORPHAN_HIGH,0,DO_NOT_ALLOC,12.7517
rl3,cenario3_tudo_aleatorio/180-600s_10-30percent,8,0,SIM_ORPHAN_HIGH,1,REALLOC_EXIST,80.5672
rl3,cenario3_tudo_aleatorio/180-600s_10-30percent,8,0,SIM_ORPHAN_HIGH,2,FORM_NEW_CLUST,44.7795
rl3,cenario3_tudo_aleatorio/180-600s_10-30percent,8,1,SIM_EXISTING_HIGH,0,DO_NOT_ALLOC,0.0
rl3,cenario3_tudo_aleatorio/180-600s_10-30percent,8,1,SIM_EXISTING_HIGH,1,REALLOC_EXIST,0.0
rl3,cenario3_tudo_aleatorio/180-600s_10-30percent,8,1,SIM_EXISTING_HIGH,2,FORM_NEW_CLUST,0.0
rl3,cenario3_tudo_aleatorio/180-600s_10-30percent,8,2,SIM_ORPHAN_LOW,0,DO_NOT_ALLOC,-0.05891
rl3,cenario3_tudo_aleatorio/180-600s_10-30percent,8,2,SIM_ORPHAN_LOW,1,REALLOC_EXIST,19.0272
rl3,cenario3_tudo_aleatorio/180-600s_10-30percent,8,2,SIM_ORPHAN_LOW,2,FORM_NEW_CLUST,4.10064
rl3,cenario3_tudo_aleatorio/180-600s_10-30percent,8,3,SIM_EXISTING_LOW,0,DO_NOT_ALLOC,0.0
rl3,cenario3_tudo_aleatorio/180-600s_10-30percent,8,3,SIM_EXISTING_LOW,1,REALLOC_EXIST,0.0
rl3,cenario3_tudo_aleatorio/180-600s_10-30percent,8,3,SIM_EXISTING_LOW,2,FORM_NEW_CLUST,0.0
rl3,cenario3_tudo_aleatorio/180-600s_10-30percent,9,0,SIM_ORPHAN_HIGH,0,DO_NOT_ALLOC,12.7517
rl3,cenario3_tudo_aleatorio/180-600s_10-30percent,9,0,SIM_ORPHAN_HIGH,1,REALLOC_EXIST,85.9116
rl3,cenario3_tudo_aleatorio/180-600s_10-30percent,9,0,SIM_ORPHAN_HIGH,2,FORM_NEW_CLUST,48.7356
rl3,cenario3_tudo_aleatorio/180-600s_10-30percent,9,1,SIM_EXISTING_HIGH,0,DO_NOT_ALLOC,0.0
rl3,cenario3_tudo_aleatorio/180-600s_10-30percent,9,1,SIM_EXISTING_HIGH,1,REALLOC_EXIST,0.0
rl3,cenario3_tudo_aleatorio/180-600s_10-30percent,9,1,SIM_EXISTING_HIGH,2,FORM_NEW_CLUST,0.0
rl3,cenario3_tudo_aleatorio/180-600s_10-30percent,9,2,SIM_ORPHAN_LOW,0,DO_NOT_ALLOC,-0.05891
rl3,cenario3_tudo_aleatorio/180-600s_10-30percent,9,2,SIM_ORPHAN_LOW,1,REALLOC_EXIST,19.0272
rl3,cenario3_tudo_aleatorio/180-600s_10-30percent,9,2,SIM_ORPHAN_LOW,2,FORM_NEW_CLUST,4.10064
rl3,cenario3_tudo_aleatorio/180-600s_10-30percent,9,3,SIM_EXISTING_LOW,0,DO_NOT_ALLOC,0.0
rl3,cenario3_tudo_aleatorio/180-600s_10-30percent,9,3,SIM_EXISTING_LOW,1,REALLOC_EXIST,0.0
rl3,cenario3_tudo_aleatorio/180-600s_10-30percent,9,3,SIM_EXISTING_LOW,2,FORM_NEW_CLUST,0.0
rl3,cenario3_tudo_aleatorio/180-600s_10-30percent,10,0,SIM_ORPHAN_HIGH,0,DO_NOT_ALLOC,12.7517
rl3,cenario3_tudo_aleatorio/180-600s_10-30percent,10,0,SIM_ORPHAN_HIGH,1,REALLOC_EXIST,87.7608
rl3,cenario3_tudo_aleatorio/180-600s_10-30percent,10,0,SIM_ORPHAN_HIGH,2,FORM_NEW_CLUST,48.7356
rl3,cenario3_tudo_aleatorio/180-600s_10-30percent,10,1,SIM_EXISTING_HIGH,0,DO_NOT_ALLOC,0.0
rl3,cenario3_tudo_aleatorio/180-600s_10-30percent,10,1,SIM_EXISTING_HIGH,1,REALLOC_EXIST,0.0
rl3,cenario3_tudo_aleatorio/180-600s_10-30percent,10,1,SIM_EXISTING_HIGH,2,FORM_NEW_CLUST,0.0
rl3,cenario3_tudo_aleatorio/180-600s_10-30percent,10,2,SIM_ORPHAN_LOW,0,DO_NOT_ALLOC,3.01834
rl3,cenario3_tudo_aleatorio/180-600s_10-30percent,10,2,SIM_ORPHAN_LOW,1,REALLOC_EXIST,35.0897
rl3,cenario3_tudo_aleatorio/180-600s_10-30percent,10,2,SIM_ORPHAN_LOW,2,FORM_NEW_CLUST,14.9388
rl3,cenario3_tudo_aleatorio/180-600s_10-30percent,10,3,SIM_EXISTING_LOW,0,DO_NOT_ALLOC,0.0
rl3,cenario3_tudo_aleatorio/180-600s_10-30percent,10,3,SIM_EXISTING_LOW,1,REALLOC_EXIST,0.0
rl3,cenario3_tudo_aleatorio/180-600s_10-30percent,10,3,SIM_EXISTING_LOW,2,FORM_NEW_CLUST,0.0
rl3,cenario3_tudo_aleatorio/180-600s_10-30percent,11,0,SIM_ORPHAN_HIGH,0,DO_NOT_ALLOC,12.7517
rl3,cenario3_tudo_aleatorio/180-600s_10-30percent,11,0,SIM_ORPHAN_HIGH,1,REALLOC_EXIST,88.1243
rl3,cenario3_tudo_aleatorio/180-600s_10-30percent,11,0,SIM_ORPHAN_HIGH,2,FORM_NEW_CLUST,48.7356
rl3,cenario3_tudo_aleatorio/180-600s_10-30percent,11,1,SIM_EXISTING_HIGH,0,DO_NOT_ALLOC,0.0
rl3,cenario3_tudo_aleatorio/180-600s_10-30percent,11,1,SIM_EXISTING_HIGH,1,REALLOC_EXIST,0.0
rl3,cenario3_tudo_aleatorio/180-600s_10-30percent,11,1,SIM_EXISTING_HIGH,2,FORM_NEW_CLUST,0.0
rl3,cenario3_tudo_aleatorio/180-600s_10-30percent,11,2,SIM_ORPHAN_LOW,0,DO_NOT_ALLOC,3.01834
rl3,cenario3_tudo_aleatorio/180-600s_10-30percent,11,2,SIM_ORPHAN_LOW,1,REALLOC_EXIST,35.0897
rl3,cenario3_tudo_aleatorio/180-600s_10-30percent,11,2,SIM_ORPHAN_LOW,2,FORM_NEW_CLUST,14.9388
rl3,cenario3_tudo_aleatorio/180-600s_10-30percent,11,3,SIM_EXISTING_LOW,0,DO_NOT_ALLOC,0.0
rl3,cenario3_tudo_aleatorio/180-600s_10-30percent,11,3,SIM_EXISTING_LOW,1,REALLOC_EXIST,0.0
rl3,cenario3_tudo_aleatorio/180-600s_10-30percent,11,3,SIM_EXISTING_LOW,2,FORM_NEW_CLUST,0.0
rl3,cenario3_tudo_aleatorio/180-600s_10-30percent,12,0,SIM_ORPHAN_HIGH,0,DO_NOT_ALLOC,24.5084
rl3,cenario3_tudo_aleatorio/180-600s_10-30percent,12,0,SIM_ORPHAN_HIGH,1,REALLOC_EXIST,90.5753
rl3,cenario3_tudo_aleatorio/180-600s_10-30percent,12,0,SIM_ORPHAN_HIGH,2,FORM_NEW_CLUST,48.7356
rl3,cenario3_tudo_aleatorio/180-600s_10-30percent,12,1,SIM_EXISTING_HIGH,0,DO_NOT_ALLOC,0.0
rl3,cenario3_tudo_aleatorio/180-600s_10-30percent,12,1,SIM_EXISTING_HIGH,1,REALLOC_EXIST,0.0
rl3,cenario3_tudo_aleatorio/180-600s_10-30percent,12,1,SIM_EXISTING_HIGH,2,FORM_NEW_CLUST,0.0
rl3,cenario3_tudo_aleatorio/180-600s_10-30percent,12,2,SIM_ORPHAN_LOW,0,DO_NOT_ALLOC,3.01834
rl3,cenario3_tudo_aleatorio/180-600s_10-30percent,12,2,SIM_ORPHAN_LOW,1,REALLOC_EXIST,35.0897
rl3,cenario3_tudo_aleatorio/180-600s_10-30percent,12,2,SIM_ORPHAN_LOW,2,FORM_NEW_CLUST,14.9388
rl3,cenario3_tudo_aleatorio/180-600s_10-30percent,12,3,SIM_EXISTING_LOW,0,DO_NOT_ALLOC,0.0
rl3,cenario3_tudo_aleatorio/180-600s_10-30percent,12,3,SIM_EXISTING_LOW,1,REALLOC_EXIST,0.0
rl3,cenario3_tudo_aleatorio/180-600s_10-30percent,12,3,SIM_EXISTING_LOW,2,FORM_NEW_CLUST,0.0
rl3,cenario3_tudo_aleatorio/180-600s_10-30percent,13,0,SIM_ORPHAN_HIGH,0,DO_NOT_ALLOC,24.5084
rl3,cenario3_tudo_aleatorio/180-600s_10-30percent,13,0,SIM_ORPHAN_HIGH,1,REALLOC_EXIST,91.0372
rl3,cenario3_tudo_aleatorio/180-600s_10-30percent,13,0,SIM_ORPHAN_HIGH,2,FORM_NEW_CLUST,53.039
rl3,cenario3_tudo_aleatorio/180-600s_10-30percent,13,1,SIM_EXISTING_HIGH,0,DO_NOT_ALLOC,0.0
rl3,cenario3_tudo_aleatorio/180-600s_10-30percent,13,1,SIM_EXISTING_HIGH,1,REALLOC_EXIST,0.0
rl3,cenario3_tudo_aleatorio/180-600s_10-30percent,13,1,SIM_EXISTING_HIGH,2,FORM_NEW_CLUST,0.0
rl3,cenario3_tudo_aleatorio/180-600s_10-30percent,13,2,SIM_ORPHAN_LOW,0,DO_NOT_ALLOC,3.01834
rl3,cenario3_tudo_aleatorio/180-600s_10-30percent,13,2,SIM_ORPHAN_LOW,1,REALLOC_EXIST,35.0897
rl3,cenario3_tudo_aleatorio/180-600s_10-30percent,13,2,SIM_ORPHAN_LOW,2,FORM_NEW_CLUST,14.9388
rl3,cenario3_tudo_aleatorio/180-600s_10-30percent,13,3,SIM_EXISTING_LOW,0,DO_NOT_ALLOC,0.0
rl3,cenario3_tudo_aleatorio/180-600s_10-30percent,13,3,SIM_EXISTING_LOW,1,REALLOC_EXIST,0.0
rl3,cenario3_tudo_aleatorio/180-600s_10-30percent,13,3,SIM_EXISTING_LOW,2,FORM_NEW_CLUST,0.0
rl3,cenario3_tudo_aleatorio/180-600s_10-30percent,14,0,SIM_ORPHAN_HIGH,0,DO_NOT_ALLOC,24.5084
rl3,cenario3_tudo_aleatorio/180-600s_10-30percent,14,0,SIM_ORPHAN_HIGH,1,REALLOC_EXIST,92.8151
rl3,cenario3_tudo_aleatorio/180-600s_10-30percent,14,0,SIM_ORPHAN_HIGH,2,FORM_NEW_CLUST,53.039
rl3,cenario3_tudo_aleatorio/180-600s_10-30percent,14,1,SIM_EXISTING_HIGH,0,DO_NOT_ALLOC,0.0
rl3,cenario3_tudo_aleatorio/180-600s_10-30percent,14,1,SIM_EXISTING_HIGH,1,REALLOC_EXIST,0.0
rl3,cenario3_tudo_aleatorio/180-600s_10-30percent,14,1,SIM_EXISTING_HIGH,2,FORM_NEW_CLUST,0.0
rl3,cenario3_tudo_aleatorio/180-600s_10-30percent,14,2,SIM_ORPHAN_LOW,0,DO_NOT_ALLOC,5.77145
rl3,cenario3_tudo_aleatorio/180-600s_10-30percent,14,2,SIM_ORPHAN_LOW,1,REALLOC_EXIST,52.9413
rl3,cenario3_tudo_aleatorio/180-600s_10-30percent,14,2,SIM_ORPHAN_LOW,2,FORM_NEW_CLUST,24.7367
rl3,cenario3_tudo_aleatorio/180-600s_10-30percent,14,3,SIM_EXISTING_LOW,0,DO_NOT_ALLOC,0.0
rl3,cenario3_tudo_aleatorio/180-600s_10-30percent,14,3,SIM_EXISTING_LOW,1,REALLOC_EXIST,0.0
rl3,cenario3_tudo_aleatorio/180-600s_10-30percent,14,3,SIM_EXISTING_LOW,2,FORM_NEW_CLUST,0.0
rl3,cenario3_tudo_aleatorio/180-600s_10-30percent,15,0,SIM_ORPHAN_HIGH,0,DO_NOT_ALLOC,24.5084
rl3,cenario3_tudo_aleatorio/180-600s_10-30percent,15,0,SIM_ORPHAN_HIGH,1,REALLOC_EXIST,93.6314
rl3,cenario3_tudo_aleatorio/180-600s_10-30percent,15,0,SIM_ORPHAN_HIGH,2,FORM_NEW_CLUST,53.039
rl3,cenario3_tudo_aleatorio/180-600s_10-30percent,15,1,SIM_EXISTING_HIGH,0,DO_NOT_ALLOC,0.0
rl3,cenario3_tudo_aleatorio/180-600s_10-30percent,15,1,SIM_EXISTING_HIGH,1,REALLOC_EXIST,0.0
rl3,cenario3_tudo_aleatorio/180-600s_10-30percent,15,1,SIM_EXISTING_HIGH,2,FORM_NEW_CLUST,0.0
rl3,cenario3_tudo_aleatorio/180-600s_10-30percent,15,2,SIM_ORPHAN_LOW,0,DO_NOT_ALLOC,5.77145
rl3,cenario3_tudo_aleatorio/180-600s_10-30percent,15,2,SIM_ORPHAN_LOW,1,REALLOC_EXIST,52.9413
rl3,cenario3_tudo_aleatorio/180-600s_10-30percent,15,2,SIM_ORPHAN_LOW,2,FORM_NEW_CLUST,24.7367
rl3,cenario3_tudo_aleatorio/180-600s_10-30percent,15,3,SIM_EXISTING_LOW,0,DO_NOT_ALLOC,0.0
rl3,cenario3_tudo_aleatorio/180-600s_10-30percent,15,3,SIM_EXISTING_LOW,1,REALLOC_EXIST,0.0
rl3,cenario3_tudo_aleatorio/180-600s_10-30percent,15,3,SIM_EXISTING_LOW,2,FORM_NEW_CLUST,0.0
rl3,cenario3_tudo_aleatorio/180-600s_10-30percent,16,0,SIM_ORPHAN_HIGH,0,DO_NOT_ALLOC,24.5084
rl3,cenario3_tudo_aleatorio/180-600s_10-30percent,16,0,SIM_ORPHAN_HIGH,1,REALLOC_EXIST,94.7911
rl3,cenario3_tudo_aleatorio/180-600s_10-30percent,16,0,SIM_ORPHAN_HIGH,2,FORM_NEW_CLUST,53.039
rl3,cenario3_tudo_aleatorio/180-600s_10-30percent,16,1,SIM_EXISTING_HIGH,0,DO_NOT_ALLOC,0.0
rl3,cenario3_tudo_aleatorio/180-600s_10-30percent,16,1,SIM_EXISTING_HIGH,1,REALLOC_EXIST,0.0
rl3,cenario3_tudo_aleatorio/180-600s_10-30percent,16,1,SIM_EXISTING_HIGH,2,FORM_NEW_CLUST,0.0
rl3,cenario3_tudo_aleatorio/180-600s_10-30percent,16,2,SIM_ORPHAN_LOW,0,DO_NOT_ALLOC,5.77145
rl3,cenario3_tudo_aleatorio/180-600s_10-30percent,16,2,SIM_ORPHAN_LOW,1,REALLOC_EXIST,52.9413
rl3,cenario3_tudo_aleatorio/180-600s_10-30percent,16,2,SIM_ORPHAN_LOW,2,FORM_NEW_CLUST,24.7367
rl3,cenario3_tudo_aleatorio/180-600s_10-30percent,16,3,SIM_EXISTING_LOW,0,DO_NOT_ALLOC,0.0
rl3,cenario3_tudo_aleatorio/180-600s_10-30percent,16,3,SIM_EXISTING_LOW,1,REALLOC_EXIST,0.0
rl3,cenario3_tudo_aleatorio/180-600s_10-30percent,16,3,SIM_EXISTING_LOW,2,FORM_NEW_CLUST,0.0
rl3,cenario3_tudo_aleatorio/180-600s_10-30percent,17,0,SIM_ORPHAN_HIGH,0,DO_NOT_ALLOC,30.1624
rl3,cenario3_tudo_aleatorio/180-600s_10-30percent,17,0,SIM_ORPHAN_HIGH,1,REALLOC_EXIST,95.7822
rl3,cenario3_tudo_aleatorio/180-600s_10-30percent,17,0,SIM_ORPHAN_HIGH,2,FORM_NEW_CLUST,57.271
rl3,cenario3_tudo_aleatorio/180-600s_10-30percent,17,1,SIM_EXISTING_HIGH,0,DO_NOT_ALLOC,0.0
rl3,cenario3_tudo_aleatorio/180-600s_10-30percent,17,1,SIM_EXISTING_HIGH,1,REALLOC_EXIST,0.0
rl3,cenario3_tudo_aleatorio/180-600s_10-30percent,17,1,SIM_EXISTING_HIGH,2,FORM_NEW_CLUST,0.0
rl3,cenario3_tudo_aleatorio/180-600s_10-30percent,17,2,SIM_ORPHAN_LOW,0,DO_NOT_ALLOC,5.77145
rl3,cenario3_tudo_aleatorio/180-600s_10-30percent,17,2,SIM_ORPHAN_LOW,1,REALLOC_EXIST,52.9413
rl3,cenario3_tudo_aleatorio/180-600s_10-30percent,17,2,SIM_ORPHAN_LOW,2,FORM_NEW_CLUST,24.7367
rl3,cenario3_tudo_aleatorio/180-600s_10-30percent,17,3,SIM_EXISTING_LOW,0,DO_NOT_ALLOC,0.0
rl3,cenario3_tudo_aleatorio/180-600s_10-30percent,17,3,SIM_EXISTING_LOW,1,REALLOC_EXIST,0.0
rl3,cenario3_tudo_aleatorio/180-600s_10-30percent,17,3,SIM_EXISTING_LOW,2,FORM_NEW_CLUST,0.0
rl3,cenario3_tudo_aleatorio/180-600s_10-30percent,18,0,SIM_ORPHAN_HIGH,0,DO_NOT_ALLOC,30.1624
rl3,cenario3_tudo_aleatorio/180-600s_10-30percent,18,0,SIM_ORPHAN_HIGH,1,REALLOC_EXIST,96.4446
rl3,cenario3_tudo_aleatorio/180-600s_10-30percent,18,0,SIM_ORPHAN_HIGH,2,FORM_NEW_CLUST,57.271
rl3,cenario3_tudo_aleatorio/180-600s_10-30percent,18,1,SIM_EXISTING_HIGH,0,DO_NOT_ALLOC,0.0
rl3,cenario3_tudo_aleatorio/180-600s_10-30percent,18,1,SIM_EXISTING_HIGH,1,REALLOC_EXIST,0.0
rl3,cenario3_tudo_aleatorio/180-600s_10-30percent,18,1,SIM_EXISTING_HIGH,2,FORM_NEW_CLUST,0.0
rl3,cenario3_tudo_aleatorio/180-600s_10-30percent,18,2,SIM_ORPHAN_LOW,0,DO_NOT_ALLOC,5.77145
rl3,cenario3_tudo_aleatorio/180-600s_10-30percent,18,2,SIM_ORPHAN_LOW,1,REALLOC_EXIST,61.8953
rl3,cenario3_tudo_aleatorio/180-600s_10-30percent,18,2,SIM_ORPHAN_LOW,2,FORM_NEW_CLUST,28.4327
rl3,cenario3_tudo_aleatorio/180-600s_10-30percent,18,3,SIM_EXISTING_LOW,0,DO_NOT_ALLOC,0.0
rl3,cenario3_tudo_aleatorio/180-600s_10-30percent,18,3,SIM_EXISTING_LOW,1,REALLOC_EXIST,0.0
rl3,cenario3_tudo_aleatorio/180-600s_10-30percent,18,3,SIM_EXISTING_LOW,2,FORM_NEW_CLUST,0.0
rl3,cenario3_tudo_aleatorio/180-600s_10-30percent,19,0,SIM_ORPHAN_HIGH,0,DO_NOT_ALLOC,30.1624
rl3,cenario3_tudo_aleatorio/180-600s_10-30percent,19,0,SIM_ORPHAN_HIGH,1,REALLOC_EXIST,97.2066
rl3,cenario3_tudo_aleatorio/180-600s_10-30percent,19,0,SIM_ORPHAN_HIGH,2,FORM_NEW_CLUST,61.2769
rl3,cenario3_tudo_aleatorio/180-600s_10-30percent,19,1,SIM_EXISTING_HIGH,0,DO_NOT_ALLOC,0.0
rl3,cenario3_tudo_aleatorio/180-600s_10-30percent,19,1,SIM_EXISTING_HIGH,1,REALLOC_EXIST,0.0
rl3,cenario3_tudo_aleatorio/180-600s_10-30percent,19,1,SIM_EXISTING_HIGH,2,FORM_NEW_CLUST,0.0
rl3,cenario3_tudo_aleatorio/180-600s_10-30percent,19,2,SIM_ORPHAN_LOW,0,DO_NOT_ALLOC,5.77145
rl3,cenario3_tudo_aleatorio/180-600s_10-30percent,19,2,SIM_ORPHAN_LOW,1,REALLOC_EXIST,61.8953
rl3,cenario3_tudo_aleatorio/180-600s_10-30percent,19,2,SIM_ORPHAN_LOW,2,FORM_NEW_CLUST,28.4327
rl3,cenario3_tudo_aleatorio/180-600s_10-30percent,19,3,SIM_EXISTING_LOW,0,DO_NOT_ALLOC,0.0
rl3,cenario3_tudo_aleatorio/180-600s_10-30percent,19,3,SIM_EXISTING_LOW,1,REALLOC_EXIST,0.0
rl3,cenario3_tudo_aleatorio/180-600s_10-30percent,19,3,SIM_EXISTING_LOW,2,FORM_NEW_CLUST,0.0
rl3,cenario3_tudo_aleatorio/180-600s_10-30percent,20,0,SIM_ORPHAN_HIGH,0,DO_NOT_ALLOC,40.1229
rl3,cenario3_tudo_aleatorio/180-600s_10-30percent,20,0,SIM_ORPHAN_HIGH,1,REALLOC_EXIST,97.6215
rl3,cenario3_tudo_aleatorio/180-600s_10-30percent,20,0,SIM_ORPHAN_HIGH,2,FORM_NEW_CLUST,68.2025
rl3,cenario3_tudo_aleatorio/180-600s_10-30percent,20,1,SIM_EXISTING_HIGH,0,DO_NOT_ALLOC,0.0
rl3,cenario3_tudo_aleatorio/180-600s_10-30percent,20,1,SIM_EXISTING_HIGH,1,REALLOC_EXIST,0.0
rl3,cenario3_tudo_aleatorio/180-600s_10-30percent,20,1,SIM_EXISTING_HIGH,2,FORM_NEW_CLUST,0.0
rl3,cenario3_tudo_aleatorio/180-600s_10-30percent,20,2,SIM_ORPHAN_LOW,0,DO_NOT_ALLOC,10.5928
rl3,cenario3_tudo_aleatorio/180-600s_10-30percent,20,2,SIM_ORPHAN_LOW,1,REALLOC_EXIST,65.8834
rl3,cenario3_tudo_aleatorio/180-600s_10-30percent,20,2,SIM_ORPHAN_LOW,2,FORM_NEW_CLUST,28.4327
rl3,cenario3_tudo_aleatorio/180-600s_10-30percent,20,3,SIM_EXISTING_LOW,0,DO_NOT_ALLOC,0.0
rl3,cenario3_tudo_aleatorio/180-600s_10-30percent,20,3,SIM_EXISTING_LOW,1,REALLOC_EXIST,0.0
rl3,cenario3_tudo_aleatorio/180-600s_10-30percent,20,3,SIM_EXISTING_LOW,2,FORM_NEW_CLUST,0.0
rl3,cenario3_tudo_aleatorio/180-600s_10-30percent,21,0,SIM_ORPHAN_HIGH,0,DO_NOT_ALLOC,40.1229
rl3,cenario3_tudo_aleatorio/180-600s_10-30percent,21,0,SIM_ORPHAN_HIGH,1,REALLOC_EXIST,98.2049
rl3,cenario3_tudo_aleatorio/180-600s_10-30percent,21,0,SIM_ORPHAN_HIGH,2,FORM_NEW_CLUST,71.2018
rl3,cenario3_tudo_aleatorio/180-600s_10-30percent,21,1,SIM_EXISTING_HIGH,0,DO_NOT_ALLOC,0.0
rl3,cenario3_tudo_aleatorio/180-600s_10-30percent,21,1,SIM_EXISTING_HIGH,1,REALLOC_EXIST,0.0
rl3,cenario3_tudo_aleatorio/180-600s_10-30percent,21,1,SIM_EXISTING_HIGH,2,FORM_NEW_CLUST,0.0
rl3,cenario3_tudo_aleatorio/180-600s_10-30percent,21,2,SIM_ORPHAN_LOW,0,DO_NOT_ALLOC,10.5928
rl3,cenario3_tudo_aleatorio/180-600s_10-30percent,21,2,SIM_ORPHAN_LOW,1,REALLOC_EXIST,65.8834
rl3,cenario3_tudo_aleatorio/180-600s_10-30percent,21,2,SIM_ORPHAN_LOW,2,FORM_NEW_CLUST,28.4327
rl3,cenario3_tudo_aleatorio/180-600s_10-30percent,21,3,SIM_EXISTING_LOW,0,DO_NOT_ALLOC,0.0
rl3,cenario3_tudo_aleatorio/180-600s_10-30percent,21,3,SIM_EXISTING_LOW,1,REALLOC_EXIST,0.0
rl3,cenario3_tudo_aleatorio/180-600s_10-30percent,21,3,SIM_EXISTING_LOW,2,FORM_NEW_CLUST,0.0
rl3,cenario3_tudo_aleatorio/180-600s_10-30percent,22,0,SIM_ORPHAN_HIGH,0,DO_NOT_ALLOC,44.4523
rl3,cenario3_tudo_aleatorio/180-600s_10-30percent,22,0,SIM_ORPHAN_HIGH,1,REALLOC_EXIST,98.6452
rl3,cenario3_tudo_aleatorio/180-600s_10-30percent,22,0,SIM_ORPHAN_HIGH,2,FORM_NEW_CLUST,76.3712
rl3,cenario3_tudo_aleatorio/180-600s_10-30percent,22,1,SIM_EXISTING_HIGH,0,DO_NOT_ALLOC,0.0
rl3,cenario3_tudo_aleatorio/180-600s_10-30percent,22,1,SIM_EXISTING_HIGH,1,REALLOC_EXIST,0.0
rl3,cenario3_tudo_aleatorio/180-600s_10-30percent,22,1,SIM_EXISTING_HIGH,2,FORM_NEW_CLUST,0.0
rl3,cenario3_tudo_aleatorio/180-600s_10-30percent,22,2,SIM_ORPHAN_LOW,0,DO_NOT_ALLOC,10.5928
rl3,cenario3_tudo_aleatorio/180-600s_10-30percent,22,2,SIM_ORPHAN_LOW,1,REALLOC_EXIST,65.8834
rl3,cenario3_tudo_aleatorio/180-600s_10-30percent,22,2,SIM_ORPHAN_LOW,2,FORM_NEW_CLUST,28.4327
rl3,cenario3_tudo_aleatorio/180-600s_10-30percent,22,3,SIM_EXISTING_LOW,0,DO_NOT_ALLOC,0.0
rl3,cenario3_tudo_aleatorio/180-600s_10-30percent,22,3,SIM_EXISTING_LOW,1,REALLOC_EXIST,0.0
rl3,cenario3_tudo_aleatorio/180-600s_10-30percent,22,3,SIM_EXISTING_LOW,2,FORM_NEW_CLUST,0.0
rl3,cenario3_tudo_aleatorio/180-600s_10-30percent,23,0,SIM_ORPHAN_HIGH,0,DO_NOT_ALLOC,51.9992
rl3,cenario3_tudo_aleatorio/180-600s_10-30percent,23,0,SIM_ORPHAN_HIGH,1,REALLOC_EXIST,99.2879
rl3,cenario3_tudo_aleatorio/180-600s_10-30percent,23,0,SIM_ORPHAN_HIGH,2,FORM_NEW_CLUST,80.6839
rl3,cenario3_tudo_aleatorio/180-600s_10-30percent,23,1,SIM_EXISTING_HIGH,0,DO_NOT_ALLOC,0.0
rl3,cenario3_tudo_aleatorio/180-600s_10-30percent,23,1,SIM_EXISTING_HIGH,1,REALLOC_EXIST,0.0
rl3,cenario3_tudo_aleatorio/180-600s_10-30percent,23,1,SIM_EXISTING_HIGH,2,FORM_NEW_CLUST,0.0
rl3,cenario3_tudo_aleatorio/180-600s_10-30percent,23,2,SIM_ORPHAN_LOW,0,DO_NOT_ALLOC,10.5928
rl3,cenario3_tudo_aleatorio/180-600s_10-30percent,23,2,SIM_ORPHAN_LOW,1,REALLOC_EXIST,65.8834
rl3,cenario3_tudo_aleatorio/180-600s_10-30percent,23,2,SIM_ORPHAN_LOW,2,FORM_NEW_CLUST,28.4327
rl3,cenario3_tudo_aleatorio/180-600s_10-30percent,23,3,SIM_EXISTING_LOW,0,DO_NOT_ALLOC,0.0
rl3,cenario3_tudo_aleatorio/180-600s_10-30percent,23,3,SIM_EXISTING_LOW,1,REALLOC_EXIST,0.0
rl3,cenario3_tudo_aleatorio/180-600s_10-30percent,23,3,SIM_EXISTING_LOW,2,FORM_NEW_CLUST,0.0
rl3,cenario3_tudo_aleatorio/180-600s_10-30percent,24,0,SIM_ORPHAN_HIGH,0,DO_NOT_ALLOC,51.9992
rl3,cenario3_tudo_aleatorio/180-600s_10-30percent,24,0,SIM_ORPHAN_HIGH,1,REALLOC_EXIST,99.4234
rl3,cenario3_tudo_aleatorio/180-600s_10-30percent,24,0,SIM_ORPHAN_HIGH,2,FORM_NEW_CLUST,84.2461
rl3,cenario3_tudo_aleatorio/180-600s_10-30percent,24,1,SIM_EXISTING_HIGH,0,DO_NOT_ALLOC,0.0
rl3,cenario3_tudo_aleatorio/180-600s_10-30percent,24,1,SIM_EXISTING_HIGH,1,REALLOC_EXIST,0.0
rl3,cenario3_tudo_aleatorio/180-600s_10-30percent,24,1,SIM_EXISTING_HIGH,2,FORM_NEW_CLUST,0.0
rl3,cenario3_tudo_aleatorio/180-600s_10-30percent,24,2,SIM_ORPHAN_LOW,0,DO_NOT_ALLOC,10.5928
rl3,cenario3_tudo_aleatorio/180-600s_10-30percent,24,2,SIM_ORPHAN_LOW,1,REALLOC_EXIST,65.8834
rl3,cenario3_tudo_aleatorio/180-600s_10-30percent,24,2,SIM_ORPHAN_LOW,2,FORM_NEW_CLUST,28.4327
rl3,cenario3_tudo_aleatorio/180-600s_10-30percent,24,3,SIM_EXISTING_LOW,0,DO_NOT_ALLOC,0.0
rl3,cenario3_tudo_aleatorio/180-600s_10-30percent,24,3,SIM_EXISTING_LOW,1,REALLOC_EXIST,0.0
rl3,cenario3_tudo_aleatorio/180-600s_10-30percent,24,3,SIM_EXISTING_LOW,2,FORM_NEW_CLUST,0.0
rl3,cenario3_tudo_aleatorio/180-600s_10-30percent,25,0,SIM_ORPHAN_HIGH,0,DO_NOT_ALLOC,58.1766
rl3,cenario3_tudo_aleatorio/180-600s_10-30percent,25,0,SIM_ORPHAN_HIGH,1,REALLOC_EXIST,99.5188
rl3,cenario3_tudo_aleatorio/180-600s_10-30percent,25,0,SIM_ORPHAN_HIGH,2,FORM_NEW_CLUST,85.7701
rl3,cenario3_tudo_aleatorio/180-600s_10-30percent,25,1,SIM_EXISTING_HIGH,0,DO_NOT_ALLOC,0.0
rl3,cenario3_tudo_aleatorio/180-600s_10-30percent,25,1,SIM_EXISTING_HIGH,1,REALLOC_EXIST,0.0
rl3,cenario3_tudo_aleatorio/180-600s_10-30percent,25,1,SIM_EXISTING_HIGH,2,FORM_NEW_CLUST,0.0
rl3,cenario3_tudo_aleatorio/180-600s_10-30percent,25,2,SIM_ORPHAN_LOW,0,DO_NOT_ALLOC,10.5928
rl3,cenario3_tudo_aleatorio/180-600s_10-30percent,25,2,SIM_ORPHAN_LOW,1,REALLOC_EXIST,69.1456
rl3,cenario3_tudo_aleatorio/180-600s_10-30percent,25,2,SIM_ORPHAN_LOW,2,FORM_NEW_CLUST,28.4327
rl3,cenario3_tudo_aleatorio/180-600s_10-30percent,25,3,SIM_EXISTING_LOW,0,DO_NOT_ALLOC,0.0
rl3,cenario3_tudo_aleatorio/180-600s_10-30percent,25,3,SIM_EXISTING_LOW,1,REALLOC_EXIST,0.0
rl3,cenario3_tudo_aleatorio/180-600s_10-30percent,25,3,SIM_EXISTING_LOW,2,FORM_NEW_CLUST,0.0
rl3,cenario3_tudo_aleatorio/180-600s_10-30percent,26,0,SIM_ORPHAN_HIGH,0,DO_NOT_ALLOC,60.8169
rl3,cenario3_tudo_aleatorio/180-600s_10-30percent,26,0,SIM_ORPHAN_HIGH,1,REALLOC_EXIST,99.6368
rl3,cenario3_tudo_aleatorio/180-600s_10-30percent,26,0,SIM_ORPHAN_HIGH,2,FORM_NEW_CLUST,85.7701
rl3,cenario3_tudo_aleatorio/180-600s_10-30percent,26,1,SIM_EXISTING_HIGH,0,DO_NOT_ALLOC,0.0
rl3,cenario3_tudo_aleatorio/180-600s_10-30percent,26,1,SIM_EXISTING_HIGH,1,REALLOC_EXIST,0.0
rl3,cenario3_tudo_aleatorio/180-600s_10-30percent,26,1,SIM_EXISTING_HIGH,2,FORM_NEW_CLUST,0.0
rl3,cenario3_tudo_aleatorio/180-600s_10-30percent,26,2,SIM_ORPHAN_LOW,0,DO_NOT_ALLOC,10.5928
rl3,cenario3_tudo_aleatorio/180-600s_10-30percent,26,2,SIM_ORPHAN_LOW,1,REALLOC_EXIST,73.4634
rl3,cenario3_tudo_aleatorio/180-600s_10-30percent,26,2,SIM_ORPHAN_LOW,2,FORM_NEW_CLUST,33.128
rl3,cenario3_tudo_aleatorio/180-600s_10-30percent,26,3,SIM_EXISTING_LOW,0,DO_NOT_ALLOC,0.0
rl3,cenario3_tudo_aleatorio/180-600s_10-30percent,26,3,SIM_EXISTING_LOW,1,REALLOC_EXIST,0.0
rl3,cenario3_tudo_aleatorio/180-600s_10-30percent,26,3,SIM_EXISTING_LOW,2,FORM_NEW_CLUST,0.0
rl3,cenario3_tudo_aleatorio/180-600s_10-30percent,27,0,SIM_ORPHAN_HIGH,0,DO_NOT_ALLOC,63.2035
rl3,cenario3_tudo_aleatorio/180-600s_10-30percent,27,0,SIM_ORPHAN_HIGH,1,REALLOC_EXIST,99.7118
rl3,cenario3_tudo_aleatorio/180-600s_10-30percent,27,0,SIM_ORPHAN_HIGH,2,FORM_NEW_CLUST,87.1671
rl3,cenario3_tudo_aleatorio/180-600s_10-30percent,27,1,SIM_EXISTING_HIGH,0,DO_NOT_ALLOC,0.0
rl3,cenario3_tudo_aleatorio/180-600s_10-30percent,27,1,SIM_EXISTING_HIGH,1,REALLOC_EXIST,0.0
rl3,cenario3_tudo_aleatorio/180-600s_10-30percent,27,1,SIM_EXISTING_HIGH,2,FORM_NEW_CLUST,0.0
rl3,cenario3_tudo_aleatorio/180-600s_10-30percent,27,2,SIM_ORPHAN_LOW,0,DO_NOT_ALLOC,10.5928
rl3,cenario3_tudo_aleatorio/180-600s_10-30percent,27,2,SIM_ORPHAN_LOW,1,REALLOC_EXIST,73.4634
rl3,cenario3_tudo_aleatorio/180-600s_10-30percent,27,2,SIM_ORPHAN_LOW,2,FORM_NEW_CLUST,33.128
rl3,cenario3_tudo_aleatorio/180-600s_10-30percent,27,3,SIM_EXISTING_LOW,0,DO_NOT_ALLOC,0.0
rl3,cenario3_tudo_aleatorio/180-600s_10-30percent,27,3,SIM_EXISTING_LOW,1,REALLOC_EXIST,0.0
rl3,cenario3_tudo_aleatorio/180-600s_10-30percent,27,3,SIM_EXISTING_LOW,2,FORM_NEW_CLUST,0.0
rl3,cenario3_tudo_aleatorio/180-600s_10-30percent,28,0,SIM_ORPHAN_HIGH,0,DO_NOT_ALLOC,63.2035
rl3,cenario3_tudo_aleatorio/180-600s_10-30percent,28,0,SIM_ORPHAN_HIGH,1,REALLOC_EXIST,99.7521
rl3,cenario3_tudo_aleatorio/180-600s_10-30percent,28,0,SIM_ORPHAN_HIGH,2,FORM_NEW_CLUST,87.1671
rl3,cenario3_tudo_aleatorio/180-600s_10-30percent,28,1,SIM_EXISTING_HIGH,0,DO_NOT_ALLOC,0.0
rl3,cenario3_tudo_aleatorio/180-600s_10-30percent,28,1,SIM_EXISTING_HIGH,1,REALLOC_EXIST,0.0
rl3,cenario3_tudo_aleatorio/180-600s_10-30percent,28,1,SIM_EXISTING_HIGH,2,FORM_NEW_CLUST,0.0
rl3,cenario3_tudo_aleatorio/180-600s_10-30percent,28,2,SIM_ORPHAN_LOW,0,DO_NOT_ALLOC,10.5928
rl3,cenario3_tudo_aleatorio/180-600s_10-30percent,28,2,SIM_ORPHAN_LOW,1,REALLOC_EXIST,73.4634
rl3,cenario3_tudo_aleatorio/180-600s_10-30percent,28,2,SIM_ORPHAN_LOW,2,FORM_NEW_CLUST,33.128
rl3,cenario3_tudo_aleatorio/180-600s_10-30percent,28,3,SIM_EXISTING_LOW,0,DO_NOT_ALLOC,0.0
rl3,cenario3_tudo_aleatorio/180-600s_10-30percent,28,3,SIM_EXISTING_LOW,1,REALLOC_EXIST,0.0
rl3,cenario3_tudo_aleatorio/180-600s_10-30percent,28,3,SIM_EXISTING_LOW,2,FORM_NEW_CLUST,0.0
rl3,cenario3_tudo_aleatorio/180-600s_10-30percent,29,0,SIM_ORPHAN_HIGH,0,DO_NOT_ALLOC,63.2035
rl3,cenario3_tudo_aleatorio/180-600s_10-30percent,29,0,SIM_ORPHAN_HIGH,1,REALLOC_EXIST,99.8052
rl3,cenario3_tudo_aleatorio/180-600s_10-30percent,29,0,SIM_ORPHAN_HIGH,2,FORM_NEW_CLUST,87.1671
rl3,cenario3_tudo_aleatorio/180-600s_10-30percent,29,1,SIM_EXISTING_HIGH,0,DO_NOT_ALLOC,0.0
rl3,cenario3_tudo_aleatorio/180-600s_10-30percent,29,1,SIM_EXISTING_HIGH,1,REALLOC_EXIST,0.0
rl3,cenario3_tudo_aleatorio/180-600s_10-30percent,29,1,SIM_EXISTING_HIGH,2,FORM_NEW_CLUST,0.0
rl3,cenario3_tudo_aleatorio/180-600s_10-30percent,29,2,SIM_ORPHAN_LOW,0,DO_NOT_ALLOC,10.5928
rl3,cenario3_tudo_aleatorio/180-600s_10-30percent,29,2,SIM_ORPHAN_LOW,1,REALLOC_EXIST,73.4634
rl3,cenario3_tudo_aleatorio/180-600s_10-30percent,29,2,SIM_ORPHAN_LOW,2,FORM_NEW_CLUST,33.128
rl3,cenario3_tudo_aleatorio/180-600s_10-30percent,29,3,SIM_EXISTING_LOW,0,DO_NOT_ALLOC,0.0
rl3,cenario3_tudo_aleatorio/180-600s_10-30percent,29,3,SIM_EXISTING_LOW,1,REALLOC_EXIST,0.0
rl3,cenario3_tudo_aleatorio/180-600s_10-30percent,29,3,SIM_EXISTING_LOW,2,FORM_NEW_CLUST,0.0
rl3,cenario3_tudo_aleatorio/180-600s_10-30percent,30,0,SIM_ORPHAN_HIGH,0,DO_NOT_ALLOC,63.2035
rl3,cenario3_tudo_aleatorio/180-600s_10-30percent,30,0,SIM_ORPHAN_HIGH,1,REALLOC_EXIST,99.8423
rl3,cenario3_tudo_aleatorio/180-600s_10-30percent,30,0,SIM_ORPHAN_HIGH,2,FORM_NEW_CLUST,87.1671
rl3,cenario3_tudo_aleatorio/180-600s_10-30percent,30,1,SIM_EXISTING_HIGH,0,DO_NOT_ALLOC,0.0
rl3,cenario3_tudo_aleatorio/180-600s_10-30percent,30,1,SIM_EXISTING_HIGH,1,REALLOC_EXIST,0.0
rl3,cenario3_tudo_aleatorio/180-600s_10-30percent,30,1,SIM_EXISTING_HIGH,2,FORM_NEW_CLUST,0.0
rl3,cenario3_tudo_aleatorio/180-600s_10-30percent,30,2,SIM_ORPHAN_LOW,0,DO_NOT_ALLOC,15.7162
rl3,cenario3_tudo_aleatorio/180-600s_10-30percent,30,2,SIM_ORPHAN_LOW,1,REALLOC_EXIST,80.1726
rl3,cenario3_tudo_aleatorio/180-600s_10-30percent,30,2,SIM_ORPHAN_LOW,2,FORM_NEW_CLUST,41.9926
rl3,cenario3_tudo_aleatorio/180-600s_10-30percent,30,3,SIM_EXISTING_LOW,0,DO_NOT_ALLOC,0.0
rl3,cenario3_tudo_aleatorio/180-600s_10-30percent,30,3,SIM_EXISTING_LOW,1,REALLOC_EXIST,0.0
rl3,cenario3_tudo_aleatorio/180-600s_10-30percent,30,3,SIM_EXISTING_LOW,2,FORM_NEW_CLUST,0.0
rl3,cenario3_tudo_aleatorio/180-600s_10-30percent,31,0,SIM_ORPHAN_HIGH,0,DO_NOT_ALLOC,63.2035
rl3,cenario3_tudo_aleatorio/180-600s_10-30percent,31,0,SIM_ORPHAN_HIGH,1,REALLOC_EXIST,99.8891
rl3,cenario3_tudo_aleatorio/180-600s_10-30percent,31,0,SIM_ORPHAN_HIGH,2,FORM_NEW_CLUST,90.6121
rl3,cenario3_tudo_aleatorio/180-600s_10-30percent,31,1,SIM_EXISTING_HIGH,0,DO_NOT_ALLOC,0.0
rl3,cenario3_tudo_aleatorio/180-600s_10-30percent,31,1,SIM_EXISTING_HIGH,1,REALLOC_EXIST,0.0
rl3,cenario3_tudo_aleatorio/180-600s_10-30percent,31,1,SIM_EXISTING_HIGH,2,FORM_NEW_CLUST,0.0
rl3,cenario3_tudo_aleatorio/180-600s_10-30percent,31,2,SIM_ORPHAN_LOW,0,DO_NOT_ALLOC,15.7162
rl3,cenario3_tudo_aleatorio/180-600s_10-30percent,31,2,SIM_ORPHAN_LOW,1,REALLOC_EXIST,80.1726
rl3,cenario3_tudo_aleatorio/180-600s_10-30percent,31,2,SIM_ORPHAN_LOW,2,FORM_NEW_CLUST,41.9926
rl3,cenario3_tudo_aleatorio/180-600s_10-30percent,31,3,SIM_EXISTING_LOW,0,DO_NOT_ALLOC,0.0
rl3,cenario3_tudo_aleatorio/180-600s_10-30percent,31,3,SIM_EXISTING_LOW,1,REALLOC_EXIST,0.0
rl3,cenario3_tudo_aleatorio/180-600s_10-30percent,31,3,SIM_EXISTING_LOW,2,FORM_NEW_CLUST,0.0
rl3,cenario3_tudo_aleatorio/180-600s_10-30percent,32,0,SIM_ORPHAN_HIGH,0,DO_NOT_ALLOC,69.088
rl3,cenario3_tudo_aleatorio/180-600s_10-30percent,32,0,SIM_ORPHAN_HIGH,1,REALLOC_EXIST,99.9287
rl3,cenario3_tudo_aleatorio/180-600s_10-30percent,32,0,SIM_ORPHAN_HIGH,2,FORM_NEW_CLUST,91.5414
rl3,cenario3_tudo_aleatorio/180-600s_10-30percent,32,1,SIM_EXISTING_HIGH,0,DO_NOT_ALLOC,0.0
rl3,cenario3_tudo_aleatorio/180-600s_10-30percent,32,1,SIM_EXISTING_HIGH,1,REALLOC_EXIST,0.0
rl3,cenario3_tudo_aleatorio/180-600s_10-30percent,32,1,SIM_EXISTING_HIGH,2,FORM_NEW_CLUST,0.0
rl3,cenario3_tudo_aleatorio/180-600s_10-30percent,32,2,SIM_ORPHAN_LOW,0,DO_NOT_ALLOC,15.7162
rl3,cenario3_tudo_aleatorio/180-600s_10-30percent,32,2,SIM_ORPHAN_LOW,1,REALLOC_EXIST,80.1726
rl3,cenario3_tudo_aleatorio/180-600s_10-30percent,32,2,SIM_ORPHAN_LOW,2,FORM_NEW_CLUST,41.9926
rl3,cenario3_tudo_aleatorio/180-600s_10-30percent,32,3,SIM_EXISTING_LOW,0,DO_NOT_ALLOC,0.0
rl3,cenario3_tudo_aleatorio/180-600s_10-30percent,32,3,SIM_EXISTING_LOW,1,REALLOC_EXIST,0.0
rl3,cenario3_tudo_aleatorio/180-600s_10-30percent,32,3,SIM_EXISTING_LOW,2,FORM_NEW_CLUST,0.0
rl3,cenario3_tudo_aleatorio/180-600s_10-30percent,33,0,SIM_ORPHAN_HIGH,0,DO_NOT_ALLOC,70.673
rl3,cenario3_tudo_aleatorio/180-600s_10-30percent,33,0,SIM_ORPHAN_HIGH,1,REALLOC_EXIST,99.9434
rl3,cenario3_tudo_aleatorio/180-600s_10-30percent,33,0,SIM_ORPHAN_HIGH,2,FORM_NEW_CLUST,91.5414
rl3,cenario3_tudo_aleatorio/180-600s_10-30percent,33,1,SIM_EXISTING_HIGH,0,DO_NOT_ALLOC,0.0
rl3,cenario3_tudo_aleatorio/180-600s_10-30percent,33,1,SIM_EXISTING_HIGH,1,REALLOC_EXIST,0.0
rl3,cenario3_tudo_aleatorio/180-600s_10-30percent,33,1,SIM_EXISTING_HIGH,2,FORM_NEW_CLUST,0.0
rl3,cenario3_tudo_aleatorio/180-600s_10-30percent,33,2,SIM_ORPHAN_LOW,0,DO_NOT_ALLOC,15.7162
rl3,cenario3_tudo_aleatorio/180-600s_10-30percent,33,2,SIM_ORPHAN_LOW,1,REALLOC_EXIST,80.1726
rl3,cenario3_tudo_aleatorio/180-600s_10-30percent,33,2,SIM_ORPHAN_LOW,2,FORM_NEW_CLUST,41.9926
rl3,cenario3_tudo_aleatorio/180-600s_10-30percent,33,3,SIM_EXISTING_LOW,0,DO_NOT_ALLOC,0.0
rl3,cenario3_tudo_aleatorio/180-600s_10-30percent,33,3,SIM_EXISTING_LOW,1,REALLOC_EXIST,0.0
rl3,cenario3_tudo_aleatorio/180-600s_10-30percent,33,3,SIM_EXISTING_LOW,2,FORM_NEW_CLUST,0.0
rl3,cenario3_tudo_aleatorio/180-600s_10-30percent,34,0,SIM_ORPHAN_HIGH,0,DO_NOT_ALLOC,73.3875
rl3,cenario3_tudo_aleatorio/180-600s_10-30percent,34,0,SIM_ORPHAN_HIGH,1,REALLOC_EXIST,99.9654
rl3,cenario3_tudo_aleatorio/180-600s_10-30percent,34,0,SIM_ORPHAN_HIGH,2,FORM_NEW_CLUST,92.3837
rl3,cenario3_tudo_aleatorio/180-600s_10-30percent,34,1,SIM_EXISTING_HIGH,0,DO_NOT_ALLOC,0.0
rl3,cenario3_tudo_aleatorio/180-600s_10-30percent,34,1,SIM_EXISTING_HIGH,1,REALLOC_EXIST,0.0
rl3,cenario3_tudo_aleatorio/180-600s_10-30percent,34,1,SIM_EXISTING_HIGH,2,FORM_NEW_CLUST,0.0
rl3,cenario3_tudo_aleatorio/180-600s_10-30percent,34,2,SIM_ORPHAN_LOW,0,DO_NOT_ALLOC,15.7162
rl3,cenario3_tudo_aleatorio/180-600s_10-30percent,34,2,SIM_ORPHAN_LOW,1,REALLOC_EXIST,80.1726
rl3,cenario3_tudo_aleatorio/180-600s_10-30percent,34,2,SIM_ORPHAN_LOW,2,FORM_NEW_CLUST,41.9926
rl3,cenario3_tudo_aleatorio/180-600s_10-30percent,34,3,SIM_EXISTING_LOW,0,DO_NOT_ALLOC,0.0
rl3,cenario3_tudo_aleatorio/180-600s_10-30percent,34,3,SIM_EXISTING_LOW,1,REALLOC_EXIST,0.0
rl3,cenario3_tudo_aleatorio/180-600s_10-30percent,34,3,SIM_EXISTING_LOW,2,FORM_NEW_CLUST,0.0
rl3,cenario3_tudo_aleatorio/180-600s_10-30percent,35,0,SIM_ORPHAN_HIGH,0,DO_NOT_ALLOC,74.546
rl3,cenario3_tudo_aleatorio/180-600s_10-30percent,35,0,SIM_ORPHAN_HIGH,1,REALLOC_EXIST,99.9717
rl3,cenario3_tudo_aleatorio/180-600s_10-30percent,35,0,SIM_ORPHAN_HIGH,2,FORM_NEW_CLUST,93.1423
rl3,cenario3_tudo_aleatorio/180-600s_10-30percent,35,1,SIM_EXISTING_HIGH,0,DO_NOT_ALLOC,0.0
rl3,cenario3_tudo_aleatorio/180-600s_10-30percent,35,1,SIM_EXISTING_HIGH,1,REALLOC_EXIST,0.0
rl3,cenario3_tudo_aleatorio/180-600s_10-30percent,35,1,SIM_EXISTING_HIGH,2,FORM_NEW_CLUST,0.0
rl3,cenario3_tudo_aleatorio/180-600s_10-30percent,35,2,SIM_ORPHAN_LOW,0,DO_NOT_ALLOC,15.7162
rl3,cenario3_tudo_aleatorio/180-600s_10-30percent,35,2,SIM_ORPHAN_LOW,1,REALLOC_EXIST,82.0685
rl3,cenario3_tudo_aleatorio/180-600s_10-30percent,35,2,SIM_ORPHAN_LOW,2,FORM_NEW_CLUST,41.9926
rl3,cenario3_tudo_aleatorio/180-600s_10-30percent,35,3,SIM_EXISTING_LOW,0,DO_NOT_ALLOC,0.0
rl3,cenario3_tudo_aleatorio/180-600s_10-30percent,35,3,SIM_EXISTING_LOW,1,REALLOC_EXIST,0.0
rl3,cenario3_tudo_aleatorio/180-600s_10-30percent,35,3,SIM_EXISTING_LOW,2,FORM_NEW_CLUST,0.0
rl3.1,cenario1_tempo_fixo/310s_10percent,1,0,SIM_BOTH_HIGH,0,DO_NOT_ALLOC,0.0
rl3.1,cenario1_tempo_fixo/310s_10percent,1,0,SIM_BOTH_HIGH,1,REALLOC_EXIST,2.76684
rl3.1,cenario1_tempo_fixo/310s_10percent,1,0,SIM_BOTH_HIGH,2,FORM_NEW_CLUST,32.8676
rl3.1,cenario1_tempo_fixo/310s_10percent,1,1,SIM_EXISTING_HIGH,0,DO_NOT_ALLOC,0.0
rl3.1,cenario1_tempo_fixo/310s_10percent,1,1,SIM_EXISTING_HIGH,1,REALLOC_EXIST,0.0
rl3.1,cenario1_tempo_fixo/310s_10percent,1,1,SIM_EXISTING_HIGH,2,FORM_NEW_CLUST,0.0
rl3.1,cenario1_tempo_fixo/310s_10percent,1,2,SIM_ORPHAN_HIGH,0,DO_NOT_ALLOC,0.0
rl3.1,cenario1_tempo_fixo/310s_10percent,1,2,SIM_ORPHAN_HIGH,1,REALLOC_EXIST,0.0
rl3.1,cenario1_tempo_fixo/310s_10percent,1,2,SIM_ORPHAN_HIGH,2,FORM_NEW_CLUST,0.0
rl3.1,cenario1_tempo_fixo/310s_10percent,1,3,SIM_BOTH_MEDIUM,0,DO_NOT_ALLOC,0.0
rl3.1,cenario1_tempo_fixo/310s_10percent,1,3,SIM_BOTH_MEDIUM,1,REALLOC_EXIST,0.0
rl3.1,cenario1_tempo_fixo/310s_10percent,1,3,SIM_BOTH_MEDIUM,2,FORM_NEW_CLUST,0.0
rl3.1,cenario1_tempo_fixo/310s_10percent,2,0,SIM_BOTH_HIGH,0,DO_NOT_ALLOC,6.8628
rl3.1,cenario1_tempo_fixo/310s_10percent,2,0,SIM_BOTH_HIGH,1,REALLOC_EXIST,7.69491
rl3.1,cenario1_tempo_fixo/310s_10percent,2,0,SIM_BOTH_HIGH,2,FORM_NEW_CLUST,56.6923
rl3.1,cenario1_tempo_fixo/310s_10percent,2,1,SIM_EXISTING_HIGH,0,DO_NOT_ALLOC,0.0
rl3.1,cenario1_tempo_fixo/310s_10percent,2,1,SIM_EXISTING_HIGH,1,REALLOC_EXIST,0.0
rl3.1,cenario1_tempo_fixo/310s_10percent,2,1,SIM_EXISTING_HIGH,2,FORM_NEW_CLUST,0.0
rl3.1,cenario1_tempo_fixo/310s_10percent,2,2,SIM_ORPHAN_HIGH,0,DO_NOT_ALLOC,0.0
rl3.1,cenario1_tempo_fixo/310s_10percent,2,2,SIM_ORPHAN_HIGH,1,REALLOC_EXIST,0.0
rl3.1,cenario1_tempo_fixo/310s_10percent,2,2,SIM_ORPHAN_HIGH,2,FORM_NEW_CLUST,0.0
rl3.1,cenario1_tempo_fixo/310s_10percent,2,3,SIM_BOTH_MEDIUM,0,DO_NOT_ALLOC,0.0
rl3.1,cenario1_tempo_fixo/310s_10percent,2,3,SIM_BOTH_MEDIUM,1,REALLOC_EXIST,0.0
rl3.1,cenario1_tempo_fixo/310s_10percent,2,3,SIM_BOTH_MEDIUM,2,FORM_NEW_CLUST,0.0
rl3.1,cenario1_tempo_fixo/310s_10percent,3,0,SIM_BOTH_HIGH,0,DO_NOT_ALLOC,6.8628
rl3.1,cenario1_tempo_fixo/310s_10percent,3,0,SIM_BOTH_HIGH,1,REALLOC_EXIST,7.69491
rl3.1,cenario1_tempo_fixo/310s_10percent,3,0,SIM_BOTH_HIGH,2,FORM_NEW_CLUST,68.8237
rl3.1,cenario1_tempo_fixo/310s_10percent,3,1,SIM_EXISTING_HIGH,0,DO_NOT_ALLOC,0.0
rl3.1,cenario1_tempo_fixo/310s_10percent,3,1,SIM_EXISTING_HIGH,1,REALLOC_EXIST,0.0
rl3.1,cenario1_tempo_fixo/310s_10percent,3,1,SIM_EXISTING_HIGH,2,FORM_NEW_CLUST,0.0
rl3.1,cenario1_tempo_fixo/310s_10percent,3,2,SIM_ORPHAN_HIGH,0,DO_NOT_ALLOC,0.0
rl3.1,cenario1_tempo_fixo/310s_10percent,3,2,SIM_ORPHAN_HIGH,1,REALLOC_EXIST,0.0
rl3.1,cenario1_tempo_fixo/310s_10percent,3,2,SIM_ORPHAN_HIGH,2,FORM_NEW_CLUST,0.0
rl3.1,cenario1_tempo_fixo/310s_10percent,3,3,SIM_BOTH_MEDIUM,0,DO_NOT_ALLOC,0.0
rl3.1,cenario1_tempo_fixo/310s_10percent,3,3,SIM_BOTH_MEDIUM,1,REALLOC_EXIST,0.0
rl3.1,cenario1_tempo_fixo/310s_10percent,3,3,SIM_BOTH_MEDIUM,2,FORM_NEW_CLUST,0.0
rl3.1,cenario1_tempo_fixo/310s_10percent,4,0,SIM_BOTH_HIGH,0,DO_NOT_ALLOC,6.8628
rl3.1,cenario1_tempo_fixo/310s_10percent,4,0,SIM_BOTH_HIGH,1,REALLOC_EXIST,20.3299
rl3.1,cenario1_tempo_fixo/310s_10percent,4,0,SIM_BOTH_HIGH,2,FORM_NEW_CLUST,77.911
rl3.1,cenario1_tempo_fixo/310s_10percent,4,1,SIM_EXISTING_HIGH,0,DO_NOT_ALLOC,0.0
rl3.1,cenario1_tempo_fixo/310s_10percent,4,1,SIM_EXISTING_HIGH,1,REALLOC_EXIST,0.0
rl3.1,cenario1_tempo_fixo/310s_10percent,4,1,SIM_EXISTING_HIGH,2,FORM_NEW_CLUST,0.0
rl3.1,cenario1_tempo_fixo/310s_10percent,4,2,SIM_ORPHAN_HIGH,0,DO_NOT_ALLOC,0.0
rl3.1,cenario1_tempo_fixo/310s_10percent,4,2,SIM_ORPHAN_HIGH,1,REALLOC_EXIST,0.0
rl3.1,cenario1_tempo_fixo/310s_10percent,4,2,SIM_ORPHAN_HIGH,2,FORM_NEW_CLUST,0.0
rl3.1,cenario1_tempo_fixo/310s_10percent,4,3,SIM_BOTH_MEDIUM,0,DO_NOT_ALLOC,0.0
rl3.1,cenario1_tempo_fixo/310s_10percent,4,3,SIM_BOTH_MEDIUM,1,REALLOC_EXIST,0.0
rl3.1,cenario1_tempo_fixo/310s_10percent,4,3,SIM_BOTH_MEDIUM,2,FORM_NEW_CLUST,0.0
rl3.1,cenario1_tempo_fixo/310s_10percent,5,0,SIM_BOTH_HIGH,0,DO_NOT_ALLOC,6.8628
rl3.1,cenario1_tempo_fixo/310s_10percent,5,0,SIM_BOTH_HIGH,1,REALLOC_EXIST,20.3299
rl3.1,cenario1_tempo_fixo/310s_10percent,5,0,SIM_BOTH_HIGH,2,FORM_NEW_CLUST,77.911
rl3.1,cenario1_tempo_fixo/310s_10percent,5,1,SIM_EXISTING_HIGH,0,DO_NOT_ALLOC,-0.5
rl3.1,cenario1_tempo_fixo/310s_10percent,5,1,SIM_EXISTING_HIGH,1,REALLOC_EXIST,0.0
rl3.1,cenario1_tempo_fixo/310s_10percent,5,1,SIM_EXISTING_HIGH,2,FORM_NEW_CLUST,0.0
rl3.1,cenario1_tempo_fixo/310s_10percent,5,2,SIM_ORPHAN_HIGH,0,DO_NOT_ALLOC,0.0
rl3.1,cenario1_tempo_fixo/310s_10percent,5,2,SIM_ORPHAN_HIGH,1,REALLOC_EXIST,0.0
rl3.1,cenario1_tempo_fixo/310s_10percent,5,2,SIM_ORPHAN_HIGH,2,FORM_NEW_CLUST,0.0
rl3.1,cenario1_tempo_fixo/310s_10percent,5,3,SIM_BOTH_MEDIUM,0,DO_NOT_ALLOC,0.0
rl3.1,cenario1_tempo_fixo/310s_10percent,5,3,SIM_BOTH_MEDIUM,1,REALLOC_EXIST,0.0
rl3.1,cenario1_tempo_fixo/310s_10percent,5,3,SIM_BOTH_MEDIUM,2,FORM_NEW_CLUST,0.0
rl3.1,cenario1_tempo_fixo/310s_10percent,6,0,SIM_BOTH_HIGH,0,DO_NOT_ALLOC,13.6933
rl3.1,cenario1_tempo_fixo/310s_10percent,6,0,SIM_BOTH_HIGH,1,REALLOC_EXIST,20.3299
rl3.1,cenario1_tempo_fixo/310s_10percent,6,0,SIM_BOTH_HIGH,2,FORM_NEW_CLUST,89.4841
rl3.1,cenario1_tempo_fixo/310s_10percent,6,1,SIM_EXISTING_HIGH,0,DO_NOT_ALLOC,-0.5
rl3.1,cenario1_tempo_fixo/310s_10percent,6,1,SIM_EXISTING_HIGH,1,REALLOC_EXIST,0.0
rl3.1,cenario1_tempo_fixo/310s_10percent,6,1,SIM_EXISTING_HIGH,2,FORM_NEW_CLUST,0.0
rl3.1,cenario1_tempo_fixo/310s_10percent,6,2,SIM_ORPHAN_HIGH,0,DO_NOT_ALLOC,0.0
rl3.1,cenario1_tempo_fixo/310s_10percent,6,2,SIM_ORPHAN_HIGH,1,REALLOC_EXIST,0.0
rl3.1,cenario1_tempo_fixo/310s_10percent,6,2,SIM_ORPHAN_HIGH,2,FORM_NEW_CLUST,0.0
rl3.1,cenario1_tempo_fixo/310s_10percent,6,3,SIM_BOTH_MEDIUM,0,DO_NOT_ALLOC,0.0
rl3.1,cenario1_tempo_fixo/310s_10percent,6,3,SIM_BOTH_MEDIUM,1,REALLOC_EXIST,0.0
rl3.1,cenario1_tempo_fixo/310s_10percent,6,3,SIM_BOTH_MEDIUM,2,FORM_NEW_CLUST,0.0
rl3.1,cenario1_tempo_fixo/310s_10percent,7,0,SIM_BOTH_HIGH,0,DO_NOT_ALLOC,13.6933
rl3.1,cenario1_tempo_fixo/310s_10percent,7,0,SIM_BOTH_HIGH,1,REALLOC_EXIST,27.1389
rl3.1,cenario1_tempo_fixo/310s_10percent,7,0,SIM_BOTH_HIGH,2,FORM_NEW_CLUST,97.5212
rl3.1,cenario1_tempo_fixo/310s_10percent,7,1,SIM_EXISTING_HIGH,0,DO_NOT_ALLOC,-0.5
rl3.1,cenario1_tempo_fixo/310s_10percent,7,1,SIM_EXISTING_HIGH,1,REALLOC_EXIST,0.0
rl3.1,cenario1_tempo_fixo/310s_10percent,7,1,SIM_EXISTING_HIGH,2,FORM_NEW_CLUST,0.0
rl3.1,cenario1_tempo_fixo/310s_10percent,7,2,SIM_ORPHAN_HIGH,0,DO_NOT_ALLOC,0.0
rl3.1,cenario1_tempo_fixo/310s_10percent,7,2,SIM_ORPHAN_HIGH,1,REALLOC_EXIST,0.0
rl3.1,cenario1_tempo_fixo/310s_10percent,7,2,SIM_ORPHAN_HIGH,2,FORM_NEW_CLUST,0.0
rl3.1,cenario1_tempo_fixo/310s_10percent,7,3,SIM_BOTH_MEDIUM,0,DO_NOT_ALLOC,0.0
rl3.1,cenario1_tempo_fixo/310s_10percent,7,3,SIM_BOTH_MEDIUM,1,REALLOC_EXIST,0.0
rl3.1,cenario1_tempo_fixo/310s_10percent,7,3,SIM_BOTH_MEDIUM,2,FORM_NEW_CLUST,0.0
rl3.1,cenario1_tempo_fixo/310s_10percent,8,0,SIM_BOTH_HIGH,0,DO_NOT_ALLOC,13.6933
rl3.1,cenario1_tempo_fixo/310s_10percent,8,0,SIM_BOTH_HIGH,1,REALLOC_EXIST,27.1389
rl3.1,cenario1_tempo_fixo/310s_10percent,8,0,SIM_BOTH_HIGH,2,FORM_NEW_CLUST,97.5212
rl3.1,cenario1_tempo_fixo/310s_10percent,8,1,SIM_EXISTING_HIGH,0,DO_NOT_ALLOC,-0.5
rl3.1,cenario1_tempo_fixo/310s_10percent,8,1,SIM_EXISTING_HIGH,1,REALLOC_EXIST,0.0
rl3.1,cenario1_tempo_fixo/310s_10percent,8,1,SIM_EXISTING_HIGH,2,FORM_NEW_CLUST,0.0
rl3.1,cenario1_tempo_fixo/310s_10percent,8,2,SIM_ORPHAN_HIGH,0,DO_NOT_ALLOC,0.0
rl3.1,cenario1_tempo_fixo/310s_10percent,8,2,SIM_ORPHAN_HIGH,1,REALLOC_EXIST,4.27369
rl3.1,cenario1_tempo_fixo/310s_10percent,8,2,SIM_ORPHAN_HIGH,2,FORM_NEW_CLUST,0.830796
rl3.1,cenario1_tempo_fixo/310s_10percent,8,3,SIM_BOTH_MEDIUM,0,DO_NOT_ALLOC,0.0
rl3.1,cenario1_tempo_fixo/310s_10percent,8,3,SIM_BOTH_MEDIUM,1,REALLOC_EXIST,0.0
rl3.1,cenario1_tempo_fixo/310s_10percent,8,3,SIM_BOTH_MEDIUM,2,FORM_NEW_CLUST,0.0
rl3.1,cenario1_tempo_fixo/310s_10percent,9,0,SIM_BOTH_HIGH,0,DO_NOT_ALLOC,21.0099
rl3.1,cenario1_tempo_fixo/310s_10percent,9,0,SIM_BOTH_HIGH,1,REALLOC_EXIST,27.1389
rl3.1,cenario1_tempo_fixo/310s_10percent,9,0,SIM_BOTH_HIGH,2,FORM_NEW_CLUST,104.99
rl3.1,cenario1_tempo_fixo/310s_10percent,9,1,SIM_EXISTING_HIGH,0,DO_NOT_ALLOC,-0.5
rl3.1,cenario1_tempo_fixo/310s_10percent,9,1,SIM_EXISTING_HIGH,1,REALLOC_EXIST,0.0
rl3.1,cenario1_tempo_fixo/310s_10percent,9,1,SIM_EXISTING_HIGH,2,FORM_NEW_CLUST,0.0
rl3.1,cenario1_tempo_fixo/310s_10percent,9,2,SIM_ORPHAN_HIGH,0,DO_NOT_ALLOC,0.0
rl3.1,cenario1_tempo_fixo/310s_10percent,9,2,SIM_ORPHAN_HIGH,1,REALLOC_EXIST,4.27369
rl3.1,cenario1_tempo_fixo/310s_10percent,9,2,SIM_ORPHAN_HIGH,2,FORM_NEW_CLUST,0.830796
rl3.1,cenario1_tempo_fixo/310s_10percent,9,3,SIM_BOTH_MEDIUM,0,DO_NOT_ALLOC,0.0
rl3.1,cenario1_tempo_fixo/310s_10percent,9,3,SIM_BOTH_MEDIUM,1,REALLOC_EXIST,0.0
rl3.1,cenario1_tempo_fixo/310s_10percent,9,3,SIM_BOTH_MEDIUM,2,FORM_NEW_CLUST,0.0
rl3.1,cenario1_tempo_fixo/310s_10percent,10,0,SIM_BOTH_HIGH,0,DO_NOT_ALLOC,34.2365
rl3.1,cenario1_tempo_fixo/310s_10percent,10,0,SIM_BOTH_HIGH,1,REALLOC_EXIST,41.5875
rl3.1,cenario1_tempo_fixo/310s_10percent,10,0,SIM_BOTH_HIGH,2,FORM_NEW_CLUST,108.918
rl3.1,cenario1_tempo_fixo/310s_10percent,10,1,SIM_EXISTING_HIGH,0,DO_NOT_ALLOC,-0.5
rl3.1,cenario1_tempo_fixo/310s_10percent,10,1,SIM_EXISTING_HIGH,1,REALLOC_EXIST,0.0
rl3.1,cenario1_tempo_fixo/310s_10percent,10,1,SIM_EXISTING_HIGH,2,FORM_NEW_CLUST,0.0
rl3.1,cenario1_tempo_fixo/310s_10percent,10,2,SIM_ORPHAN_HIGH,0,DO_NOT_ALLOC,0.0
rl3.1,cenario1_tempo_fixo/310s_10percent,10,2,SIM_ORPHAN_HIGH,1,REALLOC_EXIST,4.27369
rl3.1,cenario1_tempo_fixo/310s_10percent,10,2,SIM_ORPHAN_HIGH,2,FORM_NEW_CLUST,0.830796
rl3.1,cenario1_tempo_fixo/310s_10percent,10,3,SIM_BOTH_MEDIUM,0,DO_NOT_ALLOC,0.0
rl3.1,cenario1_tempo_fixo/310s_10percent,10,3,SIM_BOTH_MEDIUM,1,REALLOC_EXIST,0.0
rl3.1,cenario1_tempo_fixo/310s_10percent,10,3,SIM_BOTH_MEDIUM,2,FORM_NEW_CLUST,0.0
rl3.1,cenario1_tempo_fixo/310s_10percent,11,0,SIM_BOTH_HIGH,0,DO_NOT_ALLOC,34.2365
rl3.1,cenario1_tempo_fixo/310s_10percent,11,0,SIM_BOTH_HIGH,1,REALLOC_EXIST,41.5875
rl3.1,cenario1_tempo_fixo/310s_10percent,11,0,SIM_BOTH_HIGH,2,FORM_NEW_CLUST,114.869
rl3.1,cenario1_tempo_fixo/310s_10percent,11,1,SIM_EXISTING_HIGH,0,DO_NOT_ALLOC,-0.5
rl3.1,cenario1_tempo_fixo/310s_10percent,11,1,SIM_EXISTING_HIGH,1,REALLOC_EXIST,0.0
rl3.1,cenario1_tempo_fixo/310s_10percent,11,1,SIM_EXISTING_HIGH,2,FORM_NEW_CLUST,0.0
rl3.1,cenario1_tempo_fixo/310s_10percent,11,2,SIM_ORPHAN_HIGH,0,DO_NOT_ALLOC,0.0
rl3.1,cenario1_tempo_fixo/310s_10percent,11,2,SIM_ORPHAN_HIGH,1,REALLOC_EXIST,4.27369
rl3.1,cenario1_tempo_fixo/310s_10percent,11,2,SIM_ORPHAN_HIGH,2,FORM_NEW_CLUST,0.830796
rl3.1,cenario1_tempo_fixo/310s_10percent,11,3,SIM_BOTH_MEDIUM,0,DO_NOT_ALLOC,0.0
rl3.1,cenario1_tempo_fixo/310s_10percent,11,3,SIM_BOTH_MEDIUM,1,REALLOC_EXIST,0.0
rl3.1,cenario1_tempo_fixo/310s_10percent,11,3,SIM_BOTH_MEDIUM,2,FORM_NEW_CLUST,0.0
rl3.1,cenario1_tempo_fixo/310s_10percent,12,0,SIM_BOTH_HIGH,0,DO_NOT_ALLOC,34.2365
rl3.1,cenario1_tempo_fixo/310s_10percent,12,0,SIM_BOTH_HIGH,1,REALLOC_EXIST,41.5875
rl3.1,cenario1_tempo_fixo/310s_10percent,12,0,SIM_BOTH_HIGH,2,FORM_NEW_CLUST,117.748
rl3.1,cenario1_tempo_fixo/310s_10percent,12,1,SIM_EXISTING_HIGH,0,DO_NOT_ALLOC,-0.5
rl3.1,cenario1_tempo_fixo/310s_10percent,12,1,SIM_EXISTING_HIGH,1,REALLOC_EXIST,0.0
rl3.1,cenario1_tempo_fixo/310s_10percent,12,1,SIM_EXISTING_HIGH,2,FORM_NEW_CLUST,0.0
rl3.1,cenario1_tempo_fixo/310s_10percent,12,2,SIM_ORPHAN_HIGH,0,DO_NOT_ALLOC,0.0
rl3.1,cenario1_tempo_fixo/310s_10percent,12,2,SIM_ORPHAN_HIGH,1,REALLOC_EXIST,4.27369
rl3.1,cenario1_tempo_fixo/310s_10percent,12,2,SIM_ORPHAN_HIGH,2,FORM_NEW_CLUST,0.830796
rl3.1,cenario1_tempo_fixo/310s_10percent,12,3,SIM_BOTH_MEDIUM,0,DO_NOT_ALLOC,0.0
rl3.1,cenario1_tempo_fixo/310s_10percent,12,3,SIM_BOTH_MEDIUM,1,REALLOC_EXIST,0.0
rl3.1,cenario1_tempo_fixo/310s_10percent,12,3,SIM_BOTH_MEDIUM,2,FORM_NEW_CLUST,0.0
rl3.1,cenario1_tempo_fixo/310s_10percent,13,0,SIM_BOTH_HIGH,0,DO_NOT_ALLOC,34.2365
rl3.1,cenario1_tempo_fixo/310s_10percent,13,0,SIM_BOTH_HIGH,1,REALLOC_EXIST,41.5875
rl3.1,cenario1_tempo_fixo/310s_10percent,13,0,SIM_BOTH_HIGH,2,FORM_NEW_CLUST,120.565
rl3.1,cenario1_tempo_fixo/310s_10percent,13,1,SIM_EXISTING_HIGH,0,DO_NOT_ALLOC,-0.5
rl3.1,cenario1_tempo_fixo/310s_10percent,13,1,SIM_EXISTING_HIGH,1,REALLOC_EXIST,0.0
rl3.1,cenario1_tempo_fixo/310s_10percent,13,1,SIM_EXISTING_HIGH,2,FORM_NEW_CLUST,0.0
rl3.1,cenario1_tempo_fixo/310s_10percent,13,2,SIM_ORPHAN_HIGH,0,DO_NOT_ALLOC,0.0
rl3.1,cenario1_tempo_fixo/310s_10percent,13,2,SIM_ORPHAN_HIGH,1,REALLOC_EXIST,4.27369
rl3.1,cenario1_tempo_fixo/310s_10percent,13,2,SIM_ORPHAN_HIGH,2,FORM_NEW_CLUST,0.830796
rl3.1,cenario1_tempo_fixo/310s_10percent,13,3,SIM_BOTH_MEDIUM,0,DO_NOT_ALLOC,0.0
rl3.1,cenario1_tempo_fixo/310s_10percent,13,3,SIM_BOTH_MEDIUM,1,REALLOC_EXIST,0.0
rl3.1,cenario1_tempo_fixo/310s_10percent,13,3,SIM_BOTH_MEDIUM,2,FORM_NEW_CLUST,0.0
rl3.1,cenario1_tempo_fixo/310s_10percent,14,0,SIM_BOTH_HIGH,0,DO_NOT_ALLOC,34.2365
rl3.1,cenario1_tempo_fixo/310s_10percent,14,0,SIM_BOTH_HIGH,1,REALLOC_EXIST,49.0796
rl3.1,cenario1_tempo_fixo/310s_10percent,14,0,SIM_BOTH_HIGH,2,FORM_NEW_CLUST,123.429
rl3.1,cenario1_tempo_fixo/310s_10percent,14,1,SIM_EXISTING_HIGH,0,DO_NOT_ALLOC,-0.5
rl3.1,cenario1_tempo_fixo/310s_10percent,14,1,SIM_EXISTING_HIGH,1,REALLOC_EXIST,0.0
rl3.1,cenario1_tempo_fixo/310s_10percent,14,1,SIM_EXISTING_HIGH,2,FORM_NEW_CLUST,0.0
rl3.1,cenario1_tempo_fixo/310s_10percent,14,2,SIM_ORPHAN_HIGH,0,DO_NOT_ALLOC,0.0
rl3.1,cenario1_tempo_fixo/310s_10percent,14,2,SIM_ORPHAN_HIGH,1,REALLOC_EXIST,4.27369
rl3.1,cenario1_tempo_fixo/310s_10percent,14,2,SIM_ORPHAN_HIGH,2,FORM_NEW_CLUST,0.830796
rl3.1,cenario1_tempo_fixo/310s_10percent,14,3,SIM_BOTH_MEDIUM,0,DO_NOT_ALLOC,0.0
rl3.1,cenario1_tempo_fixo/310s_10percent,14,3,SIM_BOTH_MEDIUM,1,REALLOC_EXIST,0.0
rl3.1,cenario1_tempo_fixo/310s_10percent,14,3,SIM_BOTH_MEDIUM,2,FORM_NEW_CLUST,0.0
rl3.1,cenario1_tempo_fixo/310s_10percent,15,0,SIM_BOTH_HIGH,0,DO_NOT_ALLOC,34.2365
rl3.1,cenario1_tempo_fixo/310s_10percent,15,0,SIM_BOTH_HIGH,1,REALLOC_EXIST,49.0796
rl3.1,cenario1_tempo_fixo/310s_10percent,15,0,SIM_BOTH_HIGH,2,FORM_NEW_CLUST,124.889
rl3.1,cenario1_tempo_fixo/310s_10percent,15,1,SIM_EXISTING_HIGH,0,DO_NOT_ALLOC,-0.5
rl3.1,cenario1_tempo_fixo/310s_10percent,15,1,SIM_EXISTING_HIGH,1,REALLOC_EXIST,0.0
rl3.1,cenario1_tempo_fixo/310s_10percent,15,1,SIM_EXISTING_HIGH,2,FORM_NEW_CLUST,0.0
rl3.1,cenario1_tempo_fixo/310s_10percent,15,2,SIM_ORPHAN_HIGH,0,DO_NOT_ALLOC,0.0
rl3.1,cenario1_tempo_fixo/310s_10percent,15,2,SIM_ORPHAN_HIGH,1,REALLOC_EXIST,4.27369
rl3.1,cenario1_tempo_fixo/310s_10percent,15,2,SIM_ORPHAN_HIGH,2,FORM_NEW_CLUST,0.830796
rl3.1,cenario1_tempo_fixo/310s_10percent,15,3,SIM_BOTH_MEDIUM,0,DO_NOT_ALLOC,0.0
rl3.1,cenario1_tempo_fixo/310s_10percent,15,3,SIM_BOTH_MEDIUM,1,REALLOC_EXIST,0.0
rl3.1,cenario1_tempo_fixo/310s_10percent,15,3,SIM_BOTH_MEDIUM,2,FORM_NEW_CLUST,0.0
rl3.1,cenario1_tempo_fixo/310s_10percent,16,0,SIM_BOTH_HIGH,0,DO_NOT_ALLOC,34.2365
rl3.1,cenario1_tempo_fixo/310s_10percent,16,0,SIM_BOTH_HIGH,1,REALLOC_EXIST,67.7758
rl3.1,cenario1_tempo_fixo/310s_10percent,16,0,SIM_BOTH_HIGH,2,FORM_NEW_CLUST,125.604
rl3.1,cenario1_tempo_fixo/310s_10percent,16,1,SIM_EXISTING_HIGH,0,DO_NOT_ALLOC,-0.5
rl3.1,cenario1_tempo_fixo/310s_10percent,16,1,SIM_EXISTING_HIGH,1,REALLOC_EXIST,0.0
rl3.1,cenario1_tempo_fixo/310s_10percent,16,1,SIM_EXISTING_HIGH,2,FORM_NEW_CLUST,0.0
rl3.1,cenario1_tempo_fixo/310s_10percent,16,2,SIM_ORPHAN_HIGH,0,DO_NOT_ALLOC,0.0
rl3.1,cenario1_tempo_fixo/310s_10percent,16,2,SIM_ORPHAN_HIGH,1,REALLOC_EXIST,4.27369
rl3.1,cenario1_tempo_fixo/310s_10percent,16,2,SIM_ORPHAN_HIGH,2,FORM_NEW_CLUST,0.830796
rl3.1,cenario1_tempo_fixo/310s_10percent,16,3,SIM_BOTH_MEDIUM,0,DO_NOT_ALLOC,0.0
rl3.1,cenario1_tempo_fixo/310s_10percent,16,3,SIM_BOTH_MEDIUM,1,REALLOC_EXIST,0.0
rl3.1,cenario1_tempo_fixo/310s_10percent,16,3,SIM_BOTH_MEDIUM,2,FORM_NEW_CLUST,0.0
rl3.1,cenario1_tempo_fixo/310s_10percent,17,0,SIM_BOTH_HIGH,0,DO_NOT_ALLOC,34.2365
rl3.1,cenario1_tempo_fixo/310s_10percent,17,0,SIM_BOTH_HIGH,1,REALLOC_EXIST,67.7758
rl3.1,cenario1_tempo_fixo/310s_10percent,17,0,SIM_BOTH_HIGH,2,FORM_NEW_CLUST,125.604
rl3.1,cenario1_tempo_fixo/310s_10percent,17,1,SIM_EXISTING_HIGH,0,DO_NOT_ALLOC,-0.5
rl3.1,cenario1_tempo_fixo/310s_10percent,17,1,SIM_EXISTING_HIGH,1,REALLOC_EXIST,0.0
rl3.1,cenario1_tempo_fixo/310s_10percent,17,1,SIM_EXISTING_HIGH,2,FORM_NEW_CLUST,0.0
rl3.1,cenario1_tempo_fixo/310s_10percent,17,2,SIM_ORPHAN_HIGH,0,DO_NOT_ALLOC,0.0
rl3.1,cenario1_tempo_fixo/310s_10percent,17,2,SIM_ORPHAN_HIGH,1,REALLOC_EXIST,8.9446
rl3.1,cenario1_tempo_fixo/310s_10percent,17,2,SIM_ORPHAN_HIGH,2,FORM_NEW_CLUST,0.830796
rl3.1,cenario1_tempo_fixo/310s_10percent,17,3,SIM_BOTH_MEDIUM,0,DO_NOT_ALLOC,0.0
rl3.1,cenario1_tempo_fixo/310s_10percent,17,3,SIM_BOTH_MEDIUM,1,REALLOC_EXIST,0.0
rl3.1,cenario1_tempo_fixo/310s_10percent,17,3,SIM_BOTH_MEDIUM,2,FORM_NEW_CLUST,0.0
rl3.1,cenario1_tempo_fixo/310s_10percent,18,0,SIM_BOTH_HIGH,0,DO_NOT_ALLOC,34.2365
rl3.1,cenario1_tempo_fixo/310s_10percent,18,0,SIM_BOTH_HIGH,1,REALLOC_EXIST,72.9054
rl3.1,cenario1_tempo_fixo/310s_10percent,18,0,SIM_BOTH_HIGH,2,FORM_NEW_CLUST,126.294
rl3.1,cenario1_tempo_fixo/310s_10percent,18,1,SIM_EXISTING_HIGH,0,DO_NOT_ALLOC,-0.5
rl3.1,cenario1_tempo_fixo/310s_10percent,18,1,SIM_EXISTING_HIGH,1,REALLOC_EXIST,0.0
rl3.1,cenario1_tempo_fixo/310s_10percent,18,1,SIM_EXISTING_HIGH,2,FORM_NEW_CLUST,0.0
rl3.1,cenario1_tempo_fixo/310s_10percent,18,2,SIM_ORPHAN_HIGH,0,DO_NOT_ALLOC,0.0
rl3.1,cenario1_tempo_fixo/310s_10percent,18,2,SIM_ORPHAN_HIGH,1,REALLOC_EXIST,8.9446
rl3.1,cenario1_tempo_fixo/310s_10percent,18,2,SIM_ORPHAN_HIGH,2,FORM_NEW_CLUST,0.830796
rl3.1,cenario1_tempo_fixo/310s_10percent,18,3,SIM_BOTH_MEDIUM,0,DO_NOT_ALLOC,0.0
rl3.1,cenario1_tempo_fixo/310s_10percent,18,3,SIM_BOTH_MEDIUM,1,REALLOC_EXIST,0.0
rl3.1,cenario1_tempo_fixo/310s_10percent,18,3,SIM_BOTH_MEDIUM,2,FORM_NEW_CLUST,0.0
rl3.1,cenario1_tempo_fixo/310s_10percent,19,0,SIM_BOTH_HIGH,0,DO_NOT_ALLOC,41.6859
rl3.1,cenario1_tempo_fixo/310s_10percent,19,0,SIM_BOTH_HIGH,1,REALLOC_EXIST,72.9054
rl3.1,cenario1_tempo_fixo/310s_10percent,19,0,SIM_BOTH_HIGH,2,FORM_NEW_CLUST,126.715
rl3.1,cenario1_tempo_fixo/310s_10percent,19,1,SIM_EXISTING_HIGH,0,DO_NOT_ALLOC,-0.5
rl3.1,cenario1_tempo_fixo/310s_10percent,19,1,SIM_EXISTING_HIGH,1,REALLOC_EXIST,0.0
rl3.1,cenario1_tempo_fixo/310s_10percent,19,1,SIM_EXISTING_HIGH,2,FORM_NEW_CLUST,0.0
rl3.1,cenario1_tempo_fixo/310s_10percent,19,2,SIM_ORPHAN_HIGH,0,DO_NOT_ALLOC,0.0
rl3.1,cenario1_tempo_fixo/310s_10percent,19,2,SIM_ORPHAN_HIGH,1,REALLOC_EXIST,8.9446
rl3.1,cenario1_tempo_fixo/310s_10percent,19,2,SIM_ORPHAN_HIGH,2,FORM_NEW_CLUST,0.830796
rl3.1,cenario1_tempo_fixo/310s_10percent,19,3,SIM_BOTH_MEDIUM,0,DO_NOT_ALLOC,0.0
rl3.1,cenario1_tempo_fixo/310s_10percent,19,3,SIM_BOTH_MEDIUM,1,REALLOC_EXIST,0.0
rl3.1,cenario1_tempo_fixo/310s_10percent,19,3,SIM_BOTH_MEDIUM,2,FORM_NEW_CLUST,0.0
rl3.1,cenario1_tempo_fixo/310s_10percent,20,0,SIM_BOTH_HIGH,0,DO_NOT_ALLOC,48.4656
rl3.1,cenario1_tempo_fixo/310s_10percent,20,0,SIM_BOTH_HIGH,1,REALLOC_EXIST,77.5772
rl3.1,cenario1_tempo_fixo/310s_10percent,20,0,SIM_BOTH_HIGH,2,FORM_NEW_CLUST,127.231
rl3.1,cenario1_tempo_fixo/310s_10percent,20,1,SIM_EXISTING_HIGH,0,DO_NOT_ALLOC,-0.5
rl3.1,cenario1_tempo_fixo/310s_10percent,20,1,SIM_EXISTING_HIGH,1,REALLOC_EXIST,0.0
rl3.1,cenario1_tempo_fixo/310s_10percent,20,1,SIM_EXISTING_HIGH,2,FORM_NEW_CLUST,0.0
rl3.1,cenario1_tempo_fixo/310s_10percent,20,2,SIM_ORPHAN_HIGH,0,DO_NOT_ALLOC,0.0
rl3.1,cenario1_tempo_fixo/310s_10percent,20,2,SIM_ORPHAN_HIGH,1,REALLOC_EXIST,8.9446
rl3.1,cenario1_tempo_fixo/310s_10percent,20,2,SIM_ORPHAN_HIGH,2,FORM_NEW_CLUST,0.830796
rl3.1,cenario1_tempo_fixo/310s_10percent,20,3,SIM_BOTH_MEDIUM,0,DO_NOT_ALLOC,0.0
rl3.1,cenario1_tempo_fixo/310s_10percent,20,3,SIM_BOTH_MEDIUM,1,REALLOC_EXIST,0.0
rl3.1,cenario1_tempo_fixo/310s_10percent,20,3,SIM_BOTH_MEDIUM,2,FORM_NEW_CLUST,0.0
rl3.1,cenario1_tempo_fixo/310s_10percent,21,0,SIM_BOTH_HIGH,0,DO_NOT_ALLOC,65.0964
rl3.1,cenario1_tempo_fixo/310s_10percent,21,0,SIM_BOTH_HIGH,1,REALLOC_EXIST,82.1051
rl3.1,cenario1_tempo_fixo/310s_10percent,21,0,SIM_BOTH_HIGH,2,FORM_NEW_CLUST,127.91
rl3.1,cenario1_tempo_fixo/310s_10percent,21,1,SIM_EXISTING_HIGH,0,DO_NOT_ALLOC,-0.5
rl3.1,cenario1_tempo_fixo/310s_10percent,21,1,SIM_EXISTING_HIGH,1,REALLOC_EXIST,0.0
rl3.1,cenario1_tempo_fixo/310s_10percent,21,1,SIM_EXISTING_HIGH,2,FORM_NEW_CLUST,0.0
rl3.1,cenario1_tempo_fixo/310s_10percent,21,2,SIM_ORPHAN_HIGH,0,DO_NOT_ALLOC,0.0
rl3.1,cenario1_tempo_fixo/310s_10percent,21,2,SIM_ORPHAN_HIGH,1,REALLOC_EXIST,8.9446
rl3.1,cenario1_tempo_fixo/310s_10percent,21,2,SIM_ORPHAN_HIGH,2,FORM_NEW_CLUST,0.830796
rl3.1,cenario1_tempo_fixo/310s_10percent,21,3,SIM_BOTH_MEDIUM,0,DO_NOT_ALLOC,0.0
rl3.1,cenario1_tempo_fixo/310s_10percent,21,3,SIM_BOTH_MEDIUM,1,REALLOC_EXIST,0.0
rl3.1,cenario1_tempo_fixo/310s_10percent,21,3,SIM_BOTH_MEDIUM,2,FORM_NEW_CLUST,0.0
rl3.1,cenario1_tempo_fixo/310s_10percent,22,0,SIM_BOTH_HIGH,0,DO_NOT_ALLOC,69.6233
rl3.1,cenario1_tempo_fixo/310s_10percent,22,0,SIM_BOTH_HIGH,1,REALLOC_EXIST,89.4847
rl3.1,cenario1_tempo_fixo/310s_10percent,22,0,SIM_BOTH_HIGH,2,FORM_NEW_CLUST,128.515
rl3.1,cenario1_tempo_fixo/310s_10percent,22,1,SIM_EXISTING_HIGH,0,DO_NOT_ALLOC,-0.5
rl3.1,cenario1_tempo_fixo/310s_10percent,22,1,SIM_EXISTING_HIGH,1,REALLOC_EXIST,0.0
rl3.1,cenario1_tempo_fixo/310s_10percent,22,1,SIM_EXISTING_HIGH,2,FORM_NEW_CLUST,0.0
rl3.1,cenario1_tempo_fixo/310s_10percent,22,2,SIM_ORPHAN_HIGH,0,DO_NOT_ALLOC,0.0
rl3.1,cenario1_tempo_fixo/310s_10percent,22,2,SIM_ORPHAN_HIGH,1,REALLOC_EXIST,8.9446
rl3.1,cenario1_tempo_fixo/310s_10percent,22,2,SIM_ORPHAN_HIGH,2,FORM_NEW_CLUST,0.830796
rl3.1,cenario1_tempo_fixo/310s_10percent,22,3,SIM_BOTH_MEDIUM,0,DO_NOT_ALLOC,0.0
rl3.1,cenario1_tempo_fixo/310s_10percent,22,3,SIM_BOTH_MEDIUM,1,REALLOC_EXIST,0.0
rl3.1,cenario1_tempo_fixo/310s_10percent,22,3,SIM_BOTH_MEDIUM,2,FORM_NEW_CLUST,0.0
rl3.1,cenario1_tempo_fixo/310s_10percent,23,0,SIM_BOTH_HIGH,0,DO_NOT_ALLOC,69.6233
rl3.1,cenario1_tempo_fixo/310s_10percent,23,0,SIM_BOTH_HIGH,1,REALLOC_EXIST,89.4847
rl3.1,cenario1_tempo_fixo/310s_10percent,23,0,SIM_BOTH_HIGH,2,FORM_NEW_CLUST,128.515
rl3.1,cenario1_tempo_fixo/310s_10percent,23,1,SIM_EXISTING_HIGH,0,DO_NOT_ALLOC,-0.5
rl3.1,cenario1_tempo_fixo/310s_10percent,23,1,SIM_EXISTING_HIGH,1,REALLOC_EXIST,0.0
rl3.1,cenario1_tempo_fixo/310s_10percent,23,1,SIM_EXISTING_HIGH,2,FORM_NEW_CLUST,0.0
rl3.1,cenario1_tempo_fixo/310s_10percent,23,2,SIM_ORPHAN_HIGH,0,DO_NOT_ALLOC,0.0
rl3.1,cenario1_tempo_fixo/310s_10percent,23,2,SIM_ORPHAN_HIGH,1,REALLOC_EXIST,13.5557
rl3.1,cenario1_tempo_fixo/310s_10percent,23,2,SIM_ORPHAN_HIGH,2,FORM_NEW_CLUST,0.830796
rl3.1,cenario1_tempo_fixo/310s_10percent,23,3,SIM_BOTH_MEDIUM,0,DO_NOT_ALLOC,0.0
rl3.1,cenario1_tempo_fixo/310s_10percent,23,3,SIM_BOTH_MEDIUM,1,REALLOC_EXIST,0.0
rl3.1,cenario1_tempo_fixo/310s_10percent,23,3,SIM_BOTH_MEDIUM,2,FORM_NEW_CLUST,0.0
rl3.1,cenario1_tempo_fixo/310s_10percent,24,0,SIM_BOTH_HIGH,0,DO_NOT_ALLOC,73.7425
rl3.1,cenario1_tempo_fixo/310s_10percent,24,0,SIM_BOTH_HIGH,1,REALLOC_EXIST,89.4847
rl3.1,cenario1_tempo_fixo/310s_10percent,24,0,SIM_BOTH_HIGH,2,FORM_NEW_CLUST,128.868
rl3.1,cenario1_tempo_fixo/310s_10percent,24,1,SIM_EXISTING_HIGH,0,DO_NOT_ALLOC,-0.5
rl3.1,cenario1_tempo_fixo/310s_10percent,24,1,SIM_EXISTING_HIGH,1,REALLOC_EXIST,0.0
rl3.1,cenario1_tempo_fixo/310s_10percent,24,1,SIM_EXISTING_HIGH,2,FORM_NEW_CLUST,0.0
rl3.1,cenario1_tempo_fixo/310s_10percent,24,2,SIM_ORPHAN_HIGH,0,DO_NOT_ALLOC,0.0
rl3.1,cenario1_tempo_fixo/310s_10percent,24,2,SIM_ORPHAN_HIGH,1,REALLOC_EXIST,13.5557
rl3.1,cenario1_tempo_fixo/310s_10percent,24,2,SIM_ORPHAN_HIGH,2,FORM_NEW_CLUST,0.830796
rl3.1,cenario1_tempo_fixo/310s_10percent,24,3,SIM_BOTH_MEDIUM,0,DO_NOT_ALLOC,0.0
rl3.1,cenario1_tempo_fixo/310s_10percent,24,3,SIM_BOTH_MEDIUM,1,REALLOC_EXIST,0.0
rl3.1,cenario1_tempo_fixo/310s_10percent,24,3,SIM_BOTH_MEDIUM,2,FORM_NEW_CLUST,0.0
rl3.1,cenario1_tempo_fixo/310s_10percent,25,0,SIM_BOTH_HIGH,0,DO_NOT_ALLOC,77.4806
rl3.1,cenario1_tempo_fixo/310s_10percent,25,0,SIM_BOTH_HIGH,1,REALLOC_EXIST,92.9477
rl3.1,cenario1_tempo_fixo/310s_10percent,25,0,SIM_BOTH_HIGH,2,FORM_NEW_CLUST,129.046
rl3.1,cenario1_tempo_fixo/310s_10percent,25,1,SIM_EXISTING_HIGH,0,DO_NOT_ALLOC,-0.5
rl3.1,cenario1_tempo_fixo/310s_10percent,25,1,SIM_EXISTING_HIGH,1,REALLOC_EXIST,0.0
rl3.1,cenario1_tempo_fixo/310s_10percent,25,1,SIM_EXISTING_HIGH,2,FORM_NEW_CLUST,0.0
rl3.1,cenario1_tempo_fixo/310s_10percent,25,2,SIM_ORPHAN_HIGH,0,DO_NOT_ALLOC,0.0
rl3.1,cenario1_tempo_fixo/310s_10percent,25,2,SIM_ORPHAN_HIGH,1,REALLOC_EXIST,13.5557
rl3.1,cenario1_tempo_fixo/310s_10percent,25,2,SIM_ORPHAN_HIGH,2,FORM_NEW_CLUST,0.830796
rl3.1,cenario1_tempo_fixo/310s_10percent,25,3,SIM_BOTH_MEDIUM,0,DO_NOT_ALLOC,0.0
rl3.1,cenario1_tempo_fixo/310s_10percent,25,3,SIM_BOTH_MEDIUM,1,REALLOC_EXIST,0.0
rl3.1,cenario1_tempo_fixo/310s_10percent,25,3,SIM_BOTH_MEDIUM,2,FORM_NEW_CLUST,0.0
rl3.1,cenario1_tempo_fixo/310s_10percent,26,0,SIM_BOTH_HIGH,0,DO_NOT_ALLOC,77.4806
rl3.1,cenario1_tempo_fixo/310s_10percent,26,0,SIM_BOTH_HIGH,1,REALLOC_EXIST,95.8227
rl3.1,cenario1_tempo_fixo/310s_10percent,26,0,SIM_BOTH_HIGH,2,FORM_NEW_CLUST,129.28
rl3.1,cenario1_tempo_fixo/310s_10percent,26,1,SIM_EXISTING_HIGH,0,DO_NOT_ALLOC,-0.5
rl3.1,cenario1_tempo_fixo/310s_10percent,26,1,SIM_EXISTING_HIGH,1,REALLOC_EXIST,0.0
rl3.1,cenario1_tempo_fixo/310s_10percent,26,1,SIM_EXISTING_HIGH,2,FORM_NEW_CLUST,0.0
rl3.1,cenario1_tempo_fixo/310s_10percent,26,2,SIM_ORPHAN_HIGH,0,DO_NOT_ALLOC,0.0
rl3.1,cenario1_tempo_fixo/310s_10percent,26,2,SIM_ORPHAN_HIGH,1,REALLOC_EXIST,13.5557
rl3.1,cenario1_tempo_fixo/310s_10percent,26,2,SIM_ORPHAN_HIGH,2,FORM_NEW_CLUST,0.830796
rl3.1,cenario1_tempo_fixo/310s_10percent,26,3,SIM_BOTH_MEDIUM,0,DO_NOT_ALLOC,0.0
rl3.1,cenario1_tempo_fixo/310s_10percent,26,3,SIM_BOTH_MEDIUM,1,REALLOC_EXIST,0.0
rl3.1,cenario1_tempo_fixo/310s_10percent,26,3,SIM_BOTH_MEDIUM,2,FORM_NEW_CLUST,0.0
rl3.1,cenario1_tempo_fixo/310s_10percent,27,0,SIM_BOTH_HIGH,0,DO_NOT_ALLOC,77.4806
rl3.1,cenario1_tempo_fixo/310s_10percent,27,0,SIM_BOTH_HIGH,1,REALLOC_EXIST,95.8227
rl3.1,cenario1_tempo_fixo/310s_10percent,27,0,SIM_BOTH_HIGH,2,FORM_NEW_CLUST,129.411
rl3.1,cenario1_tempo_fixo/310s_10percent,27,1,SIM_EXISTING_HIGH,0,DO_NOT_ALLOC,-0.5
rl3.1,cenario1_tempo_fixo/310s_10percent,27,1,SIM_EXISTING_HIGH,1,REALLOC_EXIST,0.0
rl3.1,cenario1_tempo_fixo/310s_10percent,27,1,SIM_EXISTING_HIGH,2,FORM_NEW_CLUST,0.0
rl3.1,cenario1_tempo_fixo/310s_10percent,27,2,SIM_ORPHAN_HIGH,0,DO_NOT_ALLOC,0.0
rl3.1,cenario1_tempo_fixo/310s_10percent,27,2,SIM_ORPHAN_HIGH,1,REALLOC_EXIST,13.5557
rl3.1,cenario1_tempo_fixo/310s_10percent,27,2,SIM_ORPHAN_HIGH,2,FORM_NEW_CLUST,0.830796
rl3.1,cenario1_tempo_fixo/310s_10percent,27,3,SIM_BOTH_MEDIUM,0,DO_NOT_ALLOC,0.0
rl3.1,cenario1_tempo_fixo/310s_10percent,27,3,SIM_BOTH_MEDIUM,1,REALLOC_EXIST,0.0
rl3.1,cenario1_tempo_fixo/310s_10percent,27,3,SIM_BOTH_MEDIUM,2,FORM_NEW_CLUST,0.0
rl3.1,cenario1_tempo_fixo/310s_10percent,28,0,SIM_BOTH_HIGH,0,DO_NOT_ALLOC,77.4806
rl3.1,cenario1_tempo_fixo/310s_10percent,28,0,SIM_BOTH_HIGH,1,REALLOC_EXIST,95.8227
rl3.1,cenario1_tempo_fixo/310s_10percent,28,0,SIM_BOTH_HIGH,2,FORM_NEW_CLUST,129.411
rl3.1,cenario1_tempo_fixo/310s_10percent,28,1,SIM_EXISTING_HIGH,0,DO_NOT_ALLOC,-0.5
rl3.1,cenario1_tempo_fixo/310s_10percent,28,1,SIM_EXISTING_HIGH,1,REALLOC_EXIST,0.0
rl3.1,cenario1_tempo_fixo/310s_10percent,28,1,SIM_EXISTING_HIGH,2,FORM_NEW_CLUST,0.0
rl3.1,cenario1_tempo_fixo/310s_10percent,28,2,SIM_ORPHAN_HIGH,0,DO_NOT_ALLOC,0.0
rl3.1,cenario1_tempo_fixo/310s_10percent,28,2,SIM_ORPHAN_HIGH,1,REALLOC_EXIST,13.5557
rl3.1,cenario1_tempo_fixo/310s_10percent,28,2,SIM_ORPHAN_HIGH,2,FORM_NEW_CLUST,0.830796
rl3.1,cenario1_tempo_fixo/310s_10percent,28,3,SIM_BOTH_MEDIUM,0,DO_NOT_ALLOC,0.0
rl3.1,cenario1_tempo_fixo/310s_10percent,28,3,SIM_BOTH_MEDIUM,1,REALLOC_EXIST,0.0
rl3.1,cenario1_tempo_fixo/310s_10percent,28,3,SIM_BOTH_MEDIUM,2,FORM_NEW_CLUST,-1.0
rl3.1,cenario1_tempo_fixo/310s_10percent,29,0,SIM_BOTH_HIGH,0,DO_NOT_ALLOC,80.8879
rl3.1,cenario1_tempo_fixo/310s_10percent,29,0,SIM_BOTH_HIGH,1,REALLOC_EXIST,95.8227
rl3.1,cenario1_tempo_fixo/310s_10percent,29,0,SIM_BOTH_HIGH,2,FORM_NEW_CLUST,129.533
rl3.1,cenario1_tempo_fixo/310s_10percent,29,1,SIM_EXISTING_HIGH,0,DO_NOT_ALLOC,-0.5
rl3.1,cenario1_tempo_fixo/310s_10percent,29,1,SIM_EXISTING_HIGH,1,REALLOC_EXIST,0.0
rl3.1,cenario1_tempo_fixo/310s_10percent,29,1,SIM_EXISTING_HIGH,2,FORM_NEW_CLUST,0.0
rl3.1,cenario1_tempo_fixo/310s_10percent,29,2,SIM_ORPHAN_HIGH,0,DO_NOT_ALLOC,0.0
rl3.1,cenario1_tempo_fixo/310s_10percent,29,2,SIM_ORPHAN_HIGH,1,REALLOC_EXIST,13.5557
rl3.1,cenario1_tempo_fixo/310s_10percent,29,2,SIM_ORPHAN_HIGH,2,FORM_NEW_CLUST,0.830796
rl3.1,cenario1_tempo_fixo/310s_10percent,29,3,SIM_BOTH_MEDIUM,0,DO_NOT_ALLOC,0.0
rl3.1,cenario1_tempo_fixo/310s_10percent,29,3,SIM_BOTH_MEDIUM,1,REALLOC_EXIST,0.0
rl3.1,cenario1_tempo_fixo/310s_10percent,29,3,SIM_BOTH_MEDIUM,2,FORM_NEW_CLUST,-1.0
rl3.1,cenario1_tempo_fixo/310s_10percent,30,0,SIM_BOTH_HIGH,0,DO_NOT_ALLOC,86.7252
rl3.1,cenario1_tempo_fixo/310s_10percent,30,0,SIM_BOTH_HIGH,1,REALLOC_EXIST,95.8227
rl3.1,cenario1_tempo_fixo/310s_10percent,30,0,SIM_BOTH_HIGH,2,FORM_NEW_CLUST,129.644
rl3.1,cenario1_tempo_fixo/310s_10percent,30,1,SIM_EXISTING_HIGH,0,DO_NOT_ALLOC,-0.5
rl3.1,cenario1_tempo_fixo/310s_10percent,30,1,SIM_EXISTING_HIGH,1,REALLOC_EXIST,0.0
rl3.1,cenario1_tempo_fixo/310s_10percent,30,1,SIM_EXISTING_HIGH,2,FORM_NEW_CLUST,0.0
rl3.1,cenario1_tempo_fixo/310s_10percent,30,2,SIM_ORPHAN_HIGH,0,DO_NOT_ALLOC,0.0
rl3.1,cenario1_tempo_fixo/310s_10percent,30,2,SIM_ORPHAN_HIGH,1,REALLOC_EXIST,13.5557
rl3.1,cenario1_tempo_fixo/310s_10percent,30,2,SIM_ORPHAN_HIGH,2,FORM_NEW_CLUST,0.830796
rl3.1,cenario1_tempo_fixo/310s_10percent,30,3,SIM_BOTH_MEDIUM,0,DO_NOT_ALLOC,0.0
rl3.1,cenario1_tempo_fixo/310s_10percent,30,3,SIM_BOTH_MEDIUM,1,REALLOC_EXIST,0.0
rl3.1,cenario1_tempo_fixo/310s_10percent,30,3,SIM_BOTH_MEDIUM,2,FORM_NEW_CLUST,-1.0
rl3.1,cenario1_tempo_fixo/310s_10percent,31,0,SIM_BOTH_HIGH,0,DO_NOT_ALLOC,86.7252
rl3.1,cenario1_tempo_fixo/310s_10percent,31,0,SIM_BOTH_HIGH,1,REALLOC_EXIST,95.8227
rl3.1,cenario1_tempo_fixo/310s_10percent,31,0,SIM_BOTH_HIGH,2,FORM_NEW_CLUST,129.684
rl3.1,cenario1_tempo_fixo/310s_10percent,31,1,SIM_EXISTING_HIGH,0,DO_NOT_ALLOC,-0.5
rl3.1,cenario1_tempo_fixo/310s_10percent,31,1,SIM_EXISTING_HIGH,1,REALLOC_EXIST,0.0
rl3.1,cenario1_tempo_fixo/310s_10percent,31,1,SIM_EXISTING_HIGH,2,FORM_NEW_CLUST,0.0
rl3.1,cenario1_tempo_fixo/310s_10percent,31,2,SIM_ORPHAN_HIGH,0,DO_NOT_ALLOC,0.0
rl3.1,cenario1_tempo_fixo/310s_10percent,31,2,SIM_ORPHAN_HIGH,1,REALLOC_EXIST,13.5557
rl3.1,cenario1_tempo_fixo/310s_10percent,31,2,SIM_ORPHAN_HIGH,2,FORM_NEW_CLUST,0.830796
rl3.1,cenario1_tempo_fixo/310s_10percent,31,3,SIM_BOTH_MEDIUM,0,DO_NOT_ALLOC,0.0
rl3.1,cenario1_tempo_fixo/310s_10percent,31,3,SIM_BOTH_MEDIUM,1,REALLOC_EXIST,0.0
rl3.1,cenario1_tempo_fixo/310s_10percent,31,3,SIM_BOTH_MEDIUM,2,FORM_NEW_CLUST,-1.0
rl3.1,cenario1_tempo_fixo/310s_10percent,32,0,SIM_BOTH_HIGH,0,DO_NOT_ALLOC,86.7252
rl3.1,cenario1_tempo_fixo/310s_10percent,32,0,SIM_BOTH_HIGH,1,REALLOC_EXIST,95.8227
rl3.1,cenario1_tempo_fixo/310s_10percent,32,0,SIM_BOTH_HIGH,2,FORM_NEW_CLUST,129.684
rl3.1,cenario1_tempo_fixo/310s_10percent,32,1,SIM_EXISTING_HIGH,0,DO_NOT_ALLOC,-0.5
rl3.1,cenario1_tempo_fixo/310s_10percent,32,1,SIM_EXISTING_HIGH,1,REALLOC_EXIST,0.0
rl3.1,cenario1_tempo_fixo/310s_10percent,32,1,SIM_EXISTING_HIGH,2,FORM_NEW_CLUST,0.0
rl3.1,cenario1_tempo_fixo/310s_10percent,32,2,SIM_ORPHAN_HIGH,0,DO_NOT_ALLOC,0.0
rl3.1,cenario1_tempo_fixo/310s_10percent,32,2,SIM_ORPHAN_HIGH,1,REALLOC_EXIST,18.3904
rl3.1,cenario1_tempo_fixo/310s_10percent,32,2,SIM_ORPHAN_HIGH,2,FORM_NEW_CLUST,0.830796
rl3.1,cenario1_tempo_fixo/310s_10percent,32,3,SIM_BOTH_MEDIUM,0,DO_NOT_ALLOC,0.0
rl3.1,cenario1_tempo_fixo/310s_10percent,32,3,SIM_BOTH_MEDIUM,1,REALLOC_EXIST,0.0
rl3.1,cenario1_tempo_fixo/310s_10percent,32,3,SIM_BOTH_MEDIUM,2,FORM_NEW_CLUST,-1.0
rl3.1,cenario1_tempo_fixo/310s_10percent,33,0,SIM_BOTH_HIGH,0,DO_NOT_ALLOC,86.7252
rl3.1,cenario1_tempo_fixo/310s_10percent,33,0,SIM_BOTH_HIGH,1,REALLOC_EXIST,98.4535
rl3.1,cenario1_tempo_fixo/310s_10percent,33,0,SIM_BOTH_HIGH,2,FORM_NEW_CLUST,129.736
rl3.1,cenario1_tempo_fixo/310s_10percent,33,1,SIM_EXISTING_HIGH,0,DO_NOT_ALLOC,-0.5
rl3.1,cenario1_tempo_fixo/310s_10percent,33,1,SIM_EXISTING_HIGH,1,REALLOC_EXIST,0.0
rl3.1,cenario1_tempo_fixo/310s_10percent,33,1,SIM_EXISTING_HIGH,2,FORM_NEW_CLUST,0.0
rl3.1,cenario1_tempo_fixo/310s_10percent,33,2,SIM_ORPHAN_HIGH,0,DO_NOT_ALLOC,0.0
rl3.1,cenario1_tempo_fixo/310s_10percent,33,2,SIM_ORPHAN_HIGH,1,REALLOC_EXIST,18.3904
rl3.1,cenario1_tempo_fixo/310s_10percent,33,2,SIM_ORPHAN_HIGH,2,FORM_NEW_CLUST,0.830796
rl3.1,cenario1_tempo_fixo/310s_10percent,33,3,SIM_BOTH_MEDIUM,0,DO_NOT_ALLOC,0.0
rl3.1,cenario1_tempo_fixo/310s_10percent,33,3,SIM_BOTH_MEDIUM,1,REALLOC_EXIST,0.0
rl3.1,cenario1_tempo_fixo/310s_10percent,33,3,SIM_BOTH_MEDIUM,2,FORM_NEW_CLUST,-1.0
rl3.1,cenario1_tempo_fixo/310s_10percent,34,0,SIM_BOTH_HIGH,0,DO_NOT_ALLOC,86.7252
rl3.1,cenario1_tempo_fixo/310s_10percent,34,0,SIM_BOTH_HIGH,1,REALLOC_EXIST,101.085
rl3.1,cenario1_tempo_fixo/310s_10percent,34,0,SIM_BOTH_HIGH,2,FORM_NEW_CLUST,129.764
rl3.1,cenario1_tempo_fixo/310s_10percent,34,1,SIM_EXISTING_HIGH,0,DO_NOT_ALLOC,-0.5
rl3.1,cenario1_tempo_fixo/310s_10percent,34,1,SIM_EXISTING_HIGH,1,REALLOC_EXIST,0.0
rl3.1,cenario1_tempo_fixo/310s_10percent,34,1,SIM_EXISTING_HIGH,2,FORM_NEW_CLUST,0.0
rl3.1,cenario1_tempo_fixo/310s_10percent,34,2,SIM_ORPHAN_HIGH,0,DO_NOT_ALLOC,0.0
rl3.1,cenario1_tempo_fixo/310s_10percent,34,2,SIM_ORPHAN_HIGH,1,REALLOC_EXIST,18.3904
rl3.1,cenario1_tempo_fixo/310s_10percent,34,2,SIM_ORPHAN_HIGH,2,FORM_NEW_CLUST,0.830796
rl3.1,cenario1_tempo_fixo/310s_10percent,34,3,SIM_BOTH_MEDIUM,0,DO_NOT_ALLOC,0.0
rl3.1,cenario1_tempo_fixo/310s_10percent,34,3,SIM_BOTH_MEDIUM,1,REALLOC_EXIST,0.0
rl3.1,cenario1_tempo_fixo/310s_10percent,34,3,SIM_BOTH_MEDIUM,2,FORM_NEW_CLUST,-1.0
rl3.1,cenario1_tempo_fixo/310s_10percent,35,0,SIM_BOTH_HIGH,0,DO_NOT_ALLOC,86.7252
rl3.1,cenario1_tempo_fixo/310s_10percent,35,0,SIM_BOTH_HIGH,1,REALLOC_EXIST,101.085
rl3.1,cenario1_tempo_fixo/310s_10percent,35,0,SIM_BOTH_HIGH,2,FORM_NEW_CLUST,129.801
rl3.1,cenario1_tempo_fixo/310s_10percent,35,1,SIM_EXISTING_HIGH,0,DO_NOT_ALLOC,-0.5
rl3.1,cenario1_tempo_fixo/310s_10percent,35,1,SIM_EXISTING_HIGH,1,REALLOC_EXIST,0.0
rl3.1,cenario1_tempo_fixo/310s_10percent,35,1,SIM_EXISTING_HIGH,2,FORM_NEW_CLUST,0.0
rl3.1,cenario1_tempo_fixo/310s_10percent,35,2,SIM_ORPHAN_HIGH,0,DO_NOT_ALLOC,0.0
rl3.1,cenario1_tempo_fixo/310s_10percent,35,2,SIM_ORPHAN_HIGH,1,REALLOC_EXIST,18.3904
rl3.1,cenario1_tempo_fixo/310s_10percent,35,2,SIM_ORPHAN_HIGH,2,FORM_NEW_CLUST,0.830796
rl3.1,cenario1_tempo_fixo/310s_10percent,35,3,SIM_BOTH_MEDIUM,0,DO_NOT_ALLOC,0.0
rl3.1,cenario1_tempo_fixo/310s_10percent,35,3,SIM_BOTH_MEDIUM,1,REALLOC_EXIST,0.0
rl3.1,cenario1_tempo_fixo/310s_10percent,35,3,SIM_BOTH_MEDIUM,2,FORM_NEW_CLUST,-1.0
rl3.1,cenario1_tempo_fixo/310s_20percent,1,0,SIM_BOTH_HIGH,0,DO_NOT_ALLOC,0.318029
rl3.1,cenario1_tempo_fixo/310s_20percent,1,0,SIM_BOTH_HIGH,1,REALLOC_EXIST,14.5674
rl3.1,cenario1_tempo_fixo/310s_20percent,1,0,SIM_BOTH_HIGH,2,FORM_NEW_CLUST,2.11803
rl3.1,cenario1_tempo_fixo/310s_20percent,1,1,SIM_EXISTING_HIGH,0,DO_NOT_ALLOC,0.0
rl3.1,cenario1_tempo_fixo/310s_20percent,1,1,SIM_EXISTING_HIGH,1,REALLOC_EXIST,0.0
rl3.1,cenario1_tempo_fixo/310s_20percent,1,1,SIM_EXISTING_HIGH,2,FORM_NEW_CLUST,0.0
rl3.1,cenario1_tempo_fixo/310s_20percent,1,2,SIM_ORPHAN_HIGH,0,DO_NOT_ALLOC,0.0
rl3.1,cenario1_tempo_fixo/310s_20percent,1,2,SIM_ORPHAN_HIGH,1,REALLOC_EXIST,0.0
rl3.1,cenario1_tempo_fixo/310s_20percent,1,2,SIM_ORPHAN_HIGH,2,FORM_NEW_CLUST,0.0
rl3.1,cenario1_tempo_fixo/310s_20percent,1,3,SIM_BOTH_MEDIUM,0,DO_NOT_ALLOC,0.0
rl3.1,cenario1_tempo_fixo/310s_20percent,1,3,SIM_BOTH_MEDIUM,1,REALLOC_EXIST,0.0
rl3.1,cenario1_tempo_fixo/310s_20percent,1,3,SIM_BOTH_MEDIUM,2,FORM_NEW_CLUST,0.0
rl3.1,cenario1_tempo_fixo/310s_20percent,2,0,SIM_BOTH_HIGH,0,DO_NOT_ALLOC,1.16803
rl3.1,cenario1_tempo_fixo/310s_20percent,2,0,SIM_BOTH_HIGH,1,REALLOC_EXIST,29.9276
rl3.1,cenario1_tempo_fixo/310s_20percent,2,0,SIM_BOTH_HIGH,2,FORM_NEW_CLUST,2.11803
rl3.1,cenario1_tempo_fixo/310s_20percent,2,1,SIM_EXISTING_HIGH,0,DO_NOT_ALLOC,0.0
rl3.1,cenario1_tempo_fixo/310s_20percent,2,1,SIM_EXISTING_HIGH,1,REALLOC_EXIST,0.0
rl3.1,cenario1_tempo_fixo/310s_20percent,2,1,SIM_EXISTING_HIGH,2,FORM_NEW_CLUST,0.0
rl3.1,cenario1_tempo_fixo/310s_20percent,2,2,SIM_ORPHAN_HIGH,0,DO_NOT_ALLOC,0.0
rl3.1,cenario1_tempo_fixo/310s_20percent,2,2,SIM_ORPHAN_HIGH,1,REALLOC_EXIST,0.0
rl3.1,cenario1_tempo_fixo/310s_20percent,2,2,SIM_ORPHAN_HIGH,2,FORM_NEW_CLUST,0.0
rl3.1,cenario1_tempo_fixo/310s_20percent,2,3,SIM_BOTH_MEDIUM,0,DO_NOT_ALLOC,0.0
rl3.1,cenario1_tempo_fixo/310s_20percent,2,3,SIM_BOTH_MEDIUM,1,REALLOC_EXIST,0.0
rl3.1,cenario1_tempo_fixo/310s_20percent,2,3,SIM_BOTH_MEDIUM,2,FORM_NEW_CLUST,0.0
rl3.1,cenario1_tempo_fixo/310s_20percent,3,0,SIM_BOTH_HIGH,0,DO_NOT_ALLOC,1.16803
rl3.1,cenario1_tempo_fixo/310s_20percent,3,0,SIM_BOTH_HIGH,1,REALLOC_EXIST,39.455
rl3.1,cenario1_tempo_fixo/310s_20percent,3,0,SIM_BOTH_HIGH,2,FORM_NEW_CLUST,2.11803
rl3.1,cenario1_tempo_fixo/310s_20percent,3,1,SIM_EXISTING_HIGH,0,DO_NOT_ALLOC,0.0
rl3.1,cenario1_tempo_fixo/310s_20percent,3,1,SIM_EXISTING_HIGH,1,REALLOC_EXIST,0.0
rl3.1,cenario1_tempo_fixo/310s_20percent,3,1,SIM_EXISTING_HIGH,2,FORM_NEW_CLUST,0.0
rl3.1,cenario1_tempo_fixo/310s_20percent,3,2,SIM_ORPHAN_HIGH,0,DO_NOT_ALLOC,0.0
rl3.1,cenario1_tempo_fixo/310s_20percent,3,2,SIM_ORPHAN_HIGH,1,REALLOC_EXIST,0.0
rl3.1,cenario1_tempo_fixo/310s_20percent,3,2,SIM_ORPHAN_HIGH,2,FORM_NEW_CLUST,0.0
rl3.1,cenario1_tempo_fixo/310s_20percent,3,3,SIM_BOTH_MEDIUM,0,DO_NOT_ALLOC,0.0
rl3.1,cenario1_tempo_fixo/310s_20percent,3,3,SIM_BOTH_MEDIUM,1,REALLOC_EXIST,0.0
rl3.1,cenario1_tempo_fixo/310s_20percent,3,3,SIM_BOTH_MEDIUM,2,FORM_NEW_CLUST,0.0
rl3.1,cenario1_tempo_fixo/310s_20percent,4,0,SIM_BOTH_HIGH,0,DO_NOT_ALLOC,1.16803
rl3.1,cenario1_tempo_fixo/310s_20percent,4,0,SIM_BOTH_HIGH,1,REALLOC_EXIST,42.9273
rl3.1,cenario1_tempo_fixo/310s_20percent,4,0,SIM_BOTH_HIGH,2,FORM_NEW_CLUST,2.11803
rl3.1,cenario1_tempo_fixo/310s_20percent,4,1,SIM_EXISTING_HIGH,0,DO_NOT_ALLOC,0.0
rl3.1,cenario1_tempo_fixo/310s_20percent,4,1,SIM_EXISTING_HIGH,1,REALLOC_EXIST,0.0
rl3.1,cenario1_tempo_fixo/310s_20percent,4,1,SIM_EXISTING_HIGH,2,FORM_NEW_CLUST,0.0
rl3.1,cenario1_tempo_fixo/310s_20percent,4,2,SIM_ORPHAN_HIGH,0,DO_NOT_ALLOC,0.0
rl3.1,cenario1_tempo_fixo/310s_20percent,4,2,SIM_ORPHAN_HIGH,1,REALLOC_EXIST,0.0
rl3.1,cenario1_tempo_fixo/310s_20percent,4,2,SIM_ORPHAN_HIGH,2,FORM_NEW_CLUST,0.0
rl3.1,cenario1_tempo_fixo/310s_20percent,4,3,SIM_BOTH_MEDIUM,0,DO_NOT_ALLOC,0.0
rl3.1,cenario1_tempo_fixo/310s_20percent,4,3,SIM_BOTH_MEDIUM,1,REALLOC_EXIST,0.0
rl3.1,cenario1_tempo_fixo/310s_20percent,4,3,SIM_BOTH_MEDIUM,2,FORM_NEW_CLUST,0.0
rl3.1,cenario1_tempo_fixo/310s_20percent,5,0,SIM_BOTH_HIGH,0,DO_NOT_ALLOC,4.71196
rl3.1,cenario1_tempo_fixo/310s_20percent,5,0,SIM_BOTH_HIGH,1,REALLOC_EXIST,47.8475
rl3.1,cenario1_tempo_fixo/310s_20percent,5,0,SIM_BOTH_HIGH,2,FORM_NEW_CLUST,7.14713
rl3.1,cenario1_tempo_fixo/310s_20percent,5,1,SIM_EXISTING_HIGH,0,DO_NOT_ALLOC,0.0
rl3.1,cenario1_tempo_fixo/310s_20percent,5,1,SIM_EXISTING_HIGH,1,REALLOC_EXIST,0.0
rl3.1,cenario1_tempo_fixo/310s_20percent,5,1,SIM_EXISTING_HIGH,2,FORM_NEW_CLUST,0.0
rl3.1,cenario1_tempo_fixo/310s_20percent,5,2,SIM_ORPHAN_HIGH,0,DO_NOT_ALLOC,0.0
rl3.1,cenario1_tempo_fixo/310s_20percent,5,2,SIM_ORPHAN_HIGH,1,REALLOC_EXIST,0.0
rl3.1,cenario1_tempo_fixo/310s_20percent,5,2,SIM_ORPHAN_HIGH,2,FORM_NEW_CLUST,0.0
rl3.1,cenario1_tempo_fixo/310s_20percent,5,3,SIM_BOTH_MEDIUM,0,DO_NOT_ALLOC,0.0
rl3.1,cenario1_tempo_fixo/310s_20percent,5,3,SIM_BOTH_MEDIUM,1,REALLOC_EXIST,0.0
rl3.1,cenario1_tempo_fixo/310s_20percent,5,3,SIM_BOTH_MEDIUM,2,FORM_NEW_CLUST,0.0
rl3.1,cenario1_tempo_fixo/310s_20percent,6,0,SIM_BOTH_HIGH,0,DO_NOT_ALLOC,8.2973
rl3.1,cenario1_tempo_fixo/310s_20percent,6,0,SIM_BOTH_HIGH,1,REALLOC_EXIST,52.0677
rl3.1,cenario1_tempo_fixo/310s_20percent,6,0,SIM_BOTH_HIGH,2,FORM_NEW_CLUST,12.1246
rl3.1,cenario1_tempo_fixo/310s_20percent,6,1,SIM_EXISTING_HIGH,0,DO_NOT_ALLOC,0.0
rl3.1,cenario1_tempo_fixo/310s_20percent,6,1,SIM_EXISTING_HIGH,1,REALLOC_EXIST,0.0
rl3.1,cenario1_tempo_fixo/310s_20percent,6,1,SIM_EXISTING_HIGH,2,FORM_NEW_CLUST,0.0
rl3.1,cenario1_tempo_fixo/310s_20percent,6,2,SIM_ORPHAN_HIGH,0,DO_NOT_ALLOC,0.0
rl3.1,cenario1_tempo_fixo/310s_20percent,6,2,SIM_ORPHAN_HIGH,1,REALLOC_EXIST,0.0
rl3.1,cenario1_tempo_fixo/310s_20percent,6,2,SIM_ORPHAN_HIGH,2,FORM_NEW_CLUST,0.0
rl3.1,cenario1_tempo_fixo/310s_20percent,6,3,SIM_BOTH_MEDIUM,0,DO_NOT_ALLOC,0.0
rl3.1,cenario1_tempo_fixo/310s_20percent,6,3,SIM_BOTH_MEDIUM,1,REALLOC_EXIST,0.0
rl3.1,cenario1_tempo_fixo/310s_20percent,6,3,SIM_BOTH_MEDIUM,2,FORM_NEW_CLUST,0.0
rl3.1,cenario1_tempo_fixo/310s_20percent,7,0,SIM_BOTH_HIGH,0,DO_NOT_ALLOC,14.7736
rl3.1,cenario1_tempo_fixo/310s_20percent,7,0,SIM_BOTH_HIGH,1,REALLOC_EXIST,52.8569
rl3.1,cenario1_tempo_fixo/310s_20percent,7,0,SIM_BOTH_HIGH,2,FORM_NEW_CLUST,21.318
rl3.1,cenario1_tempo_fixo/310s_20percent,7,1,SIM_EXISTING_HIGH,0,DO_NOT_ALLOC,0.0
rl3.1,cenario1_tempo_fixo/310s_20percent,7,1,SIM_EXISTING_HIGH,1,REALLOC_EXIST,0.0
rl3.1,cenario1_tempo_fixo/310s_20percent,7,1,SIM_EXISTING_HIGH,2,FORM_NEW_CLUST,0.0
rl3.1,cenario1_tempo_fixo/310s_20percent,7,2,SIM_ORPHAN_HIGH,0,DO_NOT_ALLOC,0.0
rl3.1,cenario1_tempo_fixo/310s_20percent,7,2,SIM_ORPHAN_HIGH,1,REALLOC_EXIST,0.0
rl3.1,cenario1_tempo_fixo/310s_20percent,7,2,SIM_ORPHAN_HIGH,2,FORM_NEW_CLUST,0.0
rl3.1,cenario1_tempo_fixo/310s_20percent,7,3,SIM_BOTH_MEDIUM,0,DO_NOT_ALLOC,0.0
rl3.1,cenario1_tempo_fixo/310s_20percent,7,3,SIM_BOTH_MEDIUM,1,REALLOC_EXIST,0.0
rl3.1,cenario1_tempo_fixo/310s_20percent,7,3,SIM_BOTH_MEDIUM,2,FORM_NEW_CLUST,0.0
rl3.1,cenario1_tempo_fixo/310s_20percent,8,0,SIM_BOTH_HIGH,0,DO_NOT_ALLOC,20.0721
rl3.1,cenario1_tempo_fixo/310s_20percent,8,0,SIM_BOTH_HIGH,1,REALLOC_EXIST,53.026
rl3.1,cenario1_tempo_fixo/310s_20percent,8,0,SIM_BOTH_HIGH,2,FORM_NEW_CLUST,21.318
rl3.1,cenario1_tempo_fixo/310s_20percent,8,1,SIM_EXISTING_HIGH,0,DO_NOT_ALLOC,0.0
rl3.1,cenario1_tempo_fixo/310s_20percent,8,1,SIM_EXISTING_HIGH,1,REALLOC_EXIST,0.0
rl3.1,cenario1_tempo_fixo/310s_20percent,8,1,SIM_EXISTING_HIGH,2,FORM_NEW_CLUST,0.0
rl3.1,cenario1_tempo_fixo/310s_20percent,8,2,SIM_ORPHAN_HIGH,0,DO_NOT_ALLOC,0.0
rl3.1,cenario1_tempo_fixo/310s_20percent,8,2,SIM_ORPHAN_HIGH,1,REALLOC_EXIST,9.65634
rl3.1,cenario1_tempo_fixo/310s_20percent,8,2,SIM_ORPHAN_HIGH,2,FORM_NEW_CLUST,1.9679
rl3.1,cenario1_tempo_fixo/310s_20percent,8,3,SIM_BOTH_MEDIUM,0,DO_NOT_ALLOC,0.0
rl3.1,cenario1_tempo_fixo/310s_20percent,8,3,SIM_BOTH_MEDIUM,1,REALLOC_EXIST,0.0
rl3.1,cenario1_tempo_fixo/310s_20percent,8,3,SIM_BOTH_MEDIUM,2,FORM_NEW_CLUST,0.0
rl3.1,cenario1_tempo_fixo/310s_20percent,9,0,SIM_BOTH_HIGH,0,DO_NOT_ALLOC,20.0721
rl3.1,cenario1_tempo_fixo/310s_20percent,9,0,SIM_BOTH_HIGH,1,REALLOC_EXIST,53.3343
rl3.1,cenario1_tempo_fixo/310s_20percent,9,0,SIM_BOTH_HIGH,2,FORM_NEW_CLUST,28.8571
rl3.1,cenario1_tempo_fixo/310s_20percent,9,1,SIM_EXISTING_HIGH,0,DO_NOT_ALLOC,0.0
rl3.1,cenario1_tempo_fixo/310s_20percent,9,1,SIM_EXISTING_HIGH,1,REALLOC_EXIST,0.0
rl3.1,cenario1_tempo_fixo/310s_20percent,9,1,SIM_EXISTING_HIGH,2,FORM_NEW_CLUST,0.0
rl3.1,cenario1_tempo_fixo/310s_20percent,9,2,SIM_ORPHAN_HIGH,0,DO_NOT_ALLOC,0.0
rl3.1,cenario1_tempo_fixo/310s_20percent,9,2,SIM_ORPHAN_HIGH,1,REALLOC_EXIST,9.65634
rl3.1,cenario1_tempo_fixo/310s_20percent,9,2,SIM_ORPHAN_HIGH,2,FORM_NEW_CLUST,1.9679
rl3.1,cenario1_tempo_fixo/310s_20percent,9,3,SIM_BOTH_MEDIUM,0,DO_NOT_ALLOC,0.0
rl3.1,cenario1_tempo_fixo/310s_20percent,9,3,SIM_BOTH_MEDIUM,1,REALLOC_EXIST,0.0
rl3.1,cenario1_tempo_fixo/310s_20percent,9,3,SIM_BOTH_MEDIUM,2,FORM_NEW_CLUST,0.0
rl3.1,cenario1_tempo_fixo/310s_20percent,10,0,SIM_BOTH_HIGH,0,DO_NOT_ALLOC,20.0721
rl3.1,cenario1_tempo_fixo/310s_20percent,10,0,SIM_BOTH_HIGH,1,REALLOC_EXIST,58.624
rl3.1,cenario1_tempo_fixo/310s_20percent,10,0,SIM_BOTH_HIGH,2,FORM_NEW_CLUST,32.4484
rl3.1,cenario1_tempo_fixo/310s_20percent,10,1,SIM_EXISTING_HIGH,0,DO_NOT_ALLOC,0.0
rl3.1,cenario1_tempo_fixo/310s_20percent,10,1,SIM_EXISTING_HIGH,1,REALLOC_EXIST,0.0
rl3.1,cenario1_tempo_fixo/310s_20percent,10,1,SIM_EXISTING_HIGH,2,FORM_NEW_CLUST,0.0
rl3.1,cenario1_tempo_fixo/310s_20percent,10,2,SIM_ORPHAN_HIGH,0,DO_NOT_ALLOC,0.0
rl3.1,cenario1_tempo_fixo/310s_20percent,10,2,SIM_ORPHAN_HIGH,1,REALLOC_EXIST,9.65634
rl3.1,cenario1_tempo_fixo/310s_20percent,10,2,SIM_ORPHAN_HIGH,2,FORM_NEW_CLUST,1.9679
rl3.1,cenario1_tempo_fixo/310s_20percent,10,3,SIM_BOTH_MEDIUM,0,DO_NOT_ALLOC,0.0
rl3.1,cenario1_tempo_fixo/310s_20percent,10,3,SIM_BOTH_MEDIUM,1,REALLOC_EXIST,0.0
rl3.1,cenario1_tempo_fixo/310s_20percent,10,3,SIM_BOTH_MEDIUM,2,FORM_NEW_CLUST,0.0
rl3.1,cenario1_tempo_fixo/310s_20percent,11,0,SIM_BOTH_HIGH,0,DO_NOT_ALLOC,20.0721
rl3.1,cenario1_tempo_fixo/310s_20percent,11,0,SIM_BOTH_HIGH,1,REALLOC_EXIST,61.4297
rl3.1,cenario1_tempo_fixo/310s_20percent,11,0,SIM_BOTH_HIGH,2,FORM_NEW_CLUST,35.8369
rl3.1,cenario1_tempo_fixo/310s_20percent,11,1,SIM_EXISTING_HIGH,0,DO_NOT_ALLOC,0.0
rl3.1,cenario1_tempo_fixo/310s_20percent,11,1,SIM_EXISTING_HIGH,1,REALLOC_EXIST,0.0
rl3.1,cenario1_tempo_fixo/310s_20percent,11,1,SIM_EXISTING_HIGH,2,FORM_NEW_CLUST,0.0
rl3.1,cenario1_tempo_fixo/310s_20percent,11,2,SIM_ORPHAN_HIGH,0,DO_NOT_ALLOC,1.07844
rl3.1,cenario1_tempo_fixo/310s_20percent,11,2,SIM_ORPHAN_HIGH,1,REALLOC_EXIST,12.1535
rl3.1,cenario1_tempo_fixo/310s_20percent,11,2,SIM_ORPHAN_HIGH,2,FORM_NEW_CLUST,1.9679
rl3.1,cenario1_tempo_fixo/310s_20percent,11,3,SIM_BOTH_MEDIUM,0,DO_NOT_ALLOC,0.0
rl3.1,cenario1_tempo_fixo/310s_20percent,11,3,SIM_BOTH_MEDIUM,1,REALLOC_EXIST,0.0
rl3.1,cenario1_tempo_fixo/310s_20percent,11,3,SIM_BOTH_MEDIUM,2,FORM_NEW_CLUST,0.0
rl3.1,cenario1_tempo_fixo/310s_20percent,12,0,SIM_BOTH_HIGH,0,DO_NOT_ALLOC,20.0721
rl3.1,cenario1_tempo_fixo/310s_20percent,12,0,SIM_BOTH_HIGH,1,REALLOC_EXIST,64.0285
rl3.1,cenario1_tempo_fixo/310s_20percent,12,0,SIM_BOTH_HIGH,2,FORM_NEW_CLUST,35.8369
rl3.1,cenario1_tempo_fixo/310s_20percent,12,1,SIM_EXISTING_HIGH,0,DO_NOT_ALLOC,0.0
rl3.1,cenario1_tempo_fixo/310s_20percent,12,1,SIM_EXISTING_HIGH,1,REALLOC_EXIST,0.0
rl3.1,cenario1_tempo_fixo/310s_20percent,12,1,SIM_EXISTING_HIGH,2,FORM_NEW_CLUST,0.0
rl3.1,cenario1_tempo_fixo/310s_20percent,12,2,SIM_ORPHAN_HIGH,0,DO_NOT_ALLOC,1.07844
rl3.1,cenario1_tempo_fixo/310s_20percent,12,2,SIM_ORPHAN_HIGH,1,REALLOC_EXIST,12.1535
rl3.1,cenario1_tempo_fixo/310s_20percent,12,2,SIM_ORPHAN_HIGH,2,FORM_NEW_CLUST,1.9679
rl3.1,cenario1_tempo_fixo/310s_20percent,12,3,SIM_BOTH_MEDIUM,0,DO_NOT_ALLOC,0.0
rl3.1,cenario1_tempo_fixo/310s_20percent,12,3,SIM_BOTH_MEDIUM,1,REALLOC_EXIST,0.0
rl3.1,cenario1_tempo_fixo/310s_20percent,12,3,SIM_BOTH_MEDIUM,2,FORM_NEW_CLUST,0.0
rl3.1,cenario1_tempo_fixo/310s_20percent,13,0,SIM_BOTH_HIGH,0,DO_NOT_ALLOC,23.275
rl3.1,cenario1_tempo_fixo/310s_20percent,13,0,SIM_BOTH_HIGH,1,REALLOC_EXIST,62.1328
rl3.1,cenario1_tempo_fixo/310s_20percent,13,0,SIM_BOTH_HIGH,2,FORM_NEW_CLUST,35.8369
rl3.1,cenario1_tempo_fixo/310s_20percent,13,1,SIM_EXISTING_HIGH,0,DO_NOT_ALLOC,0.0
rl3.1,cenario1_tempo_fixo/310s_20percent,13,1,SIM_EXISTING_HIGH,1,REALLOC_EXIST,0.0
rl3.1,cenario1_tempo_fixo/310s_20percent,13,1,SIM_EXISTING_HIGH,2,FORM_NEW_CLUST,0.0
rl3.1,cenario1_tempo_fixo/310s_20percent,13,2,SIM_ORPHAN_HIGH,0,DO_NOT_ALLOC,1.07844
rl3.1,cenario1_tempo_fixo/310s_20percent,13,2,SIM_ORPHAN_HIGH,1,REALLOC_EXIST,12.1535
rl3.1,cenario1_tempo_fixo/310s_20percent,13,2,SIM_ORPHAN_HIGH,2,FORM_NEW_CLUST,1.9679
rl3.1,cenario1_tempo_fixo/310s_20percent,13,3,SIM_BOTH_MEDIUM,0,DO_NOT_ALLOC,0.0
rl3.1,cenario1_tempo_fixo/310s_20percent,13,3,SIM_BOTH_MEDIUM,1,REALLOC_EXIST,0.0
rl3.1,cenario1_tempo_fixo/310s_20percent,13,3,SIM_BOTH_MEDIUM,2,FORM_NEW_CLUST,0.0
rl3.1,cenario1_tempo_fixo/310s_20percent,14,0,SIM_BOTH_HIGH,0,DO_NOT_ALLOC,25.9193
rl3.1,cenario1_tempo_fixo/310s_20percent,14,0,SIM_BOTH_HIGH,1,REALLOC_EXIST,62.1089
rl3.1,cenario1_tempo_fixo/310s_20percent,14,0,SIM_BOTH_HIGH,2,FORM_NEW_CLUST,35.8369
rl3.1,cenario1_tempo_fixo/310s_20percent,14,1,SIM_EXISTING_HIGH,0,DO_NOT_ALLOC,0.0
rl3.1,cenario1_tempo_fixo/310s_20percent,14,1,SIM_EXISTING_HIGH,1,REALLOC_EXIST,0.0
rl3.1,cenario1_tempo_fixo/310s_20percent,14,1,SIM_EXISTING_HIGH,2,FORM_NEW_CLUST,0.0
rl3.1,cenario1_tempo_fixo/310s_20percent,14,2,SIM_ORPHAN_HIGH,0,DO_NOT_ALLOC,1.07844
rl3.1,cenario1_tempo_fixo/310s_20percent,14,2,SIM_ORPHAN_HIGH,1,REALLOC_EXIST,12.1535
rl3.1,cenario1_tempo_fixo/310s_20percent,14,2,SIM_ORPHAN_HIGH,2,FORM_NEW_CLUST,1.9679
rl3.1,cenario1_tempo_fixo/310s_20percent,14,3,SIM_BOTH_MEDIUM,0,DO_NOT_ALLOC,0.0
rl3.1,cenario1_tempo_fixo/310s_20percent,14,3,SIM_BOTH_MEDIUM,1,REALLOC_EXIST,0.0
rl3.1,cenario1_tempo_fixo/310s_20percent,14,3,SIM_BOTH_MEDIUM,2,FORM_NEW_CLUST,0.0
rl3.1,cenario1_tempo_fixo/310s_20percent,15,0,SIM_BOTH_HIGH,0,DO_NOT_ALLOC,25.9193
rl3.1,cenario1_tempo_fixo/310s_20percent,15,0,SIM_BOTH_HIGH,1,REALLOC_EXIST,60.1974
rl3.1,cenario1_tempo_fixo/310s_20percent,15,0,SIM_BOTH_HIGH,2,FORM_NEW_CLUST,39.0738
rl3.1,cenario1_tempo_fixo/310s_20percent,15,1,SIM_EXISTING_HIGH,0,DO_NOT_ALLOC,0.0
rl3.1,cenario1_tempo_fixo/310s_20percent,15,1,SIM_EXISTING_HIGH,1,REALLOC_EXIST,0.0
rl3.1,cenario1_tempo_fixo/310s_20percent,15,1,SIM_EXISTING_HIGH,2,FORM_NEW_CLUST,0.0
rl3.1,cenario1_tempo_fixo/310s_20percent,15,2,SIM_ORPHAN_HIGH,0,DO_NOT_ALLOC,1.07844
rl3.1,cenario1_tempo_fixo/310s_20percent,15,2,SIM_ORPHAN_HIGH,1,REALLOC_EXIST,12.1535
rl3.1,cenario1_tempo_fixo/310s_20percent,15,2,SIM_ORPHAN_HIGH,2,FORM_NEW_CLUST,1.9679
rl3.1,cenario1_tempo_fixo/310s_20percent,15,3,SIM_BOTH_MEDIUM,0,DO_NOT_ALLOC,0.0
rl3.1,cenario1_tempo_fixo/310s_20percent,15,3,SIM_BOTH_MEDIUM,1,REALLOC_EXIST,0.0
rl3.1,cenario1_tempo_fixo/310s_20percent,15,3,SIM_BOTH_MEDIUM,2,FORM_NEW_CLUST,0.0
rl3.1,cenario1_tempo_fixo/310s_20percent,16,0,SIM_BOTH_HIGH,0,DO_NOT_ALLOC,31.2113
rl3.1,cenario1_tempo_fixo/310s_20percent,16,0,SIM_BOTH_HIGH,1,REALLOC_EXIST,67.8983
rl3.1,cenario1_tempo_fixo/310s_20percent,16,0,SIM_BOTH_HIGH,2,FORM_NEW_CLUST,42.5552
rl3.1,cenario1_tempo_fixo/310s_20percent,16,1,SIM_EXISTING_HIGH,0,DO_NOT_ALLOC,0.0
rl3.1,cenario1_tempo_fixo/310s_20percent,16,1,SIM_EXISTING_HIGH,1,REALLOC_EXIST,0.0
rl3.1,cenario1_tempo_fixo/310s_20percent,16,1,SIM_EXISTING_HIGH,2,FORM_NEW_CLUST,0.0
rl3.1,cenario1_tempo_fixo/310s_20percent,16,2,SIM_ORPHAN_HIGH,0,DO_NOT_ALLOC,1.07844
rl3.1,cenario1_tempo_fixo/310s_20percent,16,2,SIM_ORPHAN_HIGH,1,REALLOC_EXIST,12.1535
rl3.1,cenario1_tempo_fixo/310s_20percent,16,2,SIM_ORPHAN_HIGH,2,FORM_NEW_CLUST,1.9679
rl3.1,cenario1_tempo_fixo/310s_20percent,16,3,SIM_BOTH_MEDIUM,0,DO_NOT_ALLOC,0.0
rl3.1,cenario1_tempo_fixo/310s_20percent,16,3,SIM_BOTH_MEDIUM,1,REALLOC_EXIST,0.0
rl3.1,cenario1_tempo_fixo/310s_20percent,16,3,SIM_BOTH_MEDIUM,2,FORM_NEW_CLUST,0.0
rl3.1,cenario1_tempo_fixo/310s_20percent,17,0,SIM_BOTH_HIGH,0,DO_NOT_ALLOC,33.6164
rl3.1,cenario1_tempo_fixo/310s_20percent,17,0,SIM_BOTH_HIGH,1,REALLOC_EXIST,64.9337
rl3.1,cenario1_tempo_fixo/310s_20percent,17,0,SIM_BOTH_HIGH,2,FORM_NEW_CLUST,42.5552
rl3.1,cenario1_tempo_fixo/310s_20percent,17,1,SIM_EXISTING_HIGH,0,DO_NOT_ALLOC,0.0
rl3.1,cenario1_tempo_fixo/310s_20percent,17,1,SIM_EXISTING_HIGH,1,REALLOC_EXIST,0.0
rl3.1,cenario1_tempo_fixo/310s_20percent,17,1,SIM_EXISTING_HIGH,2,FORM_NEW_CLUST,0.0
rl3.1,cenario1_tempo_fixo/310s_20percent,17,2,SIM_ORPHAN_HIGH,0,DO_NOT_ALLOC,1.07844
rl3.1,cenario1_tempo_fixo/310s_20percent,17,2,SIM_ORPHAN_HIGH,1,REALLOC_EXIST,12.1535
rl3.1,cenario1_tempo_fixo/310s_20percent,17,2,SIM_ORPHAN_HIGH,2,FORM_NEW_CLUST,1.9679
rl3.1,cenario1_tempo_fixo/310s_20percent,17,3,SIM_BOTH_MEDIUM,0,DO_NOT_ALLOC,0.0
rl3.1,cenario1_tempo_fixo/310s_20percent,17,3,SIM_BOTH_MEDIUM,1,REALLOC_EXIST,0.0
rl3.1,cenario1_tempo_fixo/310s_20percent,17,3,SIM_BOTH_MEDIUM,2,FORM_NEW_CLUST,0.0
rl3.1,cenario1_tempo_fixo/310s_20percent,18,0,SIM_BOTH_HIGH,0,DO_NOT_ALLOC,33.6164
rl3.1,cenario1_tempo_fixo/310s_20percent,18,0,SIM_BOTH_HIGH,1,REALLOC_EXIST,62.9547
rl3.1,cenario1_tempo_fixo/310s_20percent,18,0,SIM_BOTH_HIGH,2,FORM_NEW_CLUST,42.5552
rl3.1,cenario1_tempo_fixo/310s_20percent,18,1,SIM_EXISTING_HIGH,0,DO_NOT_ALLOC,0.0
rl3.1,cenario1_tempo_fixo/310s_20percent,18,1,SIM_EXISTING_HIGH,1,REALLOC_EXIST,0.0
rl3.1,cenario1_tempo_fixo/310s_20percent,18,1,SIM_EXISTING_HIGH,2,FORM_NEW_CLUST,0.0
rl3.1,cenario1_tempo_fixo/310s_20percent,18,2,SIM_ORPHAN_HIGH,0,DO_NOT_ALLOC,1.07844
rl3.1,cenario1_tempo_fixo/310s_20percent,18,2,SIM_ORPHAN_HIGH,1,REALLOC_EXIST,15.716
rl3.1,cenario1_tempo_fixo/310s_20percent,18,2,SIM_ORPHAN_HIGH,2,FORM_NEW_CLUST,1.9679
rl3.1,cenario1_tempo_fixo/310s_20percent,18,3,SIM_BOTH_MEDIUM,0,DO_NOT_ALLOC,0.0
rl3.1,cenario1_tempo_fixo/310s_20percent,18,3,SIM_BOTH_MEDIUM,1,REALLOC_EXIST,0.0
rl3.1,cenario1_tempo_fixo/310s_20percent,18,3,SIM_BOTH_MEDIUM,2,FORM_NEW_CLUST,0.0
rl3.1,cenario1_tempo_fixo/310s_20percent,19,0,SIM_BOTH_HIGH,0,DO_NOT_ALLOC,33.6164
rl3.1,cenario1_tempo_fixo/310s_20percent,19,0,SIM_BOTH_HIGH,1,REALLOC_EXIST,65.34
rl3.1,cenario1_tempo_fixo/310s_20percent,19,0,SIM_BOTH_HIGH,2,FORM_NEW_CLUST,45.3841
rl3.1,cenario1_tempo_fixo/310s_20percent,19,1,SIM_EXISTING_HIGH,0,DO_NOT_ALLOC,0.0
rl3.1,cenario1_tempo_fixo/310s_20percent,19,1,SIM_EXISTING_HIGH,1,REALLOC_EXIST,0.0
rl3.1,cenario1_tempo_fixo/310s_20percent,19,1,SIM_EXISTING_HIGH,2,FORM_NEW_CLUST,0.0
rl3.1,cenario1_tempo_fixo/310s_20percent,19,2,SIM_ORPHAN_HIGH,0,DO_NOT_ALLOC,1.07844
rl3.1,cenario1_tempo_fixo/310s_20percent,19,2,SIM_ORPHAN_HIGH,1,REALLOC_EXIST,15.716
rl3.1,cenario1_tempo_fixo/310s_20percent,19,2,SIM_ORPHAN_HIGH,2,FORM_NEW_CLUST,1.9679
rl3.1,cenario1_tempo_fixo/310s_20percent,19,3,SIM_BOTH_MEDIUM,0,DO_NOT_ALLOC,0.0
rl3.1,cenario1_tempo_fixo/310s_20percent,19,3,SIM_BOTH_MEDIUM,1,REALLOC_EXIST,0.0
rl3.1,cenario1_tempo_fixo/310s_20percent,19,3,SIM_BOTH_MEDIUM,2,FORM_NEW_CLUST,0.0
rl3.1,cenario1_tempo_fixo/310s_20percent,20,0,SIM_BOTH_HIGH,0,DO_NOT_ALLOC,39.5736
rl3.1,cenario1_tempo_fixo/310s_20percent,20,0,SIM_BOTH_HIGH,1,REALLOC_EXIST,68.2481
rl3.1,cenario1_tempo_fixo/310s_20percent,20,0,SIM_BOTH_HIGH,2,FORM_NEW_CLUST,45.3841
rl3.1,cenario1_tempo_fixo/310s_20percent,20,1,SIM_EXISTING_HIGH,0,DO_NOT_ALLOC,0.0
rl3.1,cenario1_tempo_fixo/310s_20percent,20,1,SIM_EXISTING_HIGH,1,REALLOC_EXIST,0.0
rl3.1,cenario1_tempo_fixo/310s_20percent,20,1,SIM_EXISTING_HIGH,2,FORM_NEW_CLUST,0.0
rl3.1,cenario1_tempo_fixo/310s_20percent,20,2,SIM_ORPHAN_HIGH,0,DO_NOT_ALLOC,1.07844
rl3.1,cenario1_tempo_fixo/310s_20percent,20,2,SIM_ORPHAN_HIGH,1,REALLOC_EXIST,15.716
rl3.1,cenario1_tempo_fixo/310s_20percent,20,2,SIM_ORPHAN_HIGH,2,FORM_NEW_CLUST,1.9679
rl3.1,cenario1_tempo_fixo/310s_20percent,20,3,SIM_BOTH_MEDIUM,0,DO_NOT_ALLOC,0.0
rl3.1,cenario1_tempo_fixo/310s_20percent,20,3,SIM_BOTH_MEDIUM,1,REALLOC_EXIST,0.0
rl3.1,cenario1_tempo_fixo/310s_20percent,20,3,SIM_BOTH_MEDIUM,2,FORM_NEW_CLUST,0.0
rl3.1,cenario1_tempo_fixo/310s_20percent,21,0,SIM_BOTH_HIGH,0,DO_NOT_ALLOC,43.6504
rl3.1,cenario1_tempo_fixo/310s_20percent,21,0,SIM_BOTH_HIGH,1,REALLOC_EXIST,65.4347
rl3.1,cenario1_tempo_fixo/310s_20percent,21,0,SIM_BOTH_HIGH,2,FORM_NEW_CLUST,45.3841
rl3.1,cenario1_tempo_fixo/310s_20percent,21,1,SIM_EXISTING_HIGH,0,DO_NOT_ALLOC,0.0
rl3.1,cenario1_tempo_fixo/310s_20percent,21,1,SIM_EXISTING_HIGH,1,REALLOC_EXIST,0.0
rl3.1,cenario1_tempo_fixo/310s_20percent,21,1,SIM_EXISTING_HIGH,2,FORM_NEW_CLUST,0.0
rl3.1,cenario1_tempo_fixo/310s_20percent,21,2,SIM_ORPHAN_HIGH,0,DO_NOT_ALLOC,1.07844
rl3.1,cenario1_tempo_fixo/310s_20percent,21,2,SIM_ORPHAN_HIGH,1,REALLOC_EXIST,15.716
rl3.1,cenario1_tempo_fixo/310s_20percent,21,2,SIM_ORPHAN_HIGH,2,FORM_NEW_CLUST,1.9679
rl3.1,cenario1_tempo_fixo/310s_20percent,21,3,SIM_BOTH_MEDIUM,0,DO_NOT_ALLOC,0.0
rl3.1,cenario1_tempo_fixo/310s_20percent,21,3,SIM_BOTH_MEDIUM,1,REALLOC_EXIST,0.0
rl3.1,cenario1_tempo_fixo/310s_20percent,21,3,SIM_BOTH_MEDIUM,2,FORM_NEW_CLUST,0.0
rl3.1,cenario1_tempo_fixo/310s_20percent,22,0,SIM_BOTH_HIGH,0,DO_NOT_ALLOC,45.4708
rl3.1,cenario1_tempo_fixo/310s_20percent,22,0,SIM_BOTH_HIGH,1,REALLOC_EXIST,62.4753
rl3.1,cenario1_tempo_fixo/310s_20percent,22,0,SIM_BOTH_HIGH,2,FORM_NEW_CLUST,47.7838
rl3.1,cenario1_tempo_fixo/310s_20percent,22,1,SIM_EXISTING_HIGH,0,DO_NOT_ALLOC,0.0
rl3.1,cenario1_tempo_fixo/310s_20percent,22,1,SIM_EXISTING_HIGH,1,REALLOC_EXIST,0.0
rl3.1,cenario1_tempo_fixo/310s_20percent,22,1,SIM_EXISTING_HIGH,2,FORM_NEW_CLUST,0.0
rl3.1,cenario1_tempo_fixo/310s_20percent,22,2,SIM_ORPHAN_HIGH,0,DO_NOT_ALLOC,1.07844
rl3.1,cenario1_tempo_fixo/310s_20percent,22,2,SIM_ORPHAN_HIGH,1,REALLOC_EXIST,15.716
rl3.1,cenario1_tempo_fixo/310s_20percent,22,2,SIM_ORPHAN_HIGH,2,FORM_NEW_CLUST,1.9679
rl3.1,cenario1_tempo_fixo/310s_20percent,22,3,SIM_BOTH_MEDIUM,0,DO_NOT_ALLOC,0.0
rl3.1,cenario1_tempo_fixo/310s_20percent,22,3,SIM_BOTH_MEDIUM,1,REALLOC_EXIST,0.0
rl3.1,cenario1_tempo_fixo/310s_20percent,22,3,SIM_BOTH_MEDIUM,2,FORM_NEW_CLUST,0.0
rl3.1,cenario1_tempo_fixo/310s_20percent,23,0,SIM_BOTH_HIGH,0,DO_NOT_ALLOC,45.4708
rl3.1,cenario1_tempo_fixo/310s_20percent,23,0,SIM_BOTH_HIGH,1,REALLOC_EXIST,62.4753
rl3.1,cenario1_tempo_fixo/310s_20percent,23,0,SIM_BOTH_HIGH,2,FORM_NEW_CLUST,47.7838
rl3.1,cenario1_tempo_fixo/310s_20percent,23,1,SIM_EXISTING_HIGH,0,DO_NOT_ALLOC,0.0
rl3.1,cenario1_tempo_fixo/310s_20percent,23,1,SIM_EXISTING_HIGH,1,REALLOC_EXIST,0.0
rl3.1,cenario1_tempo_fixo/310s_20percent,23,1,SIM_EXISTING_HIGH,2,FORM_NEW_CLUST,0.0
rl3.1,cenario1_tempo_fixo/310s_20percent,23,2,SIM_ORPHAN_HIGH,0,DO_NOT_ALLOC,2.32582
rl3.1,cenario1_tempo_fixo/310s_20percent,23,2,SIM_ORPHAN_HIGH,1,REALLOC_EXIST,20.6136
rl3.1,cenario1_tempo_fixo/310s_20percent,23,2,SIM_ORPHAN_HIGH,2,FORM_NEW_CLUST,1.9679
rl3.1,cenario1_tempo_fixo/310s_20percent,23,3,SIM_BOTH_MEDIUM,0,DO_NOT_ALLOC,0.0
rl3.1,cenario1_tempo_fixo/310s_20percent,23,3,SIM_BOTH_MEDIUM,1,REALLOC_EXIST,0.0
rl3.1,cenario1_tempo_fixo/310s_20percent,23,3,SIM_BOTH_MEDIUM,2,FORM_NEW_CLUST,0.0
rl3.1,cenario1_tempo_fixo/310s_20percent,24,0,SIM_BOTH_HIGH,0,DO_NOT_ALLOC,45.4708
rl3.1,cenario1_tempo_fixo/310s_20percent,24,0,SIM_BOTH_HIGH,1,REALLOC_EXIST,60.8752
rl3.1,cenario1_tempo_fixo/310s_20percent,24,0,SIM_BOTH_HIGH,2,FORM_NEW_CLUST,47.7838
rl3.1,cenario1_tempo_fixo/310s_20percent,24,1,SIM_EXISTING_HIGH,0,DO_NOT_ALLOC,0.0
rl3.1,cenario1_tempo_fixo/310s_20percent,24,1,SIM_EXISTING_HIGH,1,REALLOC_EXIST,0.0
rl3.1,cenario1_tempo_fixo/310s_20percent,24,1,SIM_EXISTING_HIGH,2,FORM_NEW_CLUST,0.0
rl3.1,cenario1_tempo_fixo/310s_20percent,24,2,SIM_ORPHAN_HIGH,0,DO_NOT_ALLOC,2.32582
rl3.1,cenario1_tempo_fixo/310s_20percent,24,2,SIM_ORPHAN_HIGH,1,REALLOC_EXIST,20.6136
rl3.1,cenario1_tempo_fixo/310s_20percent,24,2,SIM_ORPHAN_HIGH,2,FORM_NEW_CLUST,1.9679
rl3.1,cenario1_tempo_fixo/310s_20percent,24,3,SIM_BOTH_MEDIUM,0,DO_NOT_ALLOC,0.0
rl3.1,cenario1_tempo_fixo/310s_20percent,24,3,SIM_BOTH_MEDIUM,1,REALLOC_EXIST,0.0
rl3.1,cenario1_tempo_fixo/310s_20percent,24,3,SIM_BOTH_MEDIUM,2,FORM_NEW_CLUST,0.0
rl3.1,cenario1_tempo_fixo/310s_20percent,25,0,SIM_BOTH_HIGH,0,DO_NOT_ALLOC,45.8167
rl3.1,cenario1_tempo_fixo/310s_20percent,25,0,SIM_BOTH_HIGH,1,REALLOC_EXIST,59.8057
rl3.1,cenario1_tempo_fixo/310s_20percent,25,0,SIM_BOTH_HIGH,2,FORM_NEW_CLUST,49.7542
rl3.1,cenario1_tempo_fixo/310s_20percent,25,1,SIM_EXISTING_HIGH,0,DO_NOT_ALLOC,-0.5
rl3.1,cenario1_tempo_fixo/310s_20percent,25,1,SIM_EXISTING_HIGH,1,REALLOC_EXIST,0.0
rl3.1,cenario1_tempo_fixo/310s_20percent,25,1,SIM_EXISTING_HIGH,2,FORM_NEW_CLUST,0.0
rl3.1,cenario1_tempo_fixo/310s_20percent,25,2,SIM_ORPHAN_HIGH,0,DO_NOT_ALLOC,2.32582
rl3.1,cenario1_tempo_fixo/310s_20percent,25,2,SIM_ORPHAN_HIGH,1,REALLOC_EXIST,20.6136
rl3.1,cenario1_tempo_fixo/310s_20percent,25,2,SIM_ORPHAN_HIGH,2,FORM_NEW_CLUST,1.9679
rl3.1,cenario1_tempo_fixo/310s_20percent,25,3,SIM_BOTH_MEDIUM,0,DO_NOT_ALLOC,0.0
rl3.1,cenario1_tempo_fixo/310s_20percent,25,3,SIM_BOTH_MEDIUM,1,REALLOC_EXIST,0.0
rl3.1,cenario1_tempo_fixo/310s_20percent,25,3,SIM_BOTH_MEDIUM,2,FORM_NEW_CLUST,0.0
rl3.1,cenario1_tempo_fixo/310s_20percent,26,0,SIM_BOTH_HIGH,0,DO_NOT_ALLOC,45.8167
rl3.1,cenario1_tempo_fixo/310s_20percent,26,0,SIM_BOTH_HIGH,1,REALLOC_EXIST,63.6481
rl3.1,cenario1_tempo_fixo/310s_20percent,26,0,SIM_BOTH_HIGH,2,FORM_NEW_CLUST,53.3006
rl3.1,cenario1_tempo_fixo/310s_20percent,26,1,SIM_EXISTING_HIGH,0,DO_NOT_ALLOC,-0.5
rl3.1,cenario1_tempo_fixo/310s_20percent,26,1,SIM_EXISTING_HIGH,1,REALLOC_EXIST,0.0
rl3.1,cenario1_tempo_fixo/310s_20percent,26,1,SIM_EXISTING_HIGH,2,FORM_NEW_CLUST,0.0
rl3.1,cenario1_tempo_fixo/310s_20percent,26,2,SIM_ORPHAN_HIGH,0,DO_NOT_ALLOC,2.32582
rl3.1,cenario1_tempo_fixo/310s_20percent,26,2,SIM_ORPHAN_HIGH,1,REALLOC_EXIST,20.6136
rl3.1,cenario1_tempo_fixo/310s_20percent,26,2,SIM_ORPHAN_HIGH,2,FORM_NEW_CLUST,1.9679
rl3.1,cenario1_tempo_fixo/310s_20percent,26,3,SIM_BOTH_MEDIUM,0,DO_NOT_ALLOC,0.0
rl3.1,cenario1_tempo_fixo/310s_20percent,26,3,SIM_BOTH_MEDIUM,1,REALLOC_EXIST,0.0
rl3.1,cenario1_tempo_fixo/310s_20percent,26,3,SIM_BOTH_MEDIUM,2,FORM_NEW_CLUST,0.0
rl3.1,cenario1_tempo_fixo/310s_20percent,27,0,SIM_BOTH_HIGH,0,DO_NOT_ALLOC,47.3776
rl3.1,cenario1_tempo_fixo/310s_20percent,27,0,SIM_BOTH_HIGH,1,REALLOC_EXIST,67.6589
rl3.1,cenario1_tempo_fixo/310s_20percent,27,0,SIM_BOTH_HIGH,2,FORM_NEW_CLUST,56.8091
rl3.1,cenario1_tempo_fixo/310s_20percent,27,1,SIM_EXISTING_HIGH,0,DO_NOT_ALLOC,-0.5
rl3.1,cenario1_tempo_fixo/310s_20percent,27,1,SIM_EXISTING_HIGH,1,REALLOC_EXIST,0.0
rl3.1,cenario1_tempo_fixo/310s_20percent,27,1,SIM_EXISTING_HIGH,2,FORM_NEW_CLUST,0.0
rl3.1,cenario1_tempo_fixo/310s_20percent,27,2,SIM_ORPHAN_HIGH,0,DO_NOT_ALLOC,2.32582
rl3.1,cenario1_tempo_fixo/310s_20percent,27,2,SIM_ORPHAN_HIGH,1,REALLOC_EXIST,20.6136
rl3.1,cenario1_tempo_fixo/310s_20percent,27,2,SIM_ORPHAN_HIGH,2,FORM_NEW_CLUST,1.9679
rl3.1,cenario1_tempo_fixo/310s_20percent,27,3,SIM_BOTH_MEDIUM,0,DO_NOT_ALLOC,0.0
rl3.1,cenario1_tempo_fixo/310s_20percent,27,3,SIM_BOTH_MEDIUM,1,REALLOC_EXIST,0.0
rl3.1,cenario1_tempo_fixo/310s_20percent,27,3,SIM_BOTH_MEDIUM,2,FORM_NEW_CLUST,0.0
rl3.1,cenario1_tempo_fixo/310s_20percent,28,0,SIM_BOTH_HIGH,0,DO_NOT_ALLOC,47.3776
rl3.1,cenario1_tempo_fixo/310s_20percent,28,0,SIM_BOTH_HIGH,1,REALLOC_EXIST,63.4375
rl3.1,cenario1_tempo_fixo/310s_20percent,28,0,SIM_BOTH_HIGH,2,FORM_NEW_CLUST,58.2553
rl3.1,cenario1_tempo_fixo/310s_20percent,28,1,SIM_EXISTING_HIGH,0,DO_NOT_ALLOC,-0.5
rl3.1,cenario1_tempo_fixo/310s_20percent,28,1,SIM_EXISTING_HIGH,1,REALLOC_EXIST,0.0
rl3.1,cenario1_tempo_fixo/310s_20percent,28,1,SIM_EXISTING_HIGH,2,FORM_NEW_CLUST,0.0
rl3.1,cenario1_tempo_fixo/310s_20percent,28,2,SIM_ORPHAN_HIGH,0,DO_NOT_ALLOC,2.32582
rl3.1,cenario1_tempo_fixo/310s_20percent,28,2,SIM_ORPHAN_HIGH,1,REALLOC_EXIST,20.6136
rl3.1,cenario1_tempo_fixo/310s_20percent,28,2,SIM_ORPHAN_HIGH,2,FORM_NEW_CLUST,1.9679
rl3.1,cenario1_tempo_fixo/310s_20percent,28,3,SIM_BOTH_MEDIUM,0,DO_NOT_ALLOC,0.0
rl3.1,cenario1_tempo_fixo/310s_20percent,28,3,SIM_BOTH_MEDIUM,1,REALLOC_EXIST,0.0
rl3.1,cenario1_tempo_fixo/310s_20percent,28,3,SIM_BOTH_MEDIUM,2,FORM_NEW_CLUST,0.0
rl3.1,cenario1_tempo_fixo/310s_20percent,29,0,SIM_BOTH_HIGH,0,DO_NOT_ALLOC,47.3776
rl3.1,cenario1_tempo_fixo/310s_20percent,29,0,SIM_BOTH_HIGH,1,REALLOC_EXIST,61.068
rl3.1,cenario1_tempo_fixo/310s_20percent,29,0,SIM_BOTH_HIGH,2,FORM_NEW_CLUST,59.3358
rl3.1,cenario1_tempo_fixo/310s_20percent,29,1,SIM_EXISTING_HIGH,0,DO_NOT_ALLOC,-0.5
rl3.1,cenario1_tempo_fixo/310s_20percent,29,1,SIM_EXISTING_HIGH,1,REALLOC_EXIST,0.0
rl3.1,cenario1_tempo_fixo/310s_20percent,29,1,SIM_EXISTING_HIGH,2,FORM_NEW_CLUST,0.0
rl3.1,cenario1_tempo_fixo/310s_20percent,29,2,SIM_ORPHAN_HIGH,0,DO_NOT_ALLOC,2.32582
rl3.1,cenario1_tempo_fixo/310s_20percent,29,2,SIM_ORPHAN_HIGH,1,REALLOC_EXIST,20.6136
rl3.1,cenario1_tempo_fixo/310s_20percent,29,2,SIM_ORPHAN_HIGH,2,FORM_NEW_CLUST,1.9679
rl3.1,cenario1_tempo_fixo/310s_20percent,29,3,SIM_BOTH_MEDIUM,0,DO_NOT_ALLOC,0.0
rl3.1,cenario1_tempo_fixo/310s_20percent,29,3,SIM_BOTH_MEDIUM,1,REALLOC_EXIST,0.0
rl3.1,cenario1_tempo_fixo/310s_20percent,29,3,SIM_BOTH_MEDIUM,2,FORM_NEW_CLUST,0.0
rl3.1,cenario1_tempo_fixo/310s_20percent,30,0,SIM_BOTH_HIGH,0,DO_NOT_ALLOC,47.3776
rl3.1,cenario1_tempo_fixo/310s_20percent,30,0,SIM_BOTH_HIGH,1,REALLOC_EXIST,64.9753
rl3.1,cenario1_tempo_fixo/310s_20percent,30,0,SIM_BOTH_HIGH,2,FORM_NEW_CLUST,60.4368
rl3.1,cenario1_tempo_fixo/310s_20percent,30,1,SIM_EXISTING_HIGH,0,DO_NOT_ALLOC,-0.5
rl3.1,cenario1_tempo_fixo/310s_20percent,30,1,SIM_EXISTING_HIGH,1,REALLOC_EXIST,0.0
rl3.1,cenario1_tempo_fixo/310s_20percent,30,1,SIM_EXISTING_HIGH,2,FORM_NEW_CLUST,0.0
rl3.1,cenario1_tempo_fixo/310s_20percent,30,2,SIM_ORPHAN_HIGH,0,DO_NOT_ALLOC,2.32582
rl3.1,cenario1_tempo_fixo/310s_20percent,30,2,SIM_ORPHAN_HIGH,1,REALLOC_EXIST,20.6136
rl3.1,cenario1_tempo_fixo/310s_20percent,30,2,SIM_ORPHAN_HIGH,2,FORM_NEW_CLUST,1.9679
rl3.1,cenario1_tempo_fixo/310s_20percent,30,3,SIM_BOTH_MEDIUM,0,DO_NOT_ALLOC,0.0
rl3.1,cenario1_tempo_fixo/310s_20percent,30,3,SIM_BOTH_MEDIUM,1,REALLOC_EXIST,0.0
rl3.1,cenario1_tempo_fixo/310s_20percent,30,3,SIM_BOTH_MEDIUM,2,FORM_NEW_CLUST,0.0
rl3.1,cenario1_tempo_fixo/310s_20percent,31,0,SIM_BOTH_HIGH,0,DO_NOT_ALLOC,47.3776
rl3.1,cenario1_tempo_fixo/310s_20percent,31,0,SIM_BOTH_HIGH,1,REALLOC_EXIST,63.9321
rl3.1,cenario1_tempo_fixo/310s_20percent,31,0,SIM_BOTH_HIGH,2,FORM_NEW_CLUST,61.465
rl3.1,cenario1_tempo_fixo/310s_20percent,31,1,SIM_EXISTING_HIGH,0,DO_NOT_ALLOC,-0.5
rl3.1,cenario1_tempo_fixo/310s_20percent,31,1,SIM_EXISTING_HIGH,1,REALLOC_EXIST,0.0
rl3.1,cenario1_tempo_fixo/310s_20percent,31,1,SIM_EXISTING_HIGH,2,FORM_NEW_CLUST,0.0
rl3.1,cenario1_tempo_fixo/310s_20percent,31,2,SIM_ORPHAN_HIGH,0,DO_NOT_ALLOC,2.32582
rl3.1,cenario1_tempo_fixo/310s_20percent,31,2,SIM_ORPHAN_HIGH,1,REALLOC_EXIST,20.6136
rl3.1,cenario1_tempo_fixo/310s_20percent,31,2,SIM_ORPHAN_HIGH,2,FORM_NEW_CLUST,1.9679
rl3.1,cenario1_tempo_fixo/310s_20percent,31,3,SIM_BOTH_MEDIUM,0,DO_NOT_ALLOC,0.0
rl3.1,cenario1_tempo_fixo/310s_20percent,31,3,SIM_BOTH_MEDIUM,1,REALLOC_EXIST,0.0
rl3.1,cenario1_tempo_fixo/310s_20percent,31,3,SIM_BOTH_MEDIUM,2,FORM_NEW_CLUST,0.0
rl3.1,cenario1_tempo_fixo/310s_20percent,32,0,SIM_BOTH_HIGH,0,DO_NOT_ALLOC,47.3776
rl3.1,cenario1_tempo_fixo/310s_20percent,32,0,SIM_BOTH_HIGH,1,REALLOC_EXIST,65.2469
rl3.1,cenario1_tempo_fixo/310s_20percent,32,0,SIM_BOTH_HIGH,2,FORM_NEW_CLUST,61.465
rl3.1,cenario1_tempo_fixo/310s_20percent,32,1,SIM_EXISTING_HIGH,0,DO_NOT_ALLOC,-0.5
rl3.1,cenario1_tempo_fixo/310s_20percent,32,1,SIM_EXISTING_HIGH,1,REALLOC_EXIST,0.0
rl3.1,cenario1_tempo_fixo/310s_20percent,32,1,SIM_EXISTING_HIGH,2,FORM_NEW_CLUST,0.0
rl3.1,cenario1_tempo_fixo/310s_20percent,32,2,SIM_ORPHAN_HIGH,0,DO_NOT_ALLOC,2.32582
rl3.1,cenario1_tempo_fixo/310s_20percent,32,2,SIM_ORPHAN_HIGH,1,REALLOC_EXIST,20.6136
rl3.1,cenario1_tempo_fixo/310s_20percent,32,2,SIM_ORPHAN_HIGH,2,FORM_NEW_CLUST,1.9679
rl3.1,cenario1_tempo_fixo/310s_20percent,32,3,SIM_BOTH_MEDIUM,0,DO_NOT_ALLOC,0.0
rl3.1,cenario1_tempo_fixo/310s_20percent,32,3,SIM_BOTH_MEDIUM,1,REALLOC_EXIST,0.0
rl3.1,cenario1_tempo_fixo/310s_20percent,32,3,SIM_BOTH_MEDIUM,2,FORM_NEW_CLUST,0.0
rl3.1,cenario1_tempo_fixo/310s_20percent,33,0,SIM_BOTH_HIGH,0,DO_NOT_ALLOC,47.9627
rl3.1,cenario1_tempo_fixo/310s_20percent,33,0,SIM_BOTH_HIGH,1,REALLOC_EXIST,63.4908
rl3.1,cenario1_tempo_fixo/310s_20percent,33,0,SIM_BOTH_HIGH,2,FORM_NEW_CLUST,61.465
rl3.1,cenario1_tempo_fixo/310s_20percent,33,1,SIM_EXISTING_HIGH,0,DO_NOT_ALLOC,-0.5
rl3.1,cenario1_tempo_fixo/310s_20percent,33,1,SIM_EXISTING_HIGH,1,REALLOC_EXIST,0.0
rl3.1,cenario1_tempo_fixo/310s_20percent,33,1,SIM_EXISTING_HIGH,2,FORM_NEW_CLUST,0.0
rl3.1,cenario1_tempo_fixo/310s_20percent,33,2,SIM_ORPHAN_HIGH,0,DO_NOT_ALLOC,2.32582
rl3.1,cenario1_tempo_fixo/310s_20percent,33,2,SIM_ORPHAN_HIGH,1,REALLOC_EXIST,20.6136
rl3.1,cenario1_tempo_fixo/310s_20percent,33,2,SIM_ORPHAN_HIGH,2,FORM_NEW_CLUST,1.9679
rl3.1,cenario1_tempo_fixo/310s_20percent,33,3,SIM_BOTH_MEDIUM,0,DO_NOT_ALLOC,0.0
rl3.1,cenario1_tempo_fixo/310s_20percent,33,3,SIM_BOTH_MEDIUM,1,REALLOC_EXIST,0.0
rl3.1,cenario1_tempo_fixo/310s_20percent,33,3,SIM_BOTH_MEDIUM,2,FORM_NEW_CLUST,0.0
rl3.1,cenario1_tempo_fixo/310s_20percent,34,0,SIM_BOTH_HIGH,0,DO_NOT_ALLOC,50.1376
rl3.1,cenario1_tempo_fixo/310s_20percent,34,0,SIM_BOTH_HIGH,1,REALLOC_EXIST,62.097
rl3.1,cenario1_tempo_fixo/310s_20percent,34,0,SIM_BOTH_HIGH,2,FORM_NEW_CLUST,78.2757
rl3.1,cenario1_tempo_fixo/310s_20percent,34,1,SIM_EXISTING_HIGH,0,DO_NOT_ALLOC,-0.5
rl3.1,cenario1_tempo_fixo/310s_20percent,34,1,SIM_EXISTING_HIGH,1,REALLOC_EXIST,0.0
rl3.1,cenario1_tempo_fixo/310s_20percent,34,1,SIM_EXISTING_HIGH,2,FORM_NEW_CLUST,0.0
rl3.1,cenario1_tempo_fixo/310s_20percent,34,2,SIM_ORPHAN_HIGH,0,DO_NOT_ALLOC,2.32582
rl3.1,cenario1_tempo_fixo/310s_20percent,34,2,SIM_ORPHAN_HIGH,1,REALLOC_EXIST,20.6136
rl3.1,cenario1_tempo_fixo/310s_20percent,34,2,SIM_ORPHAN_HIGH,2,FORM_NEW_CLUST,1.9679
rl3.1,cenario1_tempo_fixo/310s_20percent,34,3,SIM_BOTH_MEDIUM,0,DO_NOT_ALLOC,0.0
rl3.1,cenario1_tempo_fixo/310s_20percent,34,3,SIM_BOTH_MEDIUM,1,REALLOC_EXIST,0.0
rl3.1,cenario1_tempo_fixo/310s_20percent,34,3,SIM_BOTH_MEDIUM,2,FORM_NEW_CLUST,0.0
rl3.1,cenario1_tempo_fixo/310s_20percent,35,0,SIM_BOTH_HIGH,0,DO_NOT_ALLOC,54.218
rl3.1,cenario1_tempo_fixo/310s_20percent,35,0,SIM_BOTH_HIGH,1,REALLOC_EXIST,66.0599
rl3.1,cenario1_tempo_fixo/310s_20percent,35,0,SIM_BOTH_HIGH,2,FORM_NEW_CLUST,87.6943
rl3.1,cenario1_tempo_fixo/310s_20percent,35,1,SIM_EXISTING_HIGH,0,DO_NOT_ALLOC,-0.5
rl3.1,cenario1_tempo_fixo/310s_20percent,35,1,SIM_EXISTING_HIGH,1,REALLOC_EXIST,0.0
rl3.1,cenario1_tempo_fixo/310s_20percent,35,1,SIM_EXISTING_HIGH,2,FORM_NEW_CLUST,0.0
rl3.1,cenario1_tempo_fixo/310s_20percent,35,2,SIM_ORPHAN_HIGH,0,DO_NOT_ALLOC,2.32582
rl3.1,cenario1_tempo_fixo/310s_20percent,35,2,SIM_ORPHAN_HIGH,1,REALLOC_EXIST,24.663
rl3.1,cenario1_tempo_fixo/310s_20percent,35,2,SIM_ORPHAN_HIGH,2,FORM_NEW_CLUST,4.32633
rl3.1,cenario1_tempo_fixo/310s_20percent,35,3,SIM_BOTH_MEDIUM,0,DO_NOT_ALLOC,0.0
rl3.1,cenario1_tempo_fixo/310s_20percent,35,3,SIM_BOTH_MEDIUM,1,REALLOC_EXIST,0.0
rl3.1,cenario1_tempo_fixo/310s_20percent,35,3,SIM_BOTH_MEDIUM,2,FORM_NEW_CLUST,0.0
rl3.1,cenario1_tempo_fixo/310s_30percent,1,0,SIM_BOTH_HIGH,0,DO_NOT_ALLOC,0.318029
rl3.1,cenario1_tempo_fixo/310s_30percent,1,0,SIM_BOTH_HIGH,1,REALLOC_EXIST,15.8696
rl3.1,cenario1_tempo_fixo/310s_30percent,1,0,SIM_BOTH_HIGH,2,FORM_NEW_CLUST,1.65287
rl3.1,cenario1_tempo_fixo/310s_30percent,1,1,SIM_EXISTING_HIGH,0,DO_NOT_ALLOC,0.0
rl3.1,cenario1_tempo_fixo/310s_30percent,1,1,SIM_EXISTING_HIGH,1,REALLOC_EXIST,0.0
rl3.1,cenario1_tempo_fixo/310s_30percent,1,1,SIM_EXISTING_HIGH,2,FORM_NEW_CLUST,-1.0
rl3.1,cenario1_tempo_fixo/310s_30percent,1,2,SIM_ORPHAN_HIGH,0,DO_NOT_ALLOC,-0.5
rl3.1,cenario1_tempo_fixo/310s_30percent,1,2,SIM_ORPHAN_HIGH,1,REALLOC_EXIST,3.57918
rl3.1,cenario1_tempo_fixo/310s_30percent,1,2,SIM_ORPHAN_HIGH,2,FORM_NEW_CLUST,0.0
rl3.1,cenario1_tempo_fixo/310s_30percent,1,3,SIM_BOTH_MEDIUM,0,DO_NOT_ALLOC,0.0
rl3.1,cenario1_tempo_fixo/310s_30percent,1,3,SIM_BOTH_MEDIUM,1,REALLOC_EXIST,0.0
rl3.1,cenario1_tempo_fixo/310s_30percent,1,3,SIM_BOTH_MEDIUM,2,FORM_NEW_CLUST,0.0
rl3.1,cenario1_tempo_fixo/310s_30percent,2,0,SIM_BOTH_HIGH,0,DO_NOT_ALLOC,0.318029
rl3.1,cenario1_tempo_fixo/310s_30percent,2,0,SIM_BOTH_HIGH,1,REALLOC_EXIST,27.0175
rl3.1,cenario1_tempo_fixo/310s_30percent,2,0,SIM_BOTH_HIGH,2,FORM_NEW_CLUST,1.65287
rl3.1,cenario1_tempo_fixo/310s_30percent,2,1,SIM_EXISTING_HIGH,0,DO_NOT_ALLOC,-0.5
rl3.1,cenario1_tempo_fixo/310s_30percent,2,1,SIM_EXISTING_HIGH,1,REALLOC_EXIST,0.0
rl3.1,cenario1_tempo_fixo/310s_30percent,2,1,SIM_EXISTING_HIGH,2,FORM_NEW_CLUST,-1.0
rl3.1,cenario1_tempo_fixo/310s_30percent,2,2,SIM_ORPHAN_HIGH,0,DO_NOT_ALLOC,-0.5
rl3.1,cenario1_tempo_fixo/310s_30percent,2,2,SIM_ORPHAN_HIGH,1,REALLOC_EXIST,3.57918
rl3.1,cenario1_tempo_fixo/310s_30percent,2,2,SIM_ORPHAN_HIGH,2,FORM_NEW_CLUST,0.0
rl3.1,cenario1_tempo_fixo/310s_30percent,2,3,SIM_BOTH_MEDIUM,0,DO_NOT_ALLOC,0.0
rl3.1,cenario1_tempo_fixo/310s_30percent,2,3,SIM_BOTH_MEDIUM,1,REALLOC_EXIST,0.0
rl3.1,cenario1_tempo_fixo/310s_30percent,2,3,SIM_BOTH_MEDIUM,2,FORM_NEW_CLUST,0.0
rl3.1,cenario1_tempo_fixo/310s_30percent,3,0,SIM_BOTH_HIGH,0,DO_NOT_ALLOC,5.04254
rl3.1,cenario1_tempo_fixo/310s_30percent,3,0,SIM_BOTH_HIGH,1,REALLOC_EXIST,37.7013
rl3.1,cenario1_tempo_fixo/310s_30percent,3,0,SIM_BOTH_HIGH,2,FORM_NEW_CLUST,14.9673
rl3.1,cenario1_tempo_fixo/310s_30percent,3,1,SIM_EXISTING_HIGH,0,DO_NOT_ALLOC,-0.5
rl3.1,cenario1_tempo_fixo/310s_30percent,3,1,SIM_EXISTING_HIGH,1,REALLOC_EXIST,0.0
rl3.1,cenario1_tempo_fixo/310s_30percent,3,1,SIM_EXISTING_HIGH,2,FORM_NEW_CLUST,-1.0
rl3.1,cenario1_tempo_fixo/310s_30percent,3,2,SIM_ORPHAN_HIGH,0,DO_NOT_ALLOC,-0.5
rl3.1,cenario1_tempo_fixo/310s_30percent,3,2,SIM_ORPHAN_HIGH,1,REALLOC_EXIST,3.57918
rl3.1,cenario1_tempo_fixo/310s_30percent,3,2,SIM_ORPHAN_HIGH,2,FORM_NEW_CLUST,0.0
rl3.1,cenario1_tempo_fixo/310s_30percent,3,3,SIM_BOTH_MEDIUM,0,DO_NOT_ALLOC,0.0
rl3.1,cenario1_tempo_fixo/310s_30percent,3,3,SIM_BOTH_MEDIUM,1,REALLOC_EXIST,0.0
rl3.1,cenario1_tempo_fixo/310s_30percent,3,3,SIM_BOTH_MEDIUM,2,FORM_NEW_CLUST,0.0
rl3.1,cenario1_tempo_fixo/310s_30percent,4,0,SIM_BOTH_HIGH,0,DO_NOT_ALLOC,5.04254
rl3.1,cenario1_tempo_fixo/310s_30percent,4,0,SIM_BOTH_HIGH,1,REALLOC_EXIST,40.5459
rl3.1,cenario1_tempo_fixo/310s_30percent,4,0,SIM_BOTH_HIGH,2,FORM_NEW_CLUST,14.9673
rl3.1,cenario1_tempo_fixo/310s_30percent,4,1,SIM_EXISTING_HIGH,0,DO_NOT_ALLOC,-0.5
rl3.1,cenario1_tempo_fixo/310s_30percent,4,1,SIM_EXISTING_HIGH,1,REALLOC_EXIST,0.0
rl3.1,cenario1_tempo_fixo/310s_30percent,4,1,SIM_EXISTING_HIGH,2,FORM_NEW_CLUST,-1.0
rl3.1,cenario1_tempo_fixo/310s_30percent,4,2,SIM_ORPHAN_HIGH,0,DO_NOT_ALLOC,-0.5
rl3.1,cenario1_tempo_fixo/310s_30percent,4,2,SIM_ORPHAN_HIGH,1,REALLOC_EXIST,3.57918
rl3.1,cenario1_tempo_fixo/310s_30percent,4,2,SIM_ORPHAN_HIGH,2,FORM_NEW_CLUST,0.0
rl3.1,cenario1_tempo_fixo/310s_30percent,4,3,SIM_BOTH_MEDIUM,0,DO_NOT_ALLOC,0.0
rl3.1,cenario1_tempo_fixo/310s_30percent,4,3,SIM_BOTH_MEDIUM,1,REALLOC_EXIST,0.0
rl3.1,cenario1_tempo_fixo/310s_30percent,4,3,SIM_BOTH_MEDIUM,2,FORM_NEW_CLUST,0.0
rl3.1,cenario1_tempo_fixo/310s_30percent,5,0,SIM_BOTH_HIGH,0,DO_NOT_ALLOC,5.04254
rl3.1,cenario1_tempo_fixo/310s_30percent,5,0,SIM_BOTH_HIGH,1,REALLOC_EXIST,43.4435
rl3.1,cenario1_tempo_fixo/310s_30percent,5,0,SIM_BOTH_HIGH,2,FORM_NEW_CLUST,14.9673
rl3.1,cenario1_tempo_fixo/310s_30percent,5,1,SIM_EXISTING_HIGH,0,DO_NOT_ALLOC,-0.5
rl3.1,cenario1_tempo_fixo/310s_30percent,5,1,SIM_EXISTING_HIGH,1,REALLOC_EXIST,0.0
rl3.1,cenario1_tempo_fixo/310s_30percent,5,1,SIM_EXISTING_HIGH,2,FORM_NEW_CLUST,-1.0
rl3.1,cenario1_tempo_fixo/310s_30percent,5,2,SIM_ORPHAN_HIGH,0,DO_NOT_ALLOC,0.559113
rl3.1,cenario1_tempo_fixo/310s_30percent,5,2,SIM_ORPHAN_HIGH,1,REALLOC_EXIST,14.1775
rl3.1,cenario1_tempo_fixo/310s_30percent,5,2,SIM_ORPHAN_HIGH,2,FORM_NEW_CLUST,0.0
rl3.1,cenario1_tempo_fixo/310s_30percent,5,3,SIM_BOTH_MEDIUM,0,DO_NOT_ALLOC,0.0
rl3.1,cenario1_tempo_fixo/310s_30percent,5,3,SIM_BOTH_MEDIUM,1,REALLOC_EXIST,0.0
rl3.1,cenario1_tempo_fixo/310s_30percent,5,3,SIM_BOTH_MEDIUM,2,FORM_NEW_CLUST,0.0
rl3.1,cenario1_tempo_fixo/310s_30percent,6,0,SIM_BOTH_HIGH,0,DO_NOT_ALLOC,5.04254
rl3.1,cenario1_tempo_fixo/310s_30percent,6,0,SIM_BOTH_HIGH,1,REALLOC_EXIST,48.9751
rl3.1,cenario1_tempo_fixo/310s_30percent,6,0,SIM_BOTH_HIGH,2,FORM_NEW_CLUST,14.9673
rl3.1,cenario1_tempo_fixo/310s_30percent,6,1,SIM_EXISTING_HIGH,0,DO_NOT_ALLOC,-0.5
rl3.1,cenario1_tempo_fixo/310s_30percent,6,1,SIM_EXISTING_HIGH,1,REALLOC_EXIST,0.0
rl3.1,cenario1_tempo_fixo/310s_30percent,6,1,SIM_EXISTING_HIGH,2,FORM_NEW_CLUST,-1.0
rl3.1,cenario1_tempo_fixo/310s_30percent,6,2,SIM_ORPHAN_HIGH,0,DO_NOT_ALLOC,0.559113
rl3.1,cenario1_tempo_fixo/310s_30percent,6,2,SIM_ORPHAN_HIGH,1,REALLOC_EXIST,14.1775
rl3.1,cenario1_tempo_fixo/310s_30percent,6,2,SIM_ORPHAN_HIGH,2,FORM_NEW_CLUST,0.0
rl3.1,cenario1_tempo_fixo/310s_30percent,6,3,SIM_BOTH_MEDIUM,0,DO_NOT_ALLOC,0.0
rl3.1,cenario1_tempo_fixo/310s_30percent,6,3,SIM_BOTH_MEDIUM,1,REALLOC_EXIST,0.0
rl3.1,cenario1_tempo_fixo/310s_30percent,6,3,SIM_BOTH_MEDIUM,2,FORM_NEW_CLUST,0.0
rl3.1,cenario1_tempo_fixo/310s_30percent,7,0,SIM_BOTH_HIGH,0,DO_NOT_ALLOC,5.04254
rl3.1,cenario1_tempo_fixo/310s_30percent,7,0,SIM_BOTH_HIGH,1,REALLOC_EXIST,49.9437
rl3.1,cenario1_tempo_fixo/310s_30percent,7,0,SIM_BOTH_HIGH,2,FORM_NEW_CLUST,14.9673
rl3.1,cenario1_tempo_fixo/310s_30percent,7,1,SIM_EXISTING_HIGH,0,DO_NOT_ALLOC,-0.5
rl3.1,cenario1_tempo_fixo/310s_30percent,7,1,SIM_EXISTING_HIGH,1,REALLOC_EXIST,0.0
rl3.1,cenario1_tempo_fixo/310s_30percent,7,1,SIM_EXISTING_HIGH,2,FORM_NEW_CLUST,-1.0
rl3.1,cenario1_tempo_fixo/310s_30percent,7,2,SIM_ORPHAN_HIGH,0,DO_NOT_ALLOC,0.559113
rl3.1,cenario1_tempo_fixo/310s_30percent,7,2,SIM_ORPHAN_HIGH,1,REALLOC_EXIST,17.6215
rl3.1,cenario1_tempo_fixo/310s_30percent,7,2,SIM_ORPHAN_HIGH,2,FORM_NEW_CLUST,2.13329
rl3.1,cenario1_tempo_fixo/310s_30percent,7,3,SIM_BOTH_MEDIUM,0,DO_NOT_ALLOC,0.0
rl3.1,cenario1_tempo_fixo/310s_30percent,7,3,SIM_BOTH_MEDIUM,1,REALLOC_EXIST,0.0
rl3.1,cenario1_tempo_fixo/310s_30percent,7,3,SIM_BOTH_MEDIUM,2,FORM_NEW_CLUST,0.0
rl3.1,cenario1_tempo_fixo/310s_30percent,8,0,SIM_BOTH_HIGH,0,DO_NOT_ALLOC,5.04254
rl3.1,cenario1_tempo_fixo/310s_30percent,8,0,SIM_BOTH_HIGH,1,REALLOC_EXIST,50.7614
rl3.1,cenario1_tempo_fixo/310s_30percent,8,0,SIM_BOTH_HIGH,2,FORM_NEW_CLUST,19.3331
rl3.1,cenario1_tempo_fixo/310s_30percent,8,1,SIM_EXISTING_HIGH,0,DO_NOT_ALLOC,-0.5
rl3.1,cenario1_tempo_fixo/310s_30percent,8,1,SIM_EXISTING_HIGH,1,REALLOC_EXIST,0.0
rl3.1,cenario1_tempo_fixo/310s_30percent,8,1,SIM_EXISTING_HIGH,2,FORM_NEW_CLUST,-1.0
rl3.1,cenario1_tempo_fixo/310s_30percent,8,2,SIM_ORPHAN_HIGH,0,DO_NOT_ALLOC,0.559113
rl3.1,cenario1_tempo_fixo/310s_30percent,8,2,SIM_ORPHAN_HIGH,1,REALLOC_EXIST,17.6215
rl3.1,cenario1_tempo_fixo/310s_30percent,8,2,SIM_ORPHAN_HIGH,2,FORM_NEW_CLUST,2.13329
rl3.1,cenario1_tempo_fixo/310s_30percent,8,3,SIM_BOTH_MEDIUM,0,DO_NOT_ALLOC,0.0
rl3.1,cenario1_tempo_fixo/310s_30percent,8,3,SIM_BOTH_MEDIUM,1,REALLOC_EXIST,0.0
rl3.1,cenario1_tempo_fixo/310s_30percent,8,3,SIM_BOTH_MEDIUM,2,FORM_NEW_CLUST,0.0
rl3.1,cenario1_tempo_fixo/310s_30percent,9,0,SIM_BOTH_HIGH,0,DO_NOT_ALLOC,8.70525
rl3.1,cenario1_tempo_fixo/310s_30percent,9,0,SIM_BOTH_HIGH,1,REALLOC_EXIST,51.8992
rl3.1,cenario1_tempo_fixo/310s_30percent,9,0,SIM_BOTH_HIGH,2,FORM_NEW_CLUST,35.6823
rl3.1,cenario1_tempo_fixo/310s_30percent,9,1,SIM_EXISTING_HIGH,0,DO_NOT_ALLOC,-0.5
rl3.1,cenario1_tempo_fixo/310s_30percent,9,1,SIM_EXISTING_HIGH,1,REALLOC_EXIST,0.0
rl3.1,cenario1_tempo_fixo/310s_30percent,9,1,SIM_EXISTING_HIGH,2,FORM_NEW_CLUST,-1.0
rl3.1,cenario1_tempo_fixo/310s_30percent,9,2,SIM_ORPHAN_HIGH,0,DO_NOT_ALLOC,0.559113
rl3.1,cenario1_tempo_fixo/310s_30percent,9,2,SIM_ORPHAN_HIGH,1,REALLOC_EXIST,17.6215
rl3.1,cenario1_tempo_fixo/310s_30percent,9,2,SIM_ORPHAN_HIGH,2,FORM_NEW_CLUST,2.13329
rl3.1,cenario1_tempo_fixo/310s_30percent,9,3,SIM_BOTH_MEDIUM,0,DO_NOT_ALLOC,0.0
rl3.1,cenario1_tempo_fixo/310s_30percent,9,3,SIM_BOTH_MEDIUM,1,REALLOC_EXIST,0.0
rl3.1,cenario1_tempo_fixo/310s_30percent,9,3,SIM_BOTH_MEDIUM,2,FORM_NEW_CLUST,0.0
rl3.1,cenario1_tempo_fixo/310s_30percent,10,0,SIM_BOTH_HIGH,0,DO_NOT_ALLOC,15.0117
rl3.1,cenario1_tempo_fixo/310s_30percent,10,0,SIM_BOTH_HIGH,1,REALLOC_EXIST,54.7184
rl3.1,cenario1_tempo_fixo/310s_30percent,10,0,SIM_BOTH_HIGH,2,FORM_NEW_CLUST,35.6823
rl3.1,cenario1_tempo_fixo/310s_30percent,10,1,SIM_EXISTING_HIGH,0,DO_NOT_ALLOC,-0.5
rl3.1,cenario1_tempo_fixo/310s_30percent,10,1,SIM_EXISTING_HIGH,1,REALLOC_EXIST,0.0
rl3.1,cenario1_tempo_fixo/310s_30percent,10,1,SIM_EXISTING_HIGH,2,FORM_NEW_CLUST,-1.0
rl3.1,cenario1_tempo_fixo/310s_30percent,10,2,SIM_ORPHAN_HIGH,0,DO_NOT_ALLOC,0.559113
rl3.1,cenario1_tempo_fixo/310s_30percent,10,2,SIM_ORPHAN_HIGH,1,REALLOC_EXIST,17.6215
rl3.1,cenario1_tempo_fixo/310s_30percent,10,2,SIM_ORPHAN_HIGH,2,FORM_NEW_CLUST,2.13329
rl3.1,cenario1_tempo_fixo/310s_30percent,10,3,SIM_BOTH_MEDIUM,0,DO_NOT_ALLOC,0.0
rl3.1,cenario1_tempo_fixo/310s_30percent,10,3,SIM_BOTH_MEDIUM,1,REALLOC_EXIST,0.0
rl3.1,cenario1_tempo_fixo/310s_30percent,10,3,SIM_BOTH_MEDIUM,2,FORM_NEW_CLUST,0.0
rl3.1,cenario1_tempo_fixo/310s_30percent,11,0,SIM_BOTH_HIGH,0,DO_NOT_ALLOC,15.0117
rl3.1,cenario1_tempo_fixo/310s_30percent,11,0,SIM_BOTH_HIGH,1,REALLOC_EXIST,54.6327
rl3.1,cenario1_tempo_fixo/310s_30percent,11,0,SIM_BOTH_HIGH,2,FORM_NEW_CLUST,42.8711
rl3.1,cenario1_tempo_fixo/310s_30percent,11,1,SIM_EXISTING_HIGH,0,DO_NOT_ALLOC,-0.5
rl3.1,cenario1_tempo_fixo/310s_30percent,11,1,SIM_EXISTING_HIGH,1,REALLOC_EXIST,0.0
rl3.1,cenario1_tempo_fixo/310s_30percent,11,1,SIM_EXISTING_HIGH,2,FORM_NEW_CLUST,-1.0
rl3.1,cenario1_tempo_fixo/310s_30percent,11,2,SIM_ORPHAN_HIGH,0,DO_NOT_ALLOC,0.559113
rl3.1,cenario1_tempo_fixo/310s_30percent,11,2,SIM_ORPHAN_HIGH,1,REALLOC_EXIST,17.6215
rl3.1,cenario1_tempo_fixo/310s_30percent,11,2,SIM_ORPHAN_HIGH,2,FORM_NEW_CLUST,2.13329
rl3.1,cenario1_tempo_fixo/310s_30percent,11,3,SIM_BOTH_MEDIUM,0,DO_NOT_ALLOC,0.0
rl3.1,cenario1_tempo_fixo/310s_30percent,11,3,SIM_BOTH_MEDIUM,1,REALLOC_EXIST,0.0
rl3.1,cenario1_tempo_fixo/310s_30percent,11,3,SIM_BOTH_MEDIUM,2,FORM_NEW_CLUST,0.0
rl3.1,cenario1_tempo_fixo/310s_30percent,12,0,SIM_BOTH_HIGH,0,DO_NOT_ALLOC,17.9221
rl3.1,cenario1_tempo_fixo/310s_30percent,12,0,SIM_BOTH_HIGH,1,REALLOC_EXIST,58.2066
rl3.1,cenario1_tempo_fixo/310s_30percent,12,0,SIM_BOTH_HIGH,2,FORM_NEW_CLUST,46.5238
rl3.1,cenario1_tempo_fixo/310s_30percent,12,1,SIM_EXISTING_HIGH,0,DO_NOT_ALLOC,-0.5
rl3.1,cenario1_tempo_fixo/310s_30percent,12,1,SIM_EXISTING_HIGH,1,REALLOC_EXIST,1.3
rl3.1,cenario1_tempo_fixo/310s_30percent,12,1,SIM_EXISTING_HIGH,2,FORM_NEW_CLUST,-1.0
rl3.1,cenario1_tempo_fixo/310s_30percent,12,2,SIM_ORPHAN_HIGH,0,DO_NOT_ALLOC,0.559113
rl3.1,cenario1_tempo_fixo/310s_30percent,12,2,SIM_ORPHAN_HIGH,1,REALLOC_EXIST,17.6215
rl3.1,cenario1_tempo_fixo/310s_30percent,12,2,SIM_ORPHAN_HIGH,2,FORM_NEW_CLUST,2.13329
rl3.1,cenario1_tempo_fixo/310s_30percent,12,3,SIM_BOTH_MEDIUM,0,DO_NOT_ALLOC,0.0
rl3.1,cenario1_tempo_fixo/310s_30percent,12,3,SIM_BOTH_MEDIUM,1,REALLOC_EXIST,0.0
rl3.1,cenario1_tempo_fixo/310s_30percent,12,3,SIM_BOTH_MEDIUM,2,FORM_NEW_CLUST,0.0
rl3.1,cenario1_tempo_fixo/310s_30percent,13,0,SIM_BOTH_HIGH,0,DO_NOT_ALLOC,21.3383
rl3.1,cenario1_tempo_fixo/310s_30percent,13,0,SIM_BOTH_HIGH,1,REALLOC_EXIST,64.8683
rl3.1,cenario1_tempo_fixo/310s_30percent,13,0,SIM_BOTH_HIGH,2,FORM_NEW_CLUST,48.3879
rl3.1,cenario1_tempo_fixo/310s_30percent,13,1,SIM_EXISTING_HIGH,0,DO_NOT_ALLOC,-0.5
rl3.1,cenario1_tempo_fixo/310s_30percent,13,1,SIM_EXISTING_HIGH,1,REALLOC_EXIST,1.3
rl3.1,cenario1_tempo_fixo/310s_30percent,13,1,SIM_EXISTING_HIGH,2,FORM_NEW_CLUST,-1.0
rl3.1,cenario1_tempo_fixo/310s_30percent,13,2,SIM_ORPHAN_HIGH,0,DO_NOT_ALLOC,0.559113
rl3.1,cenario1_tempo_fixo/310s_30percent,13,2,SIM_ORPHAN_HIGH,1,REALLOC_EXIST,17.6215
rl3.1,cenario1_tempo_fixo/310s_30percent,13,2,SIM_ORPHAN_HIGH,2,FORM_NEW_CLUST,2.13329
rl3.1,cenario1_tempo_fixo/310s_30percent,13,3,SIM_BOTH_MEDIUM,0,DO_NOT_ALLOC,0.0
rl3.1,cenario1_tempo_fixo/310s_30percent,13,3,SIM_BOTH_MEDIUM,1,REALLOC_EXIST,0.0
rl3.1,cenario1_tempo_fixo/310s_30percent,13,3,SIM_BOTH_MEDIUM,2,FORM_NEW_CLUST,0.0
rl3.1,cenario1_tempo_fixo/310s_30percent,14,0,SIM_BOTH_HIGH,0,DO_NOT_ALLOC,30.9648
rl3.1,cenario1_tempo_fixo/310s_30percent,14,0,SIM_BOTH_HIGH,1,REALLOC_EXIST,71.206
rl3.1,cenario1_tempo_fixo/310s_30percent,14,0,SIM_BOTH_HIGH,2,FORM_NEW_CLUST,53.641
rl3.1,cenario1_tempo_fixo/310s_30percent,14,1,SIM_EXISTING_HIGH,0,DO_NOT_ALLOC,-0.5
rl3.1,cenario1_tempo_fixo/310s_30percent,14,1,SIM_EXISTING_HIGH,1,REALLOC_EXIST,1.3
rl3.1,cenario1_tempo_fixo/310s_30percent,14,1,SIM_EXISTING_HIGH,2,FORM_NEW_CLUST,-1.0
rl3.1,cenario1_tempo_fixo/310s_30percent,14,2,SIM_ORPHAN_HIGH,0,DO_NOT_ALLOC,0.559113
rl3.1,cenario1_tempo_fixo/310s_30percent,14,2,SIM_ORPHAN_HIGH,1,REALLOC_EXIST,17.6215
rl3.1,cenario1_tempo_fixo/310s_30percent,14,2,SIM_ORPHAN_HIGH,2,FORM_NEW_CLUST,2.13329
rl3.1,cenario1_tempo_fixo/310s_30percent,14,3,SIM_BOTH_MEDIUM,0,DO_NOT_ALLOC,0.0
rl3.1,cenario1_tempo_fixo/310s_30percent,14,3,SIM_BOTH_MEDIUM,1,REALLOC_EXIST,0.0
rl3.1,cenario1_tempo_fixo/310s_30percent,14,3,SIM_BOTH_MEDIUM,2,FORM_NEW_CLUST,0.0
rl3.1,cenario1_tempo_fixo/310s_30percent,15,0,SIM_BOTH_HIGH,0,DO_NOT_ALLOC,33.561
rl3.1,cenario1_tempo_fixo/310s_30percent,15,0,SIM_BOTH_HIGH,1,REALLOC_EXIST,67.5324
rl3.1,cenario1_tempo_fixo/310s_30percent,15,0,SIM_BOTH_HIGH,2,FORM_NEW_CLUST,57.7224
rl3.1,cenario1_tempo_fixo/310s_30percent,15,1,SIM_EXISTING_HIGH,0,DO_NOT_ALLOC,-0.5
rl3.1,cenario1_tempo_fixo/310s_30percent,15,1,SIM_EXISTING_HIGH,1,REALLOC_EXIST,1.3
rl3.1,cenario1_tempo_fixo/310s_30percent,15,1,SIM_EXISTING_HIGH,2,FORM_NEW_CLUST,-1.0
rl3.1,cenario1_tempo_fixo/310s_30percent,15,2,SIM_ORPHAN_HIGH,0,DO_NOT_ALLOC,0.559113
rl3.1,cenario1_tempo_fixo/310s_30percent,15,2,SIM_ORPHAN_HIGH,1,REALLOC_EXIST,17.6215
rl3.1,cenario1_tempo_fixo/310s_30percent,15,2,SIM_ORPHAN_HIGH,2,FORM_NEW_CLUST,2.13329
rl3.1,cenario1_tempo_fixo/310s_30percent,15,3,SIM_BOTH_MEDIUM,0,DO_NOT_ALLOC,0.0
rl3.1,cenario1_tempo_fixo/310s_30percent,15,3,SIM_BOTH_MEDIUM,1,REALLOC_EXIST,0.0
rl3.1,cenario1_tempo_fixo/310s_30percent,15,3,SIM_BOTH_MEDIUM,2,FORM_NEW_CLUST,0.0
rl3.1,cenario1_tempo_fixo/310s_30percent,16,0,SIM_BOTH_HIGH,0,DO_NOT_ALLOC,33.561
rl3.1,cenario1_tempo_fixo/310s_30percent,16,0,SIM_BOTH_HIGH,1,REALLOC_EXIST,72.5325
rl3.1,cenario1_tempo_fixo/310s_30percent,16,0,SIM_BOTH_HIGH,2,FORM_NEW_CLUST,59.3831
rl3.1,cenario1_tempo_fixo/310s_30percent,16,1,SIM_EXISTING_HIGH,0,DO_NOT_ALLOC,-0.5
rl3.1,cenario1_tempo_fixo/310s_30percent,16,1,SIM_EXISTING_HIGH,1,REALLOC_EXIST,1.3
rl3.1,cenario1_tempo_fixo/310s_30percent,16,1,SIM_EXISTING_HIGH,2,FORM_NEW_CLUST,-1.0
rl3.1,cenario1_tempo_fixo/310s_30percent,16,2,SIM_ORPHAN_HIGH,0,DO_NOT_ALLOC,0.559113
rl3.1,cenario1_tempo_fixo/310s_30percent,16,2,SIM_ORPHAN_HIGH,1,REALLOC_EXIST,17.6215
rl3.1,cenario1_tempo_fixo/310s_30percent,16,2,SIM_ORPHAN_HIGH,2,FORM_NEW_CLUST,2.13329
rl3.1,cenario1_tempo_fixo/310s_30percent,16,3,SIM_BOTH_MEDIUM,0,DO_NOT_ALLOC,0.0
rl3.1,cenario1_tempo_fixo/310s_30percent,16,3,SIM_BOTH_MEDIUM,1,REALLOC_EXIST,0.0
rl3.1,cenario1_tempo_fixo/310s_30percent,16,3,SIM_BOTH_MEDIUM,2,FORM_NEW_CLUST,0.0
rl3.1,cenario1_tempo_fixo/310s_30percent,17,0,SIM_BOTH_HIGH,0,DO_NOT_ALLOC,33.561
rl3.1,cenario1_tempo_fixo/310s_30percent,17,0,SIM_BOTH_HIGH,1,REALLOC_EXIST,72.5325
rl3.1,cenario1_tempo_fixo/310s_30percent,17,0,SIM_BOTH_HIGH,2,FORM_NEW_CLUST,59.3831
rl3.1,cenario1_tempo_fixo/310s_30percent,17,1,SIM_EXISTING_HIGH,0,DO_NOT_ALLOC,-0.5
rl3.1,cenario1_tempo_fixo/310s_30percent,17,1,SIM_EXISTING_HIGH,1,REALLOC_EXIST,1.3
rl3.1,cenario1_tempo_fixo/310s_30percent,17,1,SIM_EXISTING_HIGH,2,FORM_NEW_CLUST,-1.0
rl3.1,cenario1_tempo_fixo/310s_30percent,17,2,SIM_ORPHAN_HIGH,0,DO_NOT_ALLOC,1.83533
rl3.1,cenario1_tempo_fixo/310s_30percent,17,2,SIM_ORPHAN_HIGH,1,REALLOC_EXIST,26.0365
rl3.1,cenario1_tempo_fixo/310s_30percent,17,2,SIM_ORPHAN_HIGH,2,FORM_NEW_CLUST,4.90055
rl3.1,cenario1_tempo_fixo/310s_30percent,17,3,SIM_BOTH_MEDIUM,0,DO_NOT_ALLOC,0.0
rl3.1,cenario1_tempo_fixo/310s_30percent,17,3,SIM_BOTH_MEDIUM,1,REALLOC_EXIST,0.0
rl3.1,cenario1_tempo_fixo/310s_30percent,17,3,SIM_BOTH_MEDIUM,2,FORM_NEW_CLUST,0.0
rl3.1,cenario1_tempo_fixo/310s_30percent,18,0,SIM_BOTH_HIGH,0,DO_NOT_ALLOC,35.9578
rl3.1,cenario1_tempo_fixo/310s_30percent,18,0,SIM_BOTH_HIGH,1,REALLOC_EXIST,69.1698
rl3.1,cenario1_tempo_fixo/310s_30percent,18,0,SIM_BOTH_HIGH,2,FORM_NEW_CLUST,61.0546
rl3.1,cenario1_tempo_fixo/310s_30percent,18,1,SIM_EXISTING_HIGH,0,DO_NOT_ALLOC,-0.5
rl3.1,cenario1_tempo_fixo/310s_30percent,18,1,SIM_EXISTING_HIGH,1,REALLOC_EXIST,1.3
rl3.1,cenario1_tempo_fixo/310s_30percent,18,1,SIM_EXISTING_HIGH,2,FORM_NEW_CLUST,-1.0
rl3.1,cenario1_tempo_fixo/310s_30percent,18,2,SIM_ORPHAN_HIGH,0,DO_NOT_ALLOC,1.83533
rl3.1,cenario1_tempo_fixo/310s_30percent,18,2,SIM_ORPHAN_HIGH,1,REALLOC_EXIST,26.0365
rl3.1,cenario1_tempo_fixo/310s_30percent,18,2,SIM_ORPHAN_HIGH,2,FORM_NEW_CLUST,4.90055
rl3.1,cenario1_tempo_fixo/310s_30percent,18,3,SIM_BOTH_MEDIUM,0,DO_NOT_ALLOC,0.0
rl3.1,cenario1_tempo_fixo/310s_30percent,18,3,SIM_BOTH_MEDIUM,1,REALLOC_EXIST,0.0
rl3.1,cenario1_tempo_fixo/310s_30percent,18,3,SIM_BOTH_MEDIUM,2,FORM_NEW_CLUST,0.0
rl3.1,cenario1_tempo_fixo/310s_30percent,19,0,SIM_BOTH_HIGH,0,DO_NOT_ALLOC,40.0701
rl3.1,cenario1_tempo_fixo/310s_30percent,19,0,SIM_BOTH_HIGH,1,REALLOC_EXIST,74.3
rl3.1,cenario1_tempo_fixo/310s_30percent,19,0,SIM_BOTH_HIGH,2,FORM_NEW_CLUST,64.8236
rl3.1,cenario1_tempo_fixo/310s_30percent,19,1,SIM_EXISTING_HIGH,0,DO_NOT_ALLOC,-0.5
rl3.1,cenario1_tempo_fixo/310s_30percent,19,1,SIM_EXISTING_HIGH,1,REALLOC_EXIST,1.3
rl3.1,cenario1_tempo_fixo/310s_30percent,19,1,SIM_EXISTING_HIGH,2,FORM_NEW_CLUST,-1.0
rl3.1,cenario1_tempo_fixo/310s_30percent,19,2,SIM_ORPHAN_HIGH,0,DO_NOT_ALLOC,1.83533
rl3.1,cenario1_tempo_fixo/310s_30percent,19,2,SIM_ORPHAN_HIGH,1,REALLOC_EXIST,26.0365
rl3.1,cenario1_tempo_fixo/310s_30percent,19,2,SIM_ORPHAN_HIGH,2,FORM_NEW_CLUST,4.90055
rl3.1,cenario1_tempo_fixo/310s_30percent,19,3,SIM_BOTH_MEDIUM,0,DO_NOT_ALLOC,0.0
rl3.1,cenario1_tempo_fixo/310s_30percent,19,3,SIM_BOTH_MEDIUM,1,REALLOC_EXIST,0.0
rl3.1,cenario1_tempo_fixo/310s_30percent,19,3,SIM_BOTH_MEDIUM,2,FORM_NEW_CLUST,0.0
rl3.1,cenario1_tempo_fixo/310s_30percent,20,0,SIM_BOTH_HIGH,0,DO_NOT_ALLOC,44.8264
rl3.1,cenario1_tempo_fixo/310s_30percent,20,0,SIM_BOTH_HIGH,1,REALLOC_EXIST,70.1599
rl3.1,cenario1_tempo_fixo/310s_30percent,20,0,SIM_BOTH_HIGH,2,FORM_NEW_CLUST,65.9524
rl3.1,cenario1_tempo_fixo/310s_30percent,20,1,SIM_EXISTING_HIGH,0,DO_NOT_ALLOC,-0.5
rl3.1,cenario1_tempo_fixo/310s_30percent,20,1,SIM_EXISTING_HIGH,1,REALLOC_EXIST,1.3
rl3.1,cenario1_tempo_fixo/310s_30percent,20,1,SIM_EXISTING_HIGH,2,FORM_NEW_CLUST,-1.0
rl3.1,cenario1_tempo_fixo/310s_30percent,20,2,SIM_ORPHAN_HIGH,0,DO_NOT_ALLOC,1.83533
rl3.1,cenario1_tempo_fixo/310s_30percent,20,2,SIM_ORPHAN_HIGH,1,REALLOC_EXIST,26.0365
rl3.1,cenario1_tempo_fixo/310s_30percent,20,2,SIM_ORPHAN_HIGH,2,FORM_NEW_CLUST,4.90055
rl3.1,cenario1_tempo_fixo/310s_30percent,20,3,SIM_BOTH_MEDIUM,0,DO_NOT_ALLOC,0.0
rl3.1,cenario1_tempo_fixo/310s_30percent,20,3,SIM_BOTH_MEDIUM,1,REALLOC_EXIST,0.0
rl3.1,cenario1_tempo_fixo/310s_30percent,20,3,SIM_BOTH_MEDIUM,2,FORM_NEW_CLUST,0.0
rl3.1,cenario1_tempo_fixo/310s_30percent,21,0,SIM_BOTH_HIGH,0,DO_NOT_ALLOC,46.486
rl3.1,cenario1_tempo_fixo/310s_30percent,21,0,SIM_BOTH_HIGH,1,REALLOC_EXIST,73.8025
rl3.1,cenario1_tempo_fixo/310s_30percent,21,0,SIM_BOTH_HIGH,2,FORM_NEW_CLUST,69.3917
rl3.1,cenario1_tempo_fixo/310s_30percent,21,1,SIM_EXISTING_HIGH,0,DO_NOT_ALLOC,-0.5
rl3.1,cenario1_tempo_fixo/310s_30percent,21,1,SIM_EXISTING_HIGH,1,REALLOC_EXIST,1.3
rl3.1,cenario1_tempo_fixo/310s_30percent,21,1,SIM_EXISTING_HIGH,2,FORM_NEW_CLUST,-1.0
rl3.1,cenario1_tempo_fixo/310s_30percent,21,2,SIM_ORPHAN_HIGH,0,DO_NOT_ALLOC,1.83533
rl3.1,cenario1_tempo_fixo/310s_30percent,21,2,SIM_ORPHAN_HIGH,1,REALLOC_EXIST,29.229
rl3.1,cenario1_tempo_fixo/310s_30percent,21,2,SIM_ORPHAN_HIGH,2,FORM_NEW_CLUST,4.90055
rl3.1,cenario1_tempo_fixo/310s_30percent,21,3,SIM_BOTH_MEDIUM,0,DO_NOT_ALLOC,0.0
rl3.1,cenario1_tempo_fixo/310s_30percent,21,3,SIM_BOTH_MEDIUM,1,REALLOC_EXIST,0.0
rl3.1,cenario1_tempo_fixo/310s_30percent,21,3,SIM_BOTH_MEDIUM,2,FORM_NEW_CLUST,0.0
rl3.1,cenario1_tempo_fixo/310s_30percent,22,0,SIM_BOTH_HIGH,0,DO_NOT_ALLOC,46.486
rl3.1,cenario1_tempo_fixo/310s_30percent,22,0,SIM_BOTH_HIGH,1,REALLOC_EXIST,72.7854
rl3.1,cenario1_tempo_fixo/310s_30percent,22,0,SIM_BOTH_HIGH,2,FORM_NEW_CLUST,69.3917
rl3.1,cenario1_tempo_fixo/310s_30percent,22,1,SIM_EXISTING_HIGH,0,DO_NOT_ALLOC,-0.5
rl3.1,cenario1_tempo_fixo/310s_30percent,22,1,SIM_EXISTING_HIGH,1,REALLOC_EXIST,1.3
rl3.1,cenario1_tempo_fixo/310s_30percent,22,1,SIM_EXISTING_HIGH,2,FORM_NEW_CLUST,-1.0
rl3.1,cenario1_tempo_fixo/310s_30percent,22,2,SIM_ORPHAN_HIGH,0,DO_NOT_ALLOC,1.83533
rl3.1,cenario1_tempo_fixo/310s_30percent,22,2,SIM_ORPHAN_HIGH,1,REALLOC_EXIST,29.229
rl3.1,cenario1_tempo_fixo/310s_30percent,22,2,SIM_ORPHAN_HIGH,2,FORM_NEW_CLUST,4.90055
rl3.1,cenario1_tempo_fixo/310s_30percent,22,3,SIM_BOTH_MEDIUM,0,DO_NOT_ALLOC,0.0
rl3.1,cenario1_tempo_fixo/310s_30percent,22,3,SIM_BOTH_MEDIUM,1,REALLOC_EXIST,0.0
rl3.1,cenario1_tempo_fixo/310s_30percent,22,3,SIM_BOTH_MEDIUM,2,FORM_NEW_CLUST,0.0
rl3.1,cenario1_tempo_fixo/310s_30percent,23,0,SIM_BOTH_HIGH,0,DO_NOT_ALLOC,47.8946
rl3.1,cenario1_tempo_fixo/310s_30percent,23,0,SIM_BOTH_HIGH,1,REALLOC_EXIST,76.3007
rl3.1,cenario1_tempo_fixo/310s_30percent,23,0,SIM_BOTH_HIGH,2,FORM_NEW_CLUST,69.3917
rl3.1,cenario1_tempo_fixo/310s_30percent,23,1,SIM_EXISTING_HIGH,0,DO_NOT_ALLOC,-0.5
rl3.1,cenario1_tempo_fixo/310s_30percent,23,1,SIM_EXISTING_HIGH,1,REALLOC_EXIST,1.3
rl3.1,cenario1_tempo_fixo/310s_30percent,23,1,SIM_EXISTING_HIGH,2,FORM_NEW_CLUST,-1.0
rl3.1,cenario1_tempo_fixo/310s_30percent,23,2,SIM_ORPHAN_HIGH,0,DO_NOT_ALLOC,1.83533
rl3.1,cenario1_tempo_fixo/310s_30percent,23,2,SIM_ORPHAN_HIGH,1,REALLOC_EXIST,29.229
rl3.1,cenario1_tempo_fixo/310s_30percent,23,2,SIM_ORPHAN_HIGH,2,FORM_NEW_CLUST,4.90055
rl3.1,cenario1_tempo_fixo/310s_30percent,23,3,SIM_BOTH_MEDIUM,0,DO_NOT_ALLOC,0.0
rl3.1,cenario1_tempo_fixo/310s_30percent,23,3,SIM_BOTH_MEDIUM,1,REALLOC_EXIST,0.0
rl3.1,cenario1_tempo_fixo/310s_30percent,23,3,SIM_BOTH_MEDIUM,2,FORM_NEW_CLUST,0.0
rl3.1,cenario1_tempo_fixo/310s_30percent,24,0,SIM_BOTH_HIGH,0,DO_NOT_ALLOC,47.8946
rl3.1,cenario1_tempo_fixo/310s_30percent,24,0,SIM_BOTH_HIGH,1,REALLOC_EXIST,70.0244
rl3.1,cenario1_tempo_fixo/310s_30percent,24,0,SIM_BOTH_HIGH,2,FORM_NEW_CLUST,81.5083
rl3.1,cenario1_tempo_fixo/310s_30percent,24,1,SIM_EXISTING_HIGH,0,DO_NOT_ALLOC,-0.5
rl3.1,cenario1_tempo_fixo/310s_30percent,24,1,SIM_EXISTING_HIGH,1,REALLOC_EXIST,1.3
rl3.1,cenario1_tempo_fixo/310s_30percent,24,1,SIM_EXISTING_HIGH,2,FORM_NEW_CLUST,-1.0
rl3.1,cenario1_tempo_fixo/310s_30percent,24,2,SIM_ORPHAN_HIGH,0,DO_NOT_ALLOC,1.83533
rl3.1,cenario1_tempo_fixo/310s_30percent,24,2,SIM_ORPHAN_HIGH,1,REALLOC_EXIST,33.4171
rl3.1,cenario1_tempo_fixo/310s_30percent,24,2,SIM_ORPHAN_HIGH,2,FORM_NEW_CLUST,4.90055
rl3.1,cenario1_tempo_fixo/310s_30percent,24,3,SIM_BOTH_MEDIUM,0,DO_NOT_ALLOC,0.0
rl3.1,cenario1_tempo_fixo/310s_30percent,24,3,SIM_BOTH_MEDIUM,1,REALLOC_EXIST,0.0
rl3.1,cenario1_tempo_fixo/310s_30percent,24,3,SIM_BOTH_MEDIUM,2,FORM_NEW_CLUST,0.0
rl3.1,cenario1_tempo_fixo/310s_30percent,25,0,SIM_BOTH_HIGH,0,DO_NOT_ALLOC,50.1548
rl3.1,cenario1_tempo_fixo/310s_30percent,25,0,SIM_BOTH_HIGH,1,REALLOC_EXIST,71.6922
rl3.1,cenario1_tempo_fixo/310s_30percent,25,0,SIM_BOTH_HIGH,2,FORM_NEW_CLUST,89.533
rl3.1,cenario1_tempo_fixo/310s_30percent,25,1,SIM_EXISTING_HIGH,0,DO_NOT_ALLOC,-0.5
rl3.1,cenario1_tempo_fixo/310s_30percent,25,1,SIM_EXISTING_HIGH,1,REALLOC_EXIST,1.3
rl3.1,cenario1_tempo_fixo/310s_30percent,25,1,SIM_EXISTING_HIGH,2,FORM_NEW_CLUST,-1.0
rl3.1,cenario1_tempo_fixo/310s_30percent,25,2,SIM_ORPHAN_HIGH,0,DO_NOT_ALLOC,1.83533
rl3.1,cenario1_tempo_fixo/310s_30percent,25,2,SIM_ORPHAN_HIGH,1,REALLOC_EXIST,36.1082
rl3.1,cenario1_tempo_fixo/310s_30percent,25,2,SIM_ORPHAN_HIGH,2,FORM_NEW_CLUST,4.90055
rl3.1,cenario1_tempo_fixo/310s_30percent,25,3,SIM_BOTH_MEDIUM,0,DO_NOT_ALLOC,0.0
rl3.1,cenario1_tempo_fixo/310s_30percent,25,3,SIM_BOTH_MEDIUM,1,REALLOC_EXIST,0.0
rl3.1,cenario1_tempo_fixo/310s_30percent,25,3,SIM_BOTH_MEDIUM,2,FORM_NEW_CLUST,0.0
rl3.1,cenario1_tempo_fixo/310s_30percent,26,0,SIM_BOTH_HIGH,0,DO_NOT_ALLOC,55.4967
rl3.1,cenario1_tempo_fixo/310s_30percent,26,0,SIM_BOTH_HIGH,1,REALLOC_EXIST,74.9427
rl3.1,cenario1_tempo_fixo/310s_30percent,26,0,SIM_BOTH_HIGH,2,FORM_NEW_CLUST,96.9018
rl3.1,cenario1_tempo_fixo/310s_30percent,26,1,SIM_EXISTING_HIGH,0,DO_NOT_ALLOC,-0.5
rl3.1,cenario1_tempo_fixo/310s_30percent,26,1,SIM_EXISTING_HIGH,1,REALLOC_EXIST,1.3
rl3.1,cenario1_tempo_fixo/310s_30percent,26,1,SIM_EXISTING_HIGH,2,FORM_NEW_CLUST,-1.0
rl3.1,cenario1_tempo_fixo/310s_30percent,26,2,SIM_ORPHAN_HIGH,0,DO_NOT_ALLOC,1.83533
rl3.1,cenario1_tempo_fixo/310s_30percent,26,2,SIM_ORPHAN_HIGH,1,REALLOC_EXIST,38.6164
rl3.1,cenario1_tempo_fixo/310s_30percent,26,2,SIM_ORPHAN_HIGH,2,FORM_NEW_CLUST,4.90055
rl3.1,cenario1_tempo_fixo/310s_30percent,26,3,SIM_BOTH_MEDIUM,0,DO_NOT_ALLOC,0.0
rl3.1,cenario1_tempo_fixo/310s_30percent,26,3,SIM_BOTH_MEDIUM,1,REALLOC_EXIST,0.0
rl3.1,cenario1_tempo_fixo/310s_30percent,26,3,SIM_BOTH_MEDIUM,2,FORM_NEW_CLUST,0.0
rl3.1,cenario1_tempo_fixo/310s_30percent,27,0,SIM_BOTH_HIGH,0,DO_NOT_ALLOC,55.4967
rl3.1,cenario1_tempo_fixo/310s_30percent,27,0,SIM_BOTH_HIGH,1,REALLOC_EXIST,78.7292
rl3.1,cenario1_tempo_fixo/310s_30percent,27,0,SIM_BOTH_HIGH,2,FORM_NEW_CLUST,93.6069
rl3.1,cenario1_tempo_fixo/310s_30percent,27,1,SIM_EXISTING_HIGH,0,DO_NOT_ALLOC,-0.5
rl3.1,cenario1_tempo_fixo/310s_30percent,27,1,SIM_EXISTING_HIGH,1,REALLOC_EXIST,1.3
rl3.1,cenario1_tempo_fixo/310s_30percent,27,1,SIM_EXISTING_HIGH,2,FORM_NEW_CLUST,-1.0
rl3.1,cenario1_tempo_fixo/310s_30percent,27,2,SIM_ORPHAN_HIGH,0,DO_NOT_ALLOC,1.83533
rl3.1,cenario1_tempo_fixo/310s_30percent,27,2,SIM_ORPHAN_HIGH,1,REALLOC_EXIST,41.9069
rl3.1,cenario1_tempo_fixo/310s_30percent,27,2,SIM_ORPHAN_HIGH,2,FORM_NEW_CLUST,4.90055
rl3.1,cenario1_tempo_fixo/310s_30percent,27,3,SIM_BOTH_MEDIUM,0,DO_NOT_ALLOC,0.0
rl3.1,cenario1_tempo_fixo/310s_30percent,27,3,SIM_BOTH_MEDIUM,1,REALLOC_EXIST,0.0
rl3.1,cenario1_tempo_fixo/310s_30percent,27,3,SIM_BOTH_MEDIUM,2,FORM_NEW_CLUST,0.0
rl3.1,cenario1_tempo_fixo/310s_30percent,28,0,SIM_BOTH_HIGH,0,DO_NOT_ALLOC,58.5736
rl3.1,cenario1_tempo_fixo/310s_30percent,28,0,SIM_BOTH_HIGH,1,REALLOC_EXIST,78.7292
rl3.1,cenario1_tempo_fixo/310s_30percent,28,0,SIM_BOTH_HIGH,2,FORM_NEW_CLUST,101.693
rl3.1,cenario1_tempo_fixo/310s_30percent,28,1,SIM_EXISTING_HIGH,0,DO_NOT_ALLOC,-0.5
rl3.1,cenario1_tempo_fixo/310s_30percent,28,1,SIM_EXISTING_HIGH,1,REALLOC_EXIST,2.587
rl3.1,cenario1_tempo_fixo/310s_30percent,28,1,SIM_EXISTING_HIGH,2,FORM_NEW_CLUST,-1.0
rl3.1,cenario1_tempo_fixo/310s_30percent,28,2,SIM_ORPHAN_HIGH,0,DO_NOT_ALLOC,1.83533
rl3.1,cenario1_tempo_fixo/310s_30percent,28,2,SIM_ORPHAN_HIGH,1,REALLOC_EXIST,42.9704
rl3.1,cenario1_tempo_fixo/310s_30percent,28,2,SIM_ORPHAN_HIGH,2,FORM_NEW_CLUST,9.49213
rl3.1,cenario1_tempo_fixo/310s_30percent,28,3,SIM_BOTH_MEDIUM,0,DO_NOT_ALLOC,0.0
rl3.1,cenario1_tempo_fixo/310s_30percent,28,3,SIM_BOTH_MEDIUM,1,REALLOC_EXIST,0.0
rl3.1,cenario1_tempo_fixo/310s_30percent,28,3,SIM_BOTH_MEDIUM,2,FORM_NEW_CLUST,0.0
rl3.1,cenario1_tempo_fixo/310s_30percent,29,0,SIM_BOTH_HIGH,0,DO_NOT_ALLOC,58.5736
rl3.1,cenario1_tempo_fixo/310s_30percent,29,0,SIM_BOTH_HIGH,1,REALLOC_EXIST,78.7292
rl3.1,cenario1_tempo_fixo/310s_30percent,29,0,SIM_BOTH_HIGH,2,FORM_NEW_CLUST,99.5399
rl3.1,cenario1_tempo_fixo/310s_30percent,29,1,SIM_EXISTING_HIGH,0,DO_NOT_ALLOC,-0.5
rl3.1,cenario1_tempo_fixo/310s_30percent,29,1,SIM_EXISTING_HIGH,1,REALLOC_EXIST,2.587
rl3.1,cenario1_tempo_fixo/310s_30percent,29,1,SIM_EXISTING_HIGH,2,FORM_NEW_CLUST,-1.0
rl3.1,cenario1_tempo_fixo/310s_30percent,29,2,SIM_ORPHAN_HIGH,0,DO_NOT_ALLOC,5.19872
rl3.1,cenario1_tempo_fixo/310s_30percent,29,2,SIM_ORPHAN_HIGH,1,REALLOC_EXIST,45.3611
rl3.1,cenario1_tempo_fixo/310s_30percent,29,2,SIM_ORPHAN_HIGH,2,FORM_NEW_CLUST,13.8898
rl3.1,cenario1_tempo_fixo/310s_30percent,29,3,SIM_BOTH_MEDIUM,0,DO_NOT_ALLOC,0.0
rl3.1,cenario1_tempo_fixo/310s_30percent,29,3,SIM_BOTH_MEDIUM,1,REALLOC_EXIST,0.0
rl3.1,cenario1_tempo_fixo/310s_30percent,29,3,SIM_BOTH_MEDIUM,2,FORM_NEW_CLUST,0.0
rl3.1,cenario1_tempo_fixo/310s_30percent,30,0,SIM_BOTH_HIGH,0,DO_NOT_ALLOC,64.1141
rl3.1,cenario1_tempo_fixo/310s_30percent,30,0,SIM_BOTH_HIGH,1,REALLOC_EXIST,87.7457
rl3.1,cenario1_tempo_fixo/310s_30percent,30,0,SIM_BOTH_HIGH,2,FORM_NEW_CLUST,106.633
rl3.1,cenario1_tempo_fixo/310s_30percent,30,1,SIM_EXISTING_HIGH,0,DO_NOT_ALLOC,-0.5
rl3.1,cenario1_tempo_fixo/310s_30percent,30,1,SIM_EXISTING_HIGH,1,REALLOC_EXIST,2.587
rl3.1,cenario1_tempo_fixo/310s_30percent,30,1,SIM_EXISTING_HIGH,2,FORM_NEW_CLUST,-1.0
rl3.1,cenario1_tempo_fixo/310s_30percent,30,2,SIM_ORPHAN_HIGH,0,DO_NOT_ALLOC,5.19872
rl3.1,cenario1_tempo_fixo/310s_30percent,30,2,SIM_ORPHAN_HIGH,1,REALLOC_EXIST,45.3611
rl3.1,cenario1_tempo_fixo/310s_30percent,30,2,SIM_ORPHAN_HIGH,2,FORM_NEW_CLUST,13.8898
rl3.1,cenario1_tempo_fixo/310s_30percent,30,3,SIM_BOTH_MEDIUM,0,DO_NOT_ALLOC,0.0
rl3.1,cenario1_tempo_fixo/310s_30percent,30,3,SIM_BOTH_MEDIUM,1,REALLOC_EXIST,0.0
rl3.1,cenario1_tempo_fixo/310s_30percent,30,3,SIM_BOTH_MEDIUM,2,FORM_NEW_CLUST,0.0
rl3.1,cenario1_tempo_fixo/310s_30percent,31,0,SIM_BOTH_HIGH,0,DO_NOT_ALLOC,67.13
rl3.1,cenario1_tempo_fixo/310s_30percent,31,0,SIM_BOTH_HIGH,1,REALLOC_EXIST,89.4391
rl3.1,cenario1_tempo_fixo/310s_30percent,31,0,SIM_BOTH_HIGH,2,FORM_NEW_CLUST,111.268
rl3.1,cenario1_tempo_fixo/310s_30percent,31,1,SIM_EXISTING_HIGH,0,DO_NOT_ALLOC,-0.5
rl3.1,cenario1_tempo_fixo/310s_30percent,31,1,SIM_EXISTING_HIGH,1,REALLOC_EXIST,2.587
rl3.1,cenario1_tempo_fixo/310s_30percent,31,1,SIM_EXISTING_HIGH,2,FORM_NEW_CLUST,-1.0
rl3.1,cenario1_tempo_fixo/310s_30percent,31,2,SIM_ORPHAN_HIGH,0,DO_NOT_ALLOC,8.26825
rl3.1,cenario1_tempo_fixo/310s_30percent,31,2,SIM_ORPHAN_HIGH,1,REALLOC_EXIST,46.2324
rl3.1,cenario1_tempo_fixo/310s_30percent,31,2,SIM_ORPHAN_HIGH,2,FORM_NEW_CLUST,17.8833
rl3.1,cenario1_tempo_fixo/310s_30percent,31,3,SIM_BOTH_MEDIUM,0,DO_NOT_ALLOC,0.0
rl3.1,cenario1_tempo_fixo/310s_30percent,31,3,SIM_BOTH_MEDIUM,1,REALLOC_EXIST,0.0
rl3.1,cenario1_tempo_fixo/310s_30percent,31,3,SIM_BOTH_MEDIUM,2,FORM_NEW_CLUST,0.0
rl3.1,cenario1_tempo_fixo/310s_30percent,32,0,SIM_BOTH_HIGH,0,DO_NOT_ALLOC,67.13
rl3.1,cenario1_tempo_fixo/310s_30percent,32,0,SIM_BOTH_HIGH,1,REALLOC_EXIST,93.1352
rl3.1,cenario1_tempo_fixo/310s_30percent,32,0,SIM_BOTH_HIGH,2,FORM_NEW_CLUST,115.43
rl3.1,cenario1_tempo_fixo/310s_30percent,32,1,SIM_EXISTING_HIGH,0,DO_NOT_ALLOC,-0.5
rl3.1,cenario1_tempo_fixo/310s_30percent,32,1,SIM_EXISTING_HIGH,1,REALLOC_EXIST,2.587
rl3.1,cenario1_tempo_fixo/310s_30percent,32,1,SIM_EXISTING_HIGH,2,FORM_NEW_CLUST,-1.0
rl3.1,cenario1_tempo_fixo/310s_30percent,32,2,SIM_ORPHAN_HIGH,0,DO_NOT_ALLOC,8.26825
rl3.1,cenario1_tempo_fixo/310s_30percent,32,2,SIM_ORPHAN_HIGH,1,REALLOC_EXIST,46.2324
rl3.1,cenario1_tempo_fixo/310s_30percent,32,2,SIM_ORPHAN_HIGH,2,FORM_NEW_CLUST,17.8833
rl3.1,cenario1_tempo_fixo/310s_30percent,32,3,SIM_BOTH_MEDIUM,0,DO_NOT_ALLOC,0.0
rl3.1,cenario1_tempo_fixo/310s_30percent,32,3,SIM_BOTH_MEDIUM,1,REALLOC_EXIST,0.0
rl3.1,cenario1_tempo_fixo/310s_30percent,32,3,SIM_BOTH_MEDIUM,2,FORM_NEW_CLUST,0.0
rl3.1,cenario1_tempo_fixo/310s_30percent,33,0,SIM_BOTH_HIGH,0,DO_NOT_ALLOC,73.8765
rl3.1,cenario1_tempo_fixo/310s_30percent,33,0,SIM_BOTH_HIGH,1,REALLOC_EXIST,93.1352
rl3.1,cenario1_tempo_fixo/310s_30percent,33,0,SIM_BOTH_HIGH,2,FORM_NEW_CLUST,119.751
rl3.1,cenario1_tempo_fixo/310s_30percent,33,1,SIM_EXISTING_HIGH,0,DO_NOT_ALLOC,-0.5
rl3.1,cenario1_tempo_fixo/310s_30percent,33,1,SIM_EXISTING_HIGH,1,REALLOC_EXIST,2.587
rl3.1,cenario1_tempo_fixo/310s_30percent,33,1,SIM_EXISTING_HIGH,2,FORM_NEW_CLUST,-1.0
rl3.1,cenario1_tempo_fixo/310s_30percent,33,2,SIM_ORPHAN_HIGH,0,DO_NOT_ALLOC,8.26825
rl3.1,cenario1_tempo_fixo/310s_30percent,33,2,SIM_ORPHAN_HIGH,1,REALLOC_EXIST,46.2324
rl3.1,cenario1_tempo_fixo/310s_30percent,33,2,SIM_ORPHAN_HIGH,2,FORM_NEW_CLUST,17.8833
rl3.1,cenario1_tempo_fixo/310s_30percent,33,3,SIM_BOTH_MEDIUM,0,DO_NOT_ALLOC,0.0
rl3.1,cenario1_tempo_fixo/310s_30percent,33,3,SIM_BOTH_MEDIUM,1,REALLOC_EXIST,0.0
rl3.1,cenario1_tempo_fixo/310s_30percent,33,3,SIM_BOTH_MEDIUM,2,FORM_NEW_CLUST,0.0
rl3.1,cenario1_tempo_fixo/310s_30percent,34,0,SIM_BOTH_HIGH,0,DO_NOT_ALLOC,73.8765
rl3.1,cenario1_tempo_fixo/310s_30percent,34,0,SIM_BOTH_HIGH,1,REALLOC_EXIST,95.3869
rl3.1,cenario1_tempo_fixo/310s_30percent,34,0,SIM_BOTH_HIGH,2,FORM_NEW_CLUST,123.861
rl3.1,cenario1_tempo_fixo/310s_30percent,34,1,SIM_EXISTING_HIGH,0,DO_NOT_ALLOC,-0.5
rl3.1,cenario1_tempo_fixo/310s_30percent,34,1,SIM_EXISTING_HIGH,1,REALLOC_EXIST,2.587
rl3.1,cenario1_tempo_fixo/310s_30percent,34,1,SIM_EXISTING_HIGH,2,FORM_NEW_CLUST,-1.0
rl3.1,cenario1_tempo_fixo/310s_30percent,34,2,SIM_ORPHAN_HIGH,0,DO_NOT_ALLOC,8.26825
rl3.1,cenario1_tempo_fixo/310s_30percent,34,2,SIM_ORPHAN_HIGH,1,REALLOC_EXIST,48.3026
rl3.1,cenario1_tempo_fixo/310s_30percent,34,2,SIM_ORPHAN_HIGH,2,FORM_NEW_CLUST,17.8833
rl3.1,cenario1_tempo_fixo/310s_30percent,34,3,SIM_BOTH_MEDIUM,0,DO_NOT_ALLOC,0.0
rl3.1,cenario1_tempo_fixo/310s_30percent,34,3,SIM_BOTH_MEDIUM,1,REALLOC_EXIST,0.0
rl3.1,cenario1_tempo_fixo/310s_30percent,34,3,SIM_BOTH_MEDIUM,2,FORM_NEW_CLUST,0.0
rl3.1,cenario1_tempo_fixo/310s_30percent,35,0,SIM_BOTH_HIGH,0,DO_NOT_ALLOC,73.8765
rl3.1,cenario1_tempo_fixo/310s_30percent,35,0,SIM_BOTH_HIGH,1,REALLOC_EXIST,97.8067
rl3.1,cenario1_tempo_fixo/310s_30percent,35,0,SIM_BOTH_HIGH,2,FORM_NEW_CLUST,124.448
rl3.1,cenario1_tempo_fixo/310s_30percent,35,1,SIM_EXISTING_HIGH,0,DO_NOT_ALLOC,-0.5
rl3.1,cenario1_tempo_fixo/310s_30percent,35,1,SIM_EXISTING_HIGH,1,REALLOC_EXIST,2.587
rl3.1,cenario1_tempo_fixo/310s_30percent,35,1,SIM_EXISTING_HIGH,2,FORM_NEW_CLUST,-1.0
rl3.1,cenario1_tempo_fixo/310s_30percent,35,2,SIM_ORPHAN_HIGH,0,DO_NOT_ALLOC,8.26825
rl3.1,cenario1_tempo_fixo/310s_30percent,35,2,SIM_ORPHAN_HIGH,1,REALLOC_EXIST,48.3026
rl3.1,cenario1_tempo_fixo/310s_30percent,35,2,SIM_ORPHAN_HIGH,2,FORM_NEW_CLUST,17.8833
rl3.1,cenario1_tempo_fixo/310s_30percent,35,3,SIM_BOTH_MEDIUM,0,DO_NOT_ALLOC,0.0
rl3.1,cenario1_tempo_fixo/310s_30percent,35,3,SIM_BOTH_MEDIUM,1,REALLOC_EXIST,0.0
rl3.1,cenario1_tempo_fixo/310s_30percent,35,3,SIM_BOTH_MEDIUM,2,FORM_NEW_CLUST,0.0
rl3.1,cenario2_tempo_aleatorio/180-600s_10percent,1,0,SIM_BOTH_HIGH,0,DO_NOT_ALLOC,0.403887
rl3.1,cenario2_tempo_aleatorio/180-600s_10percent,1,0,SIM_BOTH_HIGH,1,REALLOC_EXIST,1.33549
rl3.1,cenario2_tempo_aleatorio/180-600s_10percent,1,0,SIM_BOTH_HIGH,2,FORM_NEW_CLUST,17.063
rl3.1,cenario2_tempo_aleatorio/180-600s_10percent,1,1,SIM_EXISTING_HIGH,0,DO_NOT_ALLOC,0.0
rl3.1,cenario2_tempo_aleatorio/180-600s_10percent,1,1,SIM_EXISTING_HIGH,1,REALLOC_EXIST,0.0
rl3.1,cenario2_tempo_aleatorio/180-600s_10percent,1,1,SIM_EXISTING_HIGH,2,FORM_NEW_CLUST,0.0
rl3.1,cenario2_tempo_aleatorio/180-600s_10percent,1,2,SIM_ORPHAN_HIGH,0,DO_NOT_ALLOC,0.0
rl3.1,cenario2_tempo_aleatorio/180-600s_10percent,1,2,SIM_ORPHAN_HIGH,1,REALLOC_EXIST,0.0
rl3.1,cenario2_tempo_aleatorio/180-600s_10percent,1,2,SIM_ORPHAN_HIGH,2,FORM_NEW_CLUST,0.0
rl3.1,cenario2_tempo_aleatorio/180-600s_10percent,1,3,SIM_BOTH_MEDIUM,0,DO_NOT_ALLOC,0.0
rl3.1,cenario2_tempo_aleatorio/180-600s_10percent,1,3,SIM_BOTH_MEDIUM,1,REALLOC_EXIST,0.0
rl3.1,cenario2_tempo_aleatorio/180-600s_10percent,1,3,SIM_BOTH_MEDIUM,2,FORM_NEW_CLUST,0.0
rl3.1,cenario2_tempo_aleatorio/180-600s_10percent,2,0,SIM_BOTH_HIGH,0,DO_NOT_ALLOC,2.909
rl3.1,cenario2_tempo_aleatorio/180-600s_10percent,2,0,SIM_BOTH_HIGH,1,REALLOC_EXIST,7.88486
rl3.1,cenario2_tempo_aleatorio/180-600s_10percent,2,0,SIM_BOTH_HIGH,2,FORM_NEW_CLUST,37.628
rl3.1,cenario2_tempo_aleatorio/180-600s_10percent,2,1,SIM_EXISTING_HIGH,0,DO_NOT_ALLOC,0.0
rl3.1,cenario2_tempo_aleatorio/180-600s_10percent,2,1,SIM_EXISTING_HIGH,1,REALLOC_EXIST,0.0
rl3.1,cenario2_tempo_aleatorio/180-600s_10percent,2,1,SIM_EXISTING_HIGH,2,FORM_NEW_CLUST,0.0
rl3.1,cenario2_tempo_aleatorio/180-600s_10percent,2,2,SIM_ORPHAN_HIGH,0,DO_NOT_ALLOC,0.0
rl3.1,cenario2_tempo_aleatorio/180-600s_10percent,2,2,SIM_ORPHAN_HIGH,1,REALLOC_EXIST,0.0
rl3.1,cenario2_tempo_aleatorio/180-600s_10percent,2,2,SIM_ORPHAN_HIGH,2,FORM_NEW_CLUST,0.0
rl3.1,cenario2_tempo_aleatorio/180-600s_10percent,2,3,SIM_BOTH_MEDIUM,0,DO_NOT_ALLOC,0.0
rl3.1,cenario2_tempo_aleatorio/180-600s_10percent,2,3,SIM_BOTH_MEDIUM,1,REALLOC_EXIST,0.0
rl3.1,cenario2_tempo_aleatorio/180-600s_10percent,2,3,SIM_BOTH_MEDIUM,2,FORM_NEW_CLUST,0.0
rl3.1,cenario2_tempo_aleatorio/180-600s_10percent,3,0,SIM_BOTH_HIGH,0,DO_NOT_ALLOC,7.2204
rl3.1,cenario2_tempo_aleatorio/180-600s_10percent,3,0,SIM_BOTH_HIGH,1,REALLOC_EXIST,7.88486
rl3.1,cenario2_tempo_aleatorio/180-600s_10percent,3,0,SIM_BOTH_HIGH,2,FORM_NEW_CLUST,57.4253
rl3.1,cenario2_tempo_aleatorio/180-600s_10percent,3,1,SIM_EXISTING_HIGH,0,DO_NOT_ALLOC,0.0
rl3.1,cenario2_tempo_aleatorio/180-600s_10percent,3,1,SIM_EXISTING_HIGH,1,REALLOC_EXIST,0.0
rl3.1,cenario2_tempo_aleatorio/180-600s_10percent,3,1,SIM_EXISTING_HIGH,2,FORM_NEW_CLUST,0.0
rl3.1,cenario2_tempo_aleatorio/180-600s_10percent,3,2,SIM_ORPHAN_HIGH,0,DO_NOT_ALLOC,0.0
rl3.1,cenario2_tempo_aleatorio/180-600s_10percent,3,2,SIM_ORPHAN_HIGH,1,REALLOC_EXIST,0.0
rl3.1,cenario2_tempo_aleatorio/180-600s_10percent,3,2,SIM_ORPHAN_HIGH,2,FORM_NEW_CLUST,0.0
rl3.1,cenario2_tempo_aleatorio/180-600s_10percent,3,3,SIM_BOTH_MEDIUM,0,DO_NOT_ALLOC,0.0
rl3.1,cenario2_tempo_aleatorio/180-600s_10percent,3,3,SIM_BOTH_MEDIUM,1,REALLOC_EXIST,0.0
rl3.1,cenario2_tempo_aleatorio/180-600s_10percent,3,3,SIM_BOTH_MEDIUM,2,FORM_NEW_CLUST,0.0
rl3.1,cenario2_tempo_aleatorio/180-600s_10percent,4,0,SIM_BOTH_HIGH,0,DO_NOT_ALLOC,7.2204
rl3.1,cenario2_tempo_aleatorio/180-600s_10percent,4,0,SIM_BOTH_HIGH,1,REALLOC_EXIST,7.88486
rl3.1,cenario2_tempo_aleatorio/180-600s_10percent,4,0,SIM_BOTH_HIGH,2,FORM_NEW_CLUST,57.4253
rl3.1,cenario2_tempo_aleatorio/180-600s_10percent,4,1,SIM_EXISTING_HIGH,0,DO_NOT_ALLOC,0.0
rl3.1,cenario2_tempo_aleatorio/180-600s_10percent,4,1,SIM_EXISTING_HIGH,1,REALLOC_EXIST,0.0
rl3.1,cenario2_tempo_aleatorio/180-600s_10percent,4,1,SIM_EXISTING_HIGH,2,FORM_NEW_CLUST,0.0
rl3.1,cenario2_tempo_aleatorio/180-600s_10percent,4,2,SIM_ORPHAN_HIGH,0,DO_NOT_ALLOC,-0.5
rl3.1,cenario2_tempo_aleatorio/180-600s_10percent,4,2,SIM_ORPHAN_HIGH,1,REALLOC_EXIST,3.6397
rl3.1,cenario2_tempo_aleatorio/180-600s_10percent,4,2,SIM_ORPHAN_HIGH,2,FORM_NEW_CLUST,0.7
rl3.1,cenario2_tempo_aleatorio/180-600s_10percent,4,3,SIM_BOTH_MEDIUM,0,DO_NOT_ALLOC,0.0
rl3.1,cenario2_tempo_aleatorio/180-600s_10percent,4,3,SIM_BOTH_MEDIUM,1,REALLOC_EXIST,0.0
rl3.1,cenario2_tempo_aleatorio/180-600s_10percent,4,3,SIM_BOTH_MEDIUM,2,FORM_NEW_CLUST,0.0
rl3.1,cenario2_tempo_aleatorio/180-600s_10percent,5,0,SIM_BOTH_HIGH,0,DO_NOT_ALLOC,7.2204
rl3.1,cenario2_tempo_aleatorio/180-600s_10percent,5,0,SIM_BOTH_HIGH,1,REALLOC_EXIST,7.88486
rl3.1,cenario2_tempo_aleatorio/180-600s_10percent,5,0,SIM_BOTH_HIGH,2,FORM_NEW_CLUST,58.3968
rl3.1,cenario2_tempo_aleatorio/180-600s_10percent,5,1,SIM_EXISTING_HIGH,0,DO_NOT_ALLOC,0.0
rl3.1,cenario2_tempo_aleatorio/180-600s_10percent,5,1,SIM_EXISTING_HIGH,1,REALLOC_EXIST,0.0
rl3.1,cenario2_tempo_aleatorio/180-600s_10percent,5,1,SIM_EXISTING_HIGH,2,FORM_NEW_CLUST,0.0
rl3.1,cenario2_tempo_aleatorio/180-600s_10percent,5,2,SIM_ORPHAN_HIGH,0,DO_NOT_ALLOC,-0.5
rl3.1,cenario2_tempo_aleatorio/180-600s_10percent,5,2,SIM_ORPHAN_HIGH,1,REALLOC_EXIST,3.6397
rl3.1,cenario2_tempo_aleatorio/180-600s_10percent,5,2,SIM_ORPHAN_HIGH,2,FORM_NEW_CLUST,0.7
rl3.1,cenario2_tempo_aleatorio/180-600s_10percent,5,3,SIM_BOTH_MEDIUM,0,DO_NOT_ALLOC,0.0
rl3.1,cenario2_tempo_aleatorio/180-600s_10percent,5,3,SIM_BOTH_MEDIUM,1,REALLOC_EXIST,0.0
rl3.1,cenario2_tempo_aleatorio/180-600s_10percent,5,3,SIM_BOTH_MEDIUM,2,FORM_NEW_CLUST,0.0
rl3.1,cenario2_tempo_aleatorio/180-600s_10percent,6,0,SIM_BOTH_HIGH,0,DO_NOT_ALLOC,7.2204
rl3.1,cenario2_tempo_aleatorio/180-600s_10percent,6,0,SIM_BOTH_HIGH,1,REALLOC_EXIST,14.2185
rl3.1,cenario2_tempo_aleatorio/180-600s_10percent,6,0,SIM_BOTH_HIGH,2,FORM_NEW_CLUST,72.6007
rl3.1,cenario2_tempo_aleatorio/180-600s_10percent,6,1,SIM_EXISTING_HIGH,0,DO_NOT_ALLOC,0.0
rl3.1,cenario2_tempo_aleatorio/180-600s_10percent,6,1,SIM_EXISTING_HIGH,1,REALLOC_EXIST,0.0
rl3.1,cenario2_tempo_aleatorio/180-600s_10percent,6,1,SIM_EXISTING_HIGH,2,FORM_NEW_CLUST,0.0
rl3.1,cenario2_tempo_aleatorio/180-600s_10percent,6,2,SIM_ORPHAN_HIGH,0,DO_NOT_ALLOC,-0.5
rl3.1,cenario2_tempo_aleatorio/180-600s_10percent,6,2,SIM_ORPHAN_HIGH,1,REALLOC_EXIST,3.6397
rl3.1,cenario2_tempo_aleatorio/180-600s_10percent,6,2,SIM_ORPHAN_HIGH,2,FORM_NEW_CLUST,0.7
rl3.1,cenario2_tempo_aleatorio/180-600s_10percent,6,3,SIM_BOTH_MEDIUM,0,DO_NOT_ALLOC,0.0
rl3.1,cenario2_tempo_aleatorio/180-600s_10percent,6,3,SIM_BOTH_MEDIUM,1,REALLOC_EXIST,0.0
rl3.1,cenario2_tempo_aleatorio/180-600s_10percent,6,3,SIM_BOTH_MEDIUM,2,FORM_NEW_CLUST,0.0
rl3.1,cenario2_tempo_aleatorio/180-600s_10percent,7,0,SIM_BOTH_HIGH,0,DO_NOT_ALLOC,13.0264
rl3.1,cenario2_tempo_aleatorio/180-600s_10percent,7,0,SIM_BOTH_HIGH,1,REALLOC_EXIST,14.2185
rl3.1,cenario2_tempo_aleatorio/180-600s_10percent,7,0,SIM_BOTH_HIGH,2,FORM_NEW_CLUST,86.2421
rl3.1,cenario2_tempo_aleatorio/180-600s_10percent,7,1,SIM_EXISTING_HIGH,0,DO_NOT_ALLOC,0.0
rl3.1,cenario2_tempo_aleatorio/180-600s_10percent,7,1,SIM_EXISTING_HIGH,1,REALLOC_EXIST,0.0
rl3.1,cenario2_tempo_aleatorio/180-600s_10percent,7,1,SIM_EXISTING_HIGH,2,FORM_NEW_CLUST,0.0
rl3.1,cenario2_tempo_aleatorio/180-600s_10percent,7,2,SIM_ORPHAN_HIGH,0,DO_NOT_ALLOC,-0.5
rl3.1,cenario2_tempo_aleatorio/180-600s_10percent,7,2,SIM_ORPHAN_HIGH,1,REALLOC_EXIST,3.6397
rl3.1,cenario2_tempo_aleatorio/180-600s_10percent,7,2,SIM_ORPHAN_HIGH,2,FORM_NEW_CLUST,0.7
rl3.1,cenario2_tempo_aleatorio/180-600s_10percent,7,3,SIM_BOTH_MEDIUM,0,DO_NOT_ALLOC,0.0
rl3.1,cenario2_tempo_aleatorio/180-600s_10percent,7,3,SIM_BOTH_MEDIUM,1,REALLOC_EXIST,0.0
rl3.1,cenario2_tempo_aleatorio/180-600s_10percent,7,3,SIM_BOTH_MEDIUM,2,FORM_NEW_CLUST,0.0
rl3.1,cenario2_tempo_aleatorio/180-600s_10percent,8,0,SIM_BOTH_HIGH,0,DO_NOT_ALLOC,19.7027
rl3.1,cenario2_tempo_aleatorio/180-600s_10percent,8,0,SIM_BOTH_HIGH,1,REALLOC_EXIST,21.3978
rl3.1,cenario2_tempo_aleatorio/180-600s_10percent,8,0,SIM_BOTH_HIGH,2,FORM_NEW_CLUST,96.3045
rl3.1,cenario2_tempo_aleatorio/180-600s_10percent,8,1,SIM_EXISTING_HIGH,0,DO_NOT_ALLOC,0.0
rl3.1,cenario2_tempo_aleatorio/180-600s_10percent,8,1,SIM_EXISTING_HIGH,1,REALLOC_EXIST,0.0
rl3.1,cenario2_tempo_aleatorio/180-600s_10percent,8,1,SIM_EXISTING_HIGH,2,FORM_NEW_CLUST,0.0
rl3.1,cenario2_tempo_aleatorio/180-600s_10percent,8,2,SIM_ORPHAN_HIGH,0,DO_NOT_ALLOC,-0.5
rl3.1,cenario2_tempo_aleatorio/180-600s_10percent,8,2,SIM_ORPHAN_HIGH,1,REALLOC_EXIST,3.6397
rl3.1,cenario2_tempo_aleatorio/180-600s_10percent,8,2,SIM_ORPHAN_HIGH,2,FORM_NEW_CLUST,0.7
rl3.1,cenario2_tempo_aleatorio/180-600s_10percent,8,3,SIM_BOTH_MEDIUM,0,DO_NOT_ALLOC,0.0
rl3.1,cenario2_tempo_aleatorio/180-600s_10percent,8,3,SIM_BOTH_MEDIUM,1,REALLOC_EXIST,0.0
rl3.1,cenario2_tempo_aleatorio/180-600s_10percent,8,3,SIM_BOTH_MEDIUM,2,FORM_NEW_CLUST,0.0
rl3.1,cenario2_tempo_aleatorio/180-600s_10percent,9,0,SIM_BOTH_HIGH,0,DO_NOT_ALLOC,25.9899
rl3.1,cenario2_tempo_aleatorio/180-600s_10percent,9,0,SIM_BOTH_HIGH,1,REALLOC_EXIST,28.8641
rl3.1,cenario2_tempo_aleatorio/180-600s_10percent,9,0,SIM_BOTH_HIGH,2,FORM_NEW_CLUST,103.526
rl3.1,cenario2_tempo_aleatorio/180-600s_10percent,9,1,SIM_EXISTING_HIGH,0,DO_NOT_ALLOC,0.0
rl3.1,cenario2_tempo_aleatorio/180-600s_10percent,9,1,SIM_EXISTING_HIGH,1,REALLOC_EXIST,0.0
rl3.1,cenario2_tempo_aleatorio/180-600s_10percent,9,1,SIM_EXISTING_HIGH,2,FORM_NEW_CLUST,0.0
rl3.1,cenario2_tempo_aleatorio/180-600s_10percent,9,2,SIM_ORPHAN_HIGH,0,DO_NOT_ALLOC,-0.5
rl3.1,cenario2_tempo_aleatorio/180-600s_10percent,9,2,SIM_ORPHAN_HIGH,1,REALLOC_EXIST,3.6397
rl3.1,cenario2_tempo_aleatorio/180-600s_10percent,9,2,SIM_ORPHAN_HIGH,2,FORM_NEW_CLUST,0.7
rl3.1,cenario2_tempo_aleatorio/180-600s_10percent,9,3,SIM_BOTH_MEDIUM,0,DO_NOT_ALLOC,0.0
rl3.1,cenario2_tempo_aleatorio/180-600s_10percent,9,3,SIM_BOTH_MEDIUM,1,REALLOC_EXIST,0.0
rl3.1,cenario2_tempo_aleatorio/180-600s_10percent,9,3,SIM_BOTH_MEDIUM,2,FORM_NEW_CLUST,0.0
rl3.1,cenario2_tempo_aleatorio/180-600s_10percent,10,0,SIM_BOTH_HIGH,0,DO_NOT_ALLOC,32.4576
rl3.1,cenario2_tempo_aleatorio/180-600s_10percent,10,0,SIM_BOTH_HIGH,1,REALLOC_EXIST,28.8641
rl3.1,cenario2_tempo_aleatorio/180-600s_10percent,10,0,SIM_BOTH_HIGH,2,FORM_NEW_CLUST,106.297
rl3.1,cenario2_tempo_aleatorio/180-600s_10percent,10,1,SIM_EXISTING_HIGH,0,DO_NOT_ALLOC,0.0
rl3.1,cenario2_tempo_aleatorio/180-600s_10percent,10,1,SIM_EXISTING_HIGH,1,REALLOC_EXIST,0.0
rl3.1,cenario2_tempo_aleatorio/180-600s_10percent,10,1,SIM_EXISTING_HIGH,2,FORM_NEW_CLUST,0.0
rl3.1,cenario2_tempo_aleatorio/180-600s_10percent,10,2,SIM_ORPHAN_HIGH,0,DO_NOT_ALLOC,-0.5
rl3.1,cenario2_tempo_aleatorio/180-600s_10percent,10,2,SIM_ORPHAN_HIGH,1,REALLOC_EXIST,3.6397
rl3.1,cenario2_tempo_aleatorio/180-600s_10percent,10,2,SIM_ORPHAN_HIGH,2,FORM_NEW_CLUST,0.7
rl3.1,cenario2_tempo_aleatorio/180-600s_10percent,10,3,SIM_BOTH_MEDIUM,0,DO_NOT_ALLOC,0.0
rl3.1,cenario2_tempo_aleatorio/180-600s_10percent,10,3,SIM_BOTH_MEDIUM,1,REALLOC_EXIST,0.0
rl3.1,cenario2_tempo_aleatorio/180-600s_10percent,10,3,SIM_BOTH_MEDIUM,2,FORM_NEW_CLUST,0.0
rl3.1,cenario2_tempo_aleatorio/180-600s_10percent,11,0,SIM_BOTH_HIGH,0,DO_NOT_ALLOC,32.4576
rl3.1,cenario2_tempo_aleatorio/180-600s_10percent,11,0,SIM_BOTH_HIGH,1,REALLOC_EXIST,28.8641
rl3.1,cenario2_tempo_aleatorio/180-600s_10percent,11,0,SIM_BOTH_HIGH,2,FORM_NEW_CLUST,112.988
rl3.1,cenario2_tempo_aleatorio/180-600s_10percent,11,1,SIM_EXISTING_HIGH,0,DO_NOT_ALLOC,0.0
rl3.1,cenario2_tempo_aleatorio/180-600s_10percent,11,1,SIM_EXISTING_HIGH,1,REALLOC_EXIST,0.0
rl3.1,cenario2_tempo_aleatorio/180-600s_10percent,11,1,SIM_EXISTING_HIGH,2,FORM_NEW_CLUST,0.0
rl3.1,cenario2_tempo_aleatorio/180-600s_10percent,11,2,SIM_ORPHAN_HIGH,0,DO_NOT_ALLOC,-0.5
rl3.1,cenario2_tempo_aleatorio/180-600s_10percent,11,2,SIM_ORPHAN_HIGH,1,REALLOC_EXIST,3.6397
rl3.1,cenario2_tempo_aleatorio/180-600s_10percent,11,2,SIM_ORPHAN_HIGH,2,FORM_NEW_CLUST,0.7
rl3.1,cenario2_tempo_aleatorio/180-600s_10percent,11,3,SIM_BOTH_MEDIUM,0,DO_NOT_ALLOC,0.0
rl3.1,cenario2_tempo_aleatorio/180-600s_10percent,11,3,SIM_BOTH_MEDIUM,1,REALLOC_EXIST,0.0
rl3.1,cenario2_tempo_aleatorio/180-600s_10percent,11,3,SIM_BOTH_MEDIUM,2,FORM_NEW_CLUST,0.0
rl3.1,cenario2_tempo_aleatorio/180-600s_10percent,12,0,SIM_BOTH_HIGH,0,DO_NOT_ALLOC,39.0132
rl3.1,cenario2_tempo_aleatorio/180-600s_10percent,12,0,SIM_BOTH_HIGH,1,REALLOC_EXIST,28.8641
rl3.1,cenario2_tempo_aleatorio/180-600s_10percent,12,0,SIM_BOTH_HIGH,2,FORM_NEW_CLUST,116.499
rl3.1,cenario2_tempo_aleatorio/180-600s_10percent,12,1,SIM_EXISTING_HIGH,0,DO_NOT_ALLOC,0.0
rl3.1,cenario2_tempo_aleatorio/180-600s_10percent,12,1,SIM_EXISTING_HIGH,1,REALLOC_EXIST,0.0
rl3.1,cenario2_tempo_aleatorio/180-600s_10percent,12,1,SIM_EXISTING_HIGH,2,FORM_NEW_CLUST,0.0
rl3.1,cenario2_tempo_aleatorio/180-600s_10percent,12,2,SIM_ORPHAN_HIGH,0,DO_NOT_ALLOC,-0.5
rl3.1,cenario2_tempo_aleatorio/180-600s_10percent,12,2,SIM_ORPHAN_HIGH,1,REALLOC_EXIST,3.6397
rl3.1,cenario2_tempo_aleatorio/180-600s_10percent,12,2,SIM_ORPHAN_HIGH,2,FORM_NEW_CLUST,0.7
rl3.1,cenario2_tempo_aleatorio/180-600s_10percent,12,3,SIM_BOTH_MEDIUM,0,DO_NOT_ALLOC,0.0
rl3.1,cenario2_tempo_aleatorio/180-600s_10percent,12,3,SIM_BOTH_MEDIUM,1,REALLOC_EXIST,0.0
rl3.1,cenario2_tempo_aleatorio/180-600s_10percent,12,3,SIM_BOTH_MEDIUM,2,FORM_NEW_CLUST,0.0
rl3.1,cenario2_tempo_aleatorio/180-600s_10percent,13,0,SIM_BOTH_HIGH,0,DO_NOT_ALLOC,39.0132
rl3.1,cenario2_tempo_aleatorio/180-600s_10percent,13,0,SIM_BOTH_HIGH,1,REALLOC_EXIST,37.1521
rl3.1,cenario2_tempo_aleatorio/180-600s_10percent,13,0,SIM_BOTH_HIGH,2,FORM_NEW_CLUST,118.153
rl3.1,cenario2_tempo_aleatorio/180-600s_10percent,13,1,SIM_EXISTING_HIGH,0,DO_NOT_ALLOC,0.0
rl3.1,cenario2_tempo_aleatorio/180-600s_10percent,13,1,SIM_EXISTING_HIGH,1,REALLOC_EXIST,0.0
rl3.1,cenario2_tempo_aleatorio/180-600s_10percent,13,1,SIM_EXISTING_HIGH,2,FORM_NEW_CLUST,0.0
rl3.1,cenario2_tempo_aleatorio/180-600s_10percent,13,2,SIM_ORPHAN_HIGH,0,DO_NOT_ALLOC,-0.5
rl3.1,cenario2_tempo_aleatorio/180-600s_10percent,13,2,SIM_ORPHAN_HIGH,1,REALLOC_EXIST,3.6397
rl3.1,cenario2_tempo_aleatorio/180-600s_10percent,13,2,SIM_ORPHAN_HIGH,2,FORM_NEW_CLUST,0.7
rl3.1,cenario2_tempo_aleatorio/180-600s_10percent,13,3,SIM_BOTH_MEDIUM,0,DO_NOT_ALLOC,0.0
rl3.1,cenario2_tempo_aleatorio/180-600s_10percent,13,3,SIM_BOTH_MEDIUM,1,REALLOC_EXIST,0.0
rl3.1,cenario2_tempo_aleatorio/180-600s_10percent,13,3,SIM_BOTH_MEDIUM,2,FORM_NEW_CLUST,0.0
rl3.1,cenario2_tempo_aleatorio/180-600s_10percent,14,0,SIM_BOTH_HIGH,0,DO_NOT_ALLOC,45.4221
rl3.1,cenario2_tempo_aleatorio/180-600s_10percent,14,0,SIM_BOTH_HIGH,1,REALLOC_EXIST,37.1521
rl3.1,cenario2_tempo_aleatorio/180-600s_10percent,14,0,SIM_BOTH_HIGH,2,FORM_NEW_CLUST,121.75
rl3.1,cenario2_tempo_aleatorio/180-600s_10percent,14,1,SIM_EXISTING_HIGH,0,DO_NOT_ALLOC,0.0
rl3.1,cenario2_tempo_aleatorio/180-600s_10percent,14,1,SIM_EXISTING_HIGH,1,REALLOC_EXIST,0.0
rl3.1,cenario2_tempo_aleatorio/180-600s_10percent,14,1,SIM_EXISTING_HIGH,2,FORM_NEW_CLUST,0.0
rl3.1,cenario2_tempo_aleatorio/180-600s_10percent,14,2,SIM_ORPHAN_HIGH,0,DO_NOT_ALLOC,-0.5
rl3.1,cenario2_tempo_aleatorio/180-600s_10percent,14,2,SIM_ORPHAN_HIGH,1,REALLOC_EXIST,3.6397
rl3.1,cenario2_tempo_aleatorio/180-600s_10percent,14,2,SIM_ORPHAN_HIGH,2,FORM_NEW_CLUST,0.7
rl3.1,cenario2_tempo_aleatorio/180-600s_10percent,14,3,SIM_BOTH_MEDIUM,0,DO_NOT_ALLOC,0.0
rl3.1,cenario2_tempo_aleatorio/180-600s_10percent,14,3,SIM_BOTH_MEDIUM,1,REALLOC_EXIST,0.0
rl3.1,cenario2_tempo_aleatorio/180-600s_10percent,14,3,SIM_BOTH_MEDIUM,2,FORM_NEW_CLUST,0.0
rl3.1,cenario2_tempo_aleatorio/180-600s_10percent,15,0,SIM_BOTH_HIGH,0,DO_NOT_ALLOC,45.4221
rl3.1,cenario2_tempo_aleatorio/180-600s_10percent,15,0,SIM_BOTH_HIGH,1,REALLOC_EXIST,37.1521
rl3.1,cenario2_tempo_aleatorio/180-600s_10percent,15,0,SIM_BOTH_HIGH,2,FORM_NEW_CLUST,121.75
rl3.1,cenario2_tempo_aleatorio/180-600s_10percent,15,1,SIM_EXISTING_HIGH,0,DO_NOT_ALLOC,0.0
rl3.1,cenario2_tempo_aleatorio/180-600s_10percent,15,1,SIM_EXISTING_HIGH,1,REALLOC_EXIST,0.0
rl3.1,cenario2_tempo_aleatorio/180-600s_10percent,15,1,SIM_EXISTING_HIGH,2,FORM_NEW_CLUST,0.0
rl3.1,cenario2_tempo_aleatorio/180-600s_10percent,15,2,SIM_ORPHAN_HIGH,0,DO_NOT_ALLOC,-0.5
rl3.1,cenario2_tempo_aleatorio/180-600s_10percent,15,2,SIM_ORPHAN_HIGH,1,REALLOC_EXIST,8.35368
rl3.1,cenario2_tempo_aleatorio/180-600s_10percent,15,2,SIM_ORPHAN_HIGH,2,FORM_NEW_CLUST,0.7
rl3.1,cenario2_tempo_aleatorio/180-600s_10percent,15,3,SIM_BOTH_MEDIUM,0,DO_NOT_ALLOC,0.0
rl3.1,cenario2_tempo_aleatorio/180-600s_10percent,15,3,SIM_BOTH_MEDIUM,1,REALLOC_EXIST,0.0
rl3.1,cenario2_tempo_aleatorio/180-600s_10percent,15,3,SIM_BOTH_MEDIUM,2,FORM_NEW_CLUST,0.0
rl3.1,cenario2_tempo_aleatorio/180-600s_10percent,16,0,SIM_BOTH_HIGH,0,DO_NOT_ALLOC,45.4221
rl3.1,cenario2_tempo_aleatorio/180-600s_10percent,16,0,SIM_BOTH_HIGH,1,REALLOC_EXIST,52.0438
rl3.1,cenario2_tempo_aleatorio/180-600s_10percent,16,0,SIM_BOTH_HIGH,2,FORM_NEW_CLUST,123.32
rl3.1,cenario2_tempo_aleatorio/180-600s_10percent,16,1,SIM_EXISTING_HIGH,0,DO_NOT_ALLOC,0.0
rl3.1,cenario2_tempo_aleatorio/180-600s_10percent,16,1,SIM_EXISTING_HIGH,1,REALLOC_EXIST,0.0
rl3.1,cenario2_tempo_aleatorio/180-600s_10percent,16,1,SIM_EXISTING_HIGH,2,FORM_NEW_CLUST,0.0
rl3.1,cenario2_tempo_aleatorio/180-600s_10percent,16,2,SIM_ORPHAN_HIGH,0,DO_NOT_ALLOC,-0.5
rl3.1,cenario2_tempo_aleatorio/180-600s_10percent,16,2,SIM_ORPHAN_HIGH,1,REALLOC_EXIST,8.35368
rl3.1,cenario2_tempo_aleatorio/180-600s_10percent,16,2,SIM_ORPHAN_HIGH,2,FORM_NEW_CLUST,0.7
rl3.1,cenario2_tempo_aleatorio/180-600s_10percent,16,3,SIM_BOTH_MEDIUM,0,DO_NOT_ALLOC,0.0
rl3.1,cenario2_tempo_aleatorio/180-600s_10percent,16,3,SIM_BOTH_MEDIUM,1,REALLOC_EXIST,0.0
rl3.1,cenario2_tempo_aleatorio/180-600s_10percent,16,3,SIM_BOTH_MEDIUM,2,FORM_NEW_CLUST,0.0
rl3.1,cenario2_tempo_aleatorio/180-600s_10percent,17,0,SIM_BOTH_HIGH,0,DO_NOT_ALLOC,45.4221
rl3.1,cenario2_tempo_aleatorio/180-600s_10percent,17,0,SIM_BOTH_HIGH,1,REALLOC_EXIST,58.8377
rl3.1,cenario2_tempo_aleatorio/180-600s_10percent,17,0,SIM_BOTH_HIGH,2,FORM_NEW_CLUST,124.481
rl3.1,cenario2_tempo_aleatorio/180-600s_10percent,17,1,SIM_EXISTING_HIGH,0,DO_NOT_ALLOC,0.0
rl3.1,cenario2_tempo_aleatorio/180-600s_10percent,17,1,SIM_EXISTING_HIGH,1,REALLOC_EXIST,0.0
rl3.1,cenario2_tempo_aleatorio/180-600s_10percent,17,1,SIM_EXISTING_HIGH,2,FORM_NEW_CLUST,0.0
rl3.1,cenario2_tempo_aleatorio/180-600s_10percent,17,2,SIM_ORPHAN_HIGH,0,DO_NOT_ALLOC,-0.5
rl3.1,cenario2_tempo_aleatorio/180-600s_10percent,17,2,SIM_ORPHAN_HIGH,1,REALLOC_EXIST,8.35368
rl3.1,cenario2_tempo_aleatorio/180-600s_10percent,17,2,SIM_ORPHAN_HIGH,2,FORM_NEW_CLUST,0.7
rl3.1,cenario2_tempo_aleatorio/180-600s_10percent,17,3,SIM_BOTH_MEDIUM,0,DO_NOT_ALLOC,0.0
rl3.1,cenario2_tempo_aleatorio/180-600s_10percent,17,3,SIM_BOTH_MEDIUM,1,REALLOC_EXIST,0.0
rl3.1,cenario2_tempo_aleatorio/180-600s_10percent,17,3,SIM_BOTH_MEDIUM,2,FORM_NEW_CLUST,0.0
rl3.1,cenario2_tempo_aleatorio/180-600s_10percent,18,0,SIM_BOTH_HIGH,0,DO_NOT_ALLOC,57.1978
rl3.1,cenario2_tempo_aleatorio/180-600s_10percent,18,0,SIM_BOTH_HIGH,1,REALLOC_EXIST,65.031
rl3.1,cenario2_tempo_aleatorio/180-600s_10percent,18,0,SIM_BOTH_HIGH,2,FORM_NEW_CLUST,125.301
rl3.1,cenario2_tempo_aleatorio/180-600s_10percent,18,1,SIM_EXISTING_HIGH,0,DO_NOT_ALLOC,0.0
rl3.1,cenario2_tempo_aleatorio/180-600s_10percent,18,1,SIM_EXISTING_HIGH,1,REALLOC_EXIST,0.0
rl3.1,cenario2_tempo_aleatorio/180-600s_10percent,18,1,SIM_EXISTING_HIGH,2,FORM_NEW_CLUST,0.0
rl3.1,cenario2_tempo_aleatorio/180-600s_10percent,18,2,SIM_ORPHAN_HIGH,0,DO_NOT_ALLOC,-0.5
rl3.1,cenario2_tempo_aleatorio/180-600s_10percent,18,2,SIM_ORPHAN_HIGH,1,REALLOC_EXIST,8.35368
rl3.1,cenario2_tempo_aleatorio/180-600s_10percent,18,2,SIM_ORPHAN_HIGH,2,FORM_NEW_CLUST,0.7
rl3.1,cenario2_tempo_aleatorio/180-600s_10percent,18,3,SIM_BOTH_MEDIUM,0,DO_NOT_ALLOC,0.0
rl3.1,cenario2_tempo_aleatorio/180-600s_10percent,18,3,SIM_BOTH_MEDIUM,1,REALLOC_EXIST,0.0
rl3.1,cenario2_tempo_aleatorio/180-600s_10percent,18,3,SIM_BOTH_MEDIUM,2,FORM_NEW_CLUST,0.0
rl3.1,cenario2_tempo_aleatorio/180-600s_10percent,19,0,SIM_BOTH_HIGH,0,DO_NOT_ALLOC,62.3286
rl3.1,cenario2_tempo_aleatorio/180-600s_10percent,19,0,SIM_BOTH_HIGH,1,REALLOC_EXIST,65.031
rl3.1,cenario2_tempo_aleatorio/180-600s_10percent,19,0,SIM_BOTH_HIGH,2,FORM_NEW_CLUST,126.195
rl3.1,cenario2_tempo_aleatorio/180-600s_10percent,19,1,SIM_EXISTING_HIGH,0,DO_NOT_ALLOC,0.0
rl3.1,cenario2_tempo_aleatorio/180-600s_10percent,19,1,SIM_EXISTING_HIGH,1,REALLOC_EXIST,0.0
rl3.1,cenario2_tempo_aleatorio/180-600s_10percent,19,1,SIM_EXISTING_HIGH,2,FORM_NEW_CLUST,0.0
rl3.1,cenario2_tempo_aleatorio/180-600s_10percent,19,2,SIM_ORPHAN_HIGH,0,DO_NOT_ALLOC,-0.5
rl3.1,cenario2_tempo_aleatorio/180-600s_10percent,19,2,SIM_ORPHAN_HIGH,1,REALLOC_EXIST,8.35368
rl3.1,cenario2_tempo_aleatorio/180-600s_10percent,19,2,SIM_ORPHAN_HIGH,2,FORM_NEW_CLUST,0.7
rl3.1,cenario2_tempo_aleatorio/180-600s_10percent,19,3,SIM_BOTH_MEDIUM,0,DO_NOT_ALLOC,0.0
rl3.1,cenario2_tempo_aleatorio/180-600s_10percent,19,3,SIM_BOTH_MEDIUM,1,REALLOC_EXIST,0.0
rl3.1,cenario2_tempo_aleatorio/180-600s_10percent,19,3,SIM_BOTH_MEDIUM,2,FORM_NEW_CLUST,0.0
rl3.1,cenario2_tempo_aleatorio/180-600s_10percent,20,0,SIM_BOTH_HIGH,0,DO_NOT_ALLOC,66.9567
rl3.1,cenario2_tempo_aleatorio/180-600s_10percent,20,0,SIM_BOTH_HIGH,1,REALLOC_EXIST,65.031
rl3.1,cenario2_tempo_aleatorio/180-600s_10percent,20,0,SIM_BOTH_HIGH,2,FORM_NEW_CLUST,127.099
rl3.1,cenario2_tempo_aleatorio/180-600s_10percent,20,1,SIM_EXISTING_HIGH,0,DO_NOT_ALLOC,0.0
rl3.1,cenario2_tempo_aleatorio/180-600s_10percent,20,1,SIM_EXISTING_HIGH,1,REALLOC_EXIST,0.0
rl3.1,cenario2_tempo_aleatorio/180-600s_10percent,20,1,SIM_EXISTING_HIGH,2,FORM_NEW_CLUST,0.0
rl3.1,cenario2_tempo_aleatorio/180-600s_10percent,20,2,SIM_ORPHAN_HIGH,0,DO_NOT_ALLOC,-0.5
rl3.1,cenario2_tempo_aleatorio/180-600s_10percent,20,2,SIM_ORPHAN_HIGH,1,REALLOC_EXIST,8.35368
rl3.1,cenario2_tempo_aleatorio/180-600s_10percent,20,2,SIM_ORPHAN_HIGH,2,FORM_NEW_CLUST,0.7
rl3.1,cenario2_tempo_aleatorio/180-600s_10percent,20,3,SIM_BOTH_MEDIUM,0,DO_NOT_ALLOC,0.0
rl3.1,cenario2_tempo_aleatorio/180-600s_10percent,20,3,SIM_BOTH_MEDIUM,1,REALLOC_EXIST,0.0
rl3.1,cenario2_tempo_aleatorio/180-600s_10percent,20,3,SIM_BOTH_MEDIUM,2,FORM_NEW_CLUST,0.0
rl3.1,cenario2_tempo_aleatorio/180-600s_10percent,21,0,SIM_BOTH_HIGH,0,DO_NOT_ALLOC,66.9567
rl3.1,cenario2_tempo_aleatorio/180-600s_10percent,21,0,SIM_BOTH_HIGH,1,REALLOC_EXIST,65.031
rl3.1,cenario2_tempo_aleatorio/180-600s_10percent,21,0,SIM_BOTH_HIGH,2,FORM_NEW_CLUST,127.099
rl3.1,cenario2_tempo_aleatorio/180-600s_10percent,21,1,SIM_EXISTING_HIGH,0,DO_NOT_ALLOC,0.0
rl3.1,cenario2_tempo_aleatorio/180-600s_10percent,21,1,SIM_EXISTING_HIGH,1,REALLOC_EXIST,0.0
rl3.1,cenario2_tempo_aleatorio/180-600s_10percent,21,1,SIM_EXISTING_HIGH,2,FORM_NEW_CLUST,0.0
rl3.1,cenario2_tempo_aleatorio/180-600s_10percent,21,2,SIM_ORPHAN_HIGH,0,DO_NOT_ALLOC,-0.11296
rl3.1,cenario2_tempo_aleatorio/180-600s_10percent,21,2,SIM_ORPHAN_HIGH,1,REALLOC_EXIST,11.1657
rl3.1,cenario2_tempo_aleatorio/180-600s_10percent,21,2,SIM_ORPHAN_HIGH,2,FORM_NEW_CLUST,0.7
rl3.1,cenario2_tempo_aleatorio/180-600s_10percent,21,3,SIM_BOTH_MEDIUM,0,DO_NOT_ALLOC,0.0
rl3.1,cenario2_tempo_aleatorio/180-600s_10percent,21,3,SIM_BOTH_MEDIUM,1,REALLOC_EXIST,0.0
rl3.1,cenario2_tempo_aleatorio/180-600s_10percent,21,3,SIM_BOTH_MEDIUM,2,FORM_NEW_CLUST,0.0
rl3.1,cenario2_tempo_aleatorio/180-600s_10percent,22,0,SIM_BOTH_HIGH,0,DO_NOT_ALLOC,66.9567
rl3.1,cenario2_tempo_aleatorio/180-600s_10percent,22,0,SIM_BOTH_HIGH,1,REALLOC_EXIST,65.031
rl3.1,cenario2_tempo_aleatorio/180-600s_10percent,22,0,SIM_BOTH_HIGH,2,FORM_NEW_CLUST,127.627
rl3.1,cenario2_tempo_aleatorio/180-600s_10percent,22,1,SIM_EXISTING_HIGH,0,DO_NOT_ALLOC,0.0
rl3.1,cenario2_tempo_aleatorio/180-600s_10percent,22,1,SIM_EXISTING_HIGH,1,REALLOC_EXIST,0.0
rl3.1,cenario2_tempo_aleatorio/180-600s_10percent,22,1,SIM_EXISTING_HIGH,2,FORM_NEW_CLUST,0.0
rl3.1,cenario2_tempo_aleatorio/180-600s_10percent,22,2,SIM_ORPHAN_HIGH,0,DO_NOT_ALLOC,-0.11296
rl3.1,cenario2_tempo_aleatorio/180-600s_10percent,22,2,SIM_ORPHAN_HIGH,1,REALLOC_EXIST,11.1657
rl3.1,cenario2_tempo_aleatorio/180-600s_10percent,22,2,SIM_ORPHAN_HIGH,2,FORM_NEW_CLUST,0.7
rl3.1,cenario2_tempo_aleatorio/180-600s_10percent,22,3,SIM_BOTH_MEDIUM,0,DO_NOT_ALLOC,0.0
rl3.1,cenario2_tempo_aleatorio/180-600s_10percent,22,3,SIM_BOTH_MEDIUM,1,REALLOC_EXIST,0.0
rl3.1,cenario2_tempo_aleatorio/180-600s_10percent,22,3,SIM_BOTH_MEDIUM,2,FORM_NEW_CLUST,0.0
rl3.1,cenario2_tempo_aleatorio/180-600s_10percent,23,0,SIM_BOTH_HIGH,0,DO_NOT_ALLOC,66.9567
rl3.1,cenario2_tempo_aleatorio/180-600s_10percent,23,0,SIM_BOTH_HIGH,1,REALLOC_EXIST,75.5563
rl3.1,cenario2_tempo_aleatorio/180-600s_10percent,23,0,SIM_BOTH_HIGH,2,FORM_NEW_CLUST,128.173
rl3.1,cenario2_tempo_aleatorio/180-600s_10percent,23,1,SIM_EXISTING_HIGH,0,DO_NOT_ALLOC,0.0
rl3.1,cenario2_tempo_aleatorio/180-600s_10percent,23,1,SIM_EXISTING_HIGH,1,REALLOC_EXIST,0.0
rl3.1,cenario2_tempo_aleatorio/180-600s_10percent,23,1,SIM_EXISTING_HIGH,2,FORM_NEW_CLUST,0.0
rl3.1,cenario2_tempo_aleatorio/180-600s_10percent,23,2,SIM_ORPHAN_HIGH,0,DO_NOT_ALLOC,-0.11296
rl3.1,cenario2_tempo_aleatorio/180-600s_10percent,23,2,SIM_ORPHAN_HIGH,1,REALLOC_EXIST,11.1657
rl3.1,cenario2_tempo_aleatorio/180-600s_10percent,23,2,SIM_ORPHAN_HIGH,2,FORM_NEW_CLUST,0.7
rl3.1,cenario2_tempo_aleatorio/180-600s_10percent,23,3,SIM_BOTH_MEDIUM,0,DO_NOT_ALLOC,0.0
rl3.1,cenario2_tempo_aleatorio/180-600s_10percent,23,3,SIM_BOTH_MEDIUM,1,REALLOC_EXIST,0.0
rl3.1,cenario2_tempo_aleatorio/180-600s_10percent,23,3,SIM_BOTH_MEDIUM,2,FORM_NEW_CLUST,0.0
rl3.1,cenario2_tempo_aleatorio/180-600s_10percent,24,0,SIM_BOTH_HIGH,0,DO_NOT_ALLOC,71.3138
rl3.1,cenario2_tempo_aleatorio/180-600s_10percent,24,0,SIM_BOTH_HIGH,1,REALLOC_EXIST,80.0769
rl3.1,cenario2_tempo_aleatorio/180-600s_10percent,24,0,SIM_BOTH_HIGH,2,FORM_NEW_CLUST,128.55
rl3.1,cenario2_tempo_aleatorio/180-600s_10percent,24,1,SIM_EXISTING_HIGH,0,DO_NOT_ALLOC,0.0
rl3.1,cenario2_tempo_aleatorio/180-600s_10percent,24,1,SIM_EXISTING_HIGH,1,REALLOC_EXIST,0.0
rl3.1,cenario2_tempo_aleatorio/180-600s_10percent,24,1,SIM_EXISTING_HIGH,2,FORM_NEW_CLUST,0.0
rl3.1,cenario2_tempo_aleatorio/180-600s_10percent,24,2,SIM_ORPHAN_HIGH,0,DO_NOT_ALLOC,-0.11296
rl3.1,cenario2_tempo_aleatorio/180-600s_10percent,24,2,SIM_ORPHAN_HIGH,1,REALLOC_EXIST,11.1657
rl3.1,cenario2_tempo_aleatorio/180-600s_10percent,24,2,SIM_ORPHAN_HIGH,2,FORM_NEW_CLUST,0.7
rl3.1,cenario2_tempo_aleatorio/180-600s_10percent,24,3,SIM_BOTH_MEDIUM,0,DO_NOT_ALLOC,0.0
rl3.1,cenario2_tempo_aleatorio/180-600s_10percent,24,3,SIM_BOTH_MEDIUM,1,REALLOC_EXIST,0.0
rl3.1,cenario2_tempo_aleatorio/180-600s_10percent,24,3,SIM_BOTH_MEDIUM,2,FORM_NEW_CLUST,0.0
rl3.1,cenario2_tempo_aleatorio/180-600s_10percent,25,0,SIM_BOTH_HIGH,0,DO_NOT_ALLOC,71.3138
rl3.1,cenario2_tempo_aleatorio/180-600s_10percent,25,0,SIM_BOTH_HIGH,1,REALLOC_EXIST,80.0769
rl3.1,cenario2_tempo_aleatorio/180-600s_10percent,25,0,SIM_BOTH_HIGH,2,FORM_NEW_CLUST,122.952
rl3.1,cenario2_tempo_aleatorio/180-600s_10percent,25,1,SIM_EXISTING_HIGH,0,DO_NOT_ALLOC,0.0
rl3.1,cenario2_tempo_aleatorio/180-600s_10percent,25,1,SIM_EXISTING_HIGH,1,REALLOC_EXIST,0.0
rl3.1,cenario2_tempo_aleatorio/180-600s_10percent,25,1,SIM_EXISTING_HIGH,2,FORM_NEW_CLUST,0.0
rl3.1,cenario2_tempo_aleatorio/180-600s_10percent,25,2,SIM_ORPHAN_HIGH,0,DO_NOT_ALLOC,-0.11296
rl3.1,cenario2_tempo_aleatorio/180-600s_10percent,25,2,SIM_ORPHAN_HIGH,1,REALLOC_EXIST,11.1657
rl3.1,cenario2_tempo_aleatorio/180-600s_10percent,25,2,SIM_ORPHAN_HIGH,2,FORM_NEW_CLUST,0.7
rl3.1,cenario2_tempo_aleatorio/180-600s_10percent,25,3,SIM_BOTH_MEDIUM,0,DO_NOT_ALLOC,0.0
rl3.1,cenario2_tempo_aleatorio/180-600s_10percent,25,3,SIM_BOTH_MEDIUM,1,REALLOC_EXIST,0.0
rl3.1,cenario2_tempo_aleatorio/180-600s_10percent,25,3,SIM_BOTH_MEDIUM,2,FORM_NEW_CLUST,0.0
rl3.1,cenario2_tempo_aleatorio/180-600s_10percent,26,0,SIM_BOTH_HIGH,0,DO_NOT_ALLOC,71.3138
rl3.1,cenario2_tempo_aleatorio/180-600s_10percent,26,0,SIM_BOTH_HIGH,1,REALLOC_EXIST,80.0769
rl3.1,cenario2_tempo_aleatorio/180-600s_10percent,26,0,SIM_BOTH_HIGH,2,FORM_NEW_CLUST,122.952
rl3.1,cenario2_tempo_aleatorio/180-600s_10percent,26,1,SIM_EXISTING_HIGH,0,DO_NOT_ALLOC,0.0
rl3.1,cenario2_tempo_aleatorio/180-600s_10percent,26,1,SIM_EXISTING_HIGH,1,REALLOC_EXIST,0.0
rl3.1,cenario2_tempo_aleatorio/180-600s_10percent,26,1,SIM_EXISTING_HIGH,2,FORM_NEW_CLUST,0.0
rl3.1,cenario2_tempo_aleatorio/180-600s_10percent,26,2,SIM_ORPHAN_HIGH,0,DO_NOT_ALLOC,0.568617
rl3.1,cenario2_tempo_aleatorio/180-600s_10percent,26,2,SIM_ORPHAN_HIGH,1,REALLOC_EXIST,15.945
rl3.1,cenario2_tempo_aleatorio/180-600s_10percent,26,2,SIM_ORPHAN_HIGH,2,FORM_NEW_CLUST,0.7
rl3.1,cenario2_tempo_aleatorio/180-600s_10percent,26,3,SIM_BOTH_MEDIUM,0,DO_NOT_ALLOC,0.0
rl3.1,cenario2_tempo_aleatorio/180-600s_10percent,26,3,SIM_BOTH_MEDIUM,1,REALLOC_EXIST,0.0
rl3.1,cenario2_tempo_aleatorio/180-600s_10percent,26,3,SIM_BOTH_MEDIUM,2,FORM_NEW_CLUST,0.0
rl3.1,cenario2_tempo_aleatorio/180-600s_10percent,27,0,SIM_BOTH_HIGH,0,DO_NOT_ALLOC,74.8258
rl3.1,cenario2_tempo_aleatorio/180-600s_10percent,27,0,SIM_BOTH_HIGH,1,REALLOC_EXIST,83.8115
rl3.1,cenario2_tempo_aleatorio/180-600s_10percent,27,0,SIM_BOTH_HIGH,2,FORM_NEW_CLUST,124.573
rl3.1,cenario2_tempo_aleatorio/180-600s_10percent,27,1,SIM_EXISTING_HIGH,0,DO_NOT_ALLOC,0.0
rl3.1,cenario2_tempo_aleatorio/180-600s_10percent,27,1,SIM_EXISTING_HIGH,1,REALLOC_EXIST,0.0
rl3.1,cenario2_tempo_aleatorio/180-600s_10percent,27,1,SIM_EXISTING_HIGH,2,FORM_NEW_CLUST,0.0
rl3.1,cenario2_tempo_aleatorio/180-600s_10percent,27,2,SIM_ORPHAN_HIGH,0,DO_NOT_ALLOC,0.568617
rl3.1,cenario2_tempo_aleatorio/180-600s_10percent,27,2,SIM_ORPHAN_HIGH,1,REALLOC_EXIST,15.945
rl3.1,cenario2_tempo_aleatorio/180-600s_10percent,27,2,SIM_ORPHAN_HIGH,2,FORM_NEW_CLUST,0.7
rl3.1,cenario2_tempo_aleatorio/180-600s_10percent,27,3,SIM_BOTH_MEDIUM,0,DO_NOT_ALLOC,0.0
rl3.1,cenario2_tempo_aleatorio/180-600s_10percent,27,3,SIM_BOTH_MEDIUM,1,REALLOC_EXIST,0.0
rl3.1,cenario2_tempo_aleatorio/180-600s_10percent,27,3,SIM_BOTH_MEDIUM,2,FORM_NEW_CLUST,0.0
rl3.1,cenario2_tempo_aleatorio/180-600s_10percent,28,0,SIM_BOTH_HIGH,0,DO_NOT_ALLOC,81.0064
rl3.1,cenario2_tempo_aleatorio/180-600s_10percent,28,0,SIM_BOTH_HIGH,1,REALLOC_EXIST,83.8115
rl3.1,cenario2_tempo_aleatorio/180-600s_10percent,28,0,SIM_BOTH_HIGH,2,FORM_NEW_CLUST,125.606
rl3.1,cenario2_tempo_aleatorio/180-600s_10percent,28,1,SIM_EXISTING_HIGH,0,DO_NOT_ALLOC,0.0
rl3.1,cenario2_tempo_aleatorio/180-600s_10percent,28,1,SIM_EXISTING_HIGH,1,REALLOC_EXIST,0.0
rl3.1,cenario2_tempo_aleatorio/180-600s_10percent,28,1,SIM_EXISTING_HIGH,2,FORM_NEW_CLUST,0.0
rl3.1,cenario2_tempo_aleatorio/180-600s_10percent,28,2,SIM_ORPHAN_HIGH,0,DO_NOT_ALLOC,0.568617
rl3.1,cenario2_tempo_aleatorio/180-600s_10percent,28,2,SIM_ORPHAN_HIGH,1,REALLOC_EXIST,15.945
rl3.1,cenario2_tempo_aleatorio/180-600s_10percent,28,2,SIM_ORPHAN_HIGH,2,FORM_NEW_CLUST,0.7
rl3.1,cenario2_tempo_aleatorio/180-600s_10percent,28,3,SIM_BOTH_MEDIUM,0,DO_NOT_ALLOC,0.0
rl3.1,cenario2_tempo_aleatorio/180-600s_10percent,28,3,SIM_BOTH_MEDIUM,1,REALLOC_EXIST,0.0
rl3.1,cenario2_tempo_aleatorio/180-600s_10percent,28,3,SIM_BOTH_MEDIUM,2,FORM_NEW_CLUST,0.0
rl3.1,cenario2_tempo_aleatorio/180-600s_10percent,29,0,SIM_BOTH_HIGH,0,DO_NOT_ALLOC,83.7143
rl3.1,cenario2_tempo_aleatorio/180-600s_10percent,29,0,SIM_BOTH_HIGH,1,REALLOC_EXIST,83.8115
rl3.1,cenario2_tempo_aleatorio/180-600s_10percent,29,0,SIM_BOTH_HIGH,2,FORM_NEW_CLUST,126.37
rl3.1,cenario2_tempo_aleatorio/180-600s_10percent,29,1,SIM_EXISTING_HIGH,0,DO_NOT_ALLOC,0.0
rl3.1,cenario2_tempo_aleatorio/180-600s_10percent,29,1,SIM_EXISTING_HIGH,1,REALLOC_EXIST,0.0
rl3.1,cenario2_tempo_aleatorio/180-600s_10percent,29,1,SIM_EXISTING_HIGH,2,FORM_NEW_CLUST,0.0
rl3.1,cenario2_tempo_aleatorio/180-600s_10percent,29,2,SIM_ORPHAN_HIGH,0,DO_NOT_ALLOC,0.568617
rl3.1,cenario2_tempo_aleatorio/180-600s_10percent,29,2,SIM_ORPHAN_HIGH,1,REALLOC_EXIST,15.945
rl3.1,cenario2_tempo_aleatorio/180-600s_10percent,29,2,SIM_ORPHAN_HIGH,2,FORM_NEW_CLUST,0.7
rl3.1,cenario2_tempo_aleatorio/180-600s_10percent,29,3,SIM_BOTH_MEDIUM,0,DO_NOT_ALLOC,0.0
rl3.1,cenario2_tempo_aleatorio/180-600s_10percent,29,3,SIM_BOTH_MEDIUM,1,REALLOC_EXIST,0.0
rl3.1,cenario2_tempo_aleatorio/180-600s_10percent,29,3,SIM_BOTH_MEDIUM,2,FORM_NEW_CLUST,0.0
rl3.1,cenario2_tempo_aleatorio/180-600s_10percent,30,0,SIM_BOTH_HIGH,0,DO_NOT_ALLOC,86.2675
rl3.1,cenario2_tempo_aleatorio/180-600s_10percent,30,0,SIM_BOTH_HIGH,1,REALLOC_EXIST,83.8115
rl3.1,cenario2_tempo_aleatorio/180-600s_10percent,30,0,SIM_BOTH_HIGH,2,FORM_NEW_CLUST,127.368
rl3.1,cenario2_tempo_aleatorio/180-600s_10percent,30,1,SIM_EXISTING_HIGH,0,DO_NOT_ALLOC,0.0
rl3.1,cenario2_tempo_aleatorio/180-600s_10percent,30,1,SIM_EXISTING_HIGH,1,REALLOC_EXIST,0.0
rl3.1,cenario2_tempo_aleatorio/180-600s_10percent,30,1,SIM_EXISTING_HIGH,2,FORM_NEW_CLUST,0.0
rl3.1,cenario2_tempo_aleatorio/180-600s_10percent,30,2,SIM_ORPHAN_HIGH,0,DO_NOT_ALLOC,0.568617
rl3.1,cenario2_tempo_aleatorio/180-600s_10percent,30,2,SIM_ORPHAN_HIGH,1,REALLOC_EXIST,15.945
rl3.1,cenario2_tempo_aleatorio/180-600s_10percent,30,2,SIM_ORPHAN_HIGH,2,FORM_NEW_CLUST,0.7
rl3.1,cenario2_tempo_aleatorio/180-600s_10percent,30,3,SIM_BOTH_MEDIUM,0,DO_NOT_ALLOC,0.0
rl3.1,cenario2_tempo_aleatorio/180-600s_10percent,30,3,SIM_BOTH_MEDIUM,1,REALLOC_EXIST,0.0
rl3.1,cenario2_tempo_aleatorio/180-600s_10percent,30,3,SIM_BOTH_MEDIUM,2,FORM_NEW_CLUST,0.0
rl3.1,cenario2_tempo_aleatorio/180-600s_10percent,31,0,SIM_BOTH_HIGH,0,DO_NOT_ALLOC,86.2675
rl3.1,cenario2_tempo_aleatorio/180-600s_10percent,31,0,SIM_BOTH_HIGH,1,REALLOC_EXIST,83.8115
rl3.1,cenario2_tempo_aleatorio/180-600s_10percent,31,0,SIM_BOTH_HIGH,2,FORM_NEW_CLUST,127.368
rl3.1,cenario2_tempo_aleatorio/180-600s_10percent,31,1,SIM_EXISTING_HIGH,0,DO_NOT_ALLOC,0.0
rl3.1,cenario2_tempo_aleatorio/180-600s_10percent,31,1,SIM_EXISTING_HIGH,1,REALLOC_EXIST,0.0
rl3.1,cenario2_tempo_aleatorio/180-600s_10percent,31,1,SIM_EXISTING_HIGH,2,FORM_NEW_CLUST,0.0
rl3.1,cenario2_tempo_aleatorio/180-600s_10percent,31,2,SIM_ORPHAN_HIGH,0,DO_NOT_ALLOC,0.568617
rl3.1,cenario2_tempo_aleatorio/180-600s_10percent,31,2,SIM_ORPHAN_HIGH,1,REALLOC_EXIST,21.1347
rl3.1,cenario2_tempo_aleatorio/180-600s_10percent,31,2,SIM_ORPHAN_HIGH,2,FORM_NEW_CLUST,0.7
rl3.1,cenario2_tempo_aleatorio/180-600s_10percent,31,3,SIM_BOTH_MEDIUM,0,DO_NOT_ALLOC,0.0
rl3.1,cenario2_tempo_aleatorio/180-600s_10percent,31,3,SIM_BOTH_MEDIUM,1,REALLOC_EXIST,0.0
rl3.1,cenario2_tempo_aleatorio/180-600s_10percent,31,3,SIM_BOTH_MEDIUM,2,FORM_NEW_CLUST,0.0
rl3.1,cenario2_tempo_aleatorio/180-600s_10percent,32,0,SIM_BOTH_HIGH,0,DO_NOT_ALLOC,86.2675
rl3.1,cenario2_tempo_aleatorio/180-600s_10percent,32,0,SIM_BOTH_HIGH,1,REALLOC_EXIST,83.8115
rl3.1,cenario2_tempo_aleatorio/180-600s_10percent,32,0,SIM_BOTH_HIGH,2,FORM_NEW_CLUST,127.368
rl3.1,cenario2_tempo_aleatorio/180-600s_10percent,32,1,SIM_EXISTING_HIGH,0,DO_NOT_ALLOC,0.0
rl3.1,cenario2_tempo_aleatorio/180-600s_10percent,32,1,SIM_EXISTING_HIGH,1,REALLOC_EXIST,0.0
rl3.1,cenario2_tempo_aleatorio/180-600s_10percent,32,1,SIM_EXISTING_HIGH,2,FORM_NEW_CLUST,0.0
rl3.1,cenario2_tempo_aleatorio/180-600s_10percent,32,2,SIM_ORPHAN_HIGH,0,DO_NOT_ALLOC,2.09792
rl3.1,cenario2_tempo_aleatorio/180-600s_10percent,32,2,SIM_ORPHAN_HIGH,1,REALLOC_EXIST,25.1439
rl3.1,cenario2_tempo_aleatorio/180-600s_10percent,32,2,SIM_ORPHAN_HIGH,2,FORM_NEW_CLUST,3.41616
rl3.1,cenario2_tempo_aleatorio/180-600s_10percent,32,3,SIM_BOTH_MEDIUM,0,DO_NOT_ALLOC,0.0
rl3.1,cenario2_tempo_aleatorio/180-600s_10percent,32,3,SIM_BOTH_MEDIUM,1,REALLOC_EXIST,0.0
rl3.1,cenario2_tempo_aleatorio/180-600s_10percent,32,3,SIM_BOTH_MEDIUM,2,FORM_NEW_CLUST,0.0
rl3.1,cenario2_tempo_aleatorio/180-600s_10percent,33,0,SIM_BOTH_HIGH,0,DO_NOT_ALLOC,90.7136
rl3.1,cenario2_tempo_aleatorio/180-600s_10percent,33,0,SIM_BOTH_HIGH,1,REALLOC_EXIST,87.4502
rl3.1,cenario2_tempo_aleatorio/180-600s_10percent,33,0,SIM_BOTH_HIGH,2,FORM_NEW_CLUST,127.736
rl3.1,cenario2_tempo_aleatorio/180-600s_10percent,33,1,SIM_EXISTING_HIGH,0,DO_NOT_ALLOC,0.0
rl3.1,cenario2_tempo_aleatorio/180-600s_10percent,33,1,SIM_EXISTING_HIGH,1,REALLOC_EXIST,0.0
rl3.1,cenario2_tempo_aleatorio/180-600s_10percent,33,1,SIM_EXISTING_HIGH,2,FORM_NEW_CLUST,0.0
rl3.1,cenario2_tempo_aleatorio/180-600s_10percent,33,2,SIM_ORPHAN_HIGH,0,DO_NOT_ALLOC,2.09792
rl3.1,cenario2_tempo_aleatorio/180-600s_10percent,33,2,SIM_ORPHAN_HIGH,1,REALLOC_EXIST,25.1439
rl3.1,cenario2_tempo_aleatorio/180-600s_10percent,33,2,SIM_ORPHAN_HIGH,2,FORM_NEW_CLUST,3.41616
rl3.1,cenario2_tempo_aleatorio/180-600s_10percent,33,3,SIM_BOTH_MEDIUM,0,DO_NOT_ALLOC,0.0
rl3.1,cenario2_tempo_aleatorio/180-600s_10percent,33,3,SIM_BOTH_MEDIUM,1,REALLOC_EXIST,0.0
rl3.1,cenario2_tempo_aleatorio/180-600s_10percent,33,3,SIM_BOTH_MEDIUM,2,FORM_NEW_CLUST,0.0
rl3.1,cenario2_tempo_aleatorio/180-600s_10percent,34,0,SIM_BOTH_HIGH,0,DO_NOT_ALLOC,92.6485
rl3.1,cenario2_tempo_aleatorio/180-600s_10percent,34,0,SIM_BOTH_HIGH,1,REALLOC_EXIST,90.7825
rl3.1,cenario2_tempo_aleatorio/180-600s_10percent,34,0,SIM_BOTH_HIGH,2,FORM_NEW_CLUST,128.239
rl3.1,cenario2_tempo_aleatorio/180-600s_10percent,34,1,SIM_EXISTING_HIGH,0,DO_NOT_ALLOC,0.0
rl3.1,cenario2_tempo_aleatorio/180-600s_10percent,34,1,SIM_EXISTING_HIGH,1,REALLOC_EXIST,0.0
rl3.1,cenario2_tempo_aleatorio/180-600s_10percent,34,1,SIM_EXISTING_HIGH,2,FORM_NEW_CLUST,0.0
rl3.1,cenario2_tempo_aleatorio/180-600s_10percent,34,2,SIM_ORPHAN_HIGH,0,DO_NOT_ALLOC,2.09792
rl3.1,cenario2_tempo_aleatorio/180-600s_10percent,34,2,SIM_ORPHAN_HIGH,1,REALLOC_EXIST,25.1439
rl3.1,cenario2_tempo_aleatorio/180-600s_10percent,34,2,SIM_ORPHAN_HIGH,2,FORM_NEW_CLUST,3.41616
rl3.1,cenario2_tempo_aleatorio/180-600s_10percent,34,3,SIM_BOTH_MEDIUM,0,DO_NOT_ALLOC,0.0
rl3.1,cenario2_tempo_aleatorio/180-600s_10percent,34,3,SIM_BOTH_MEDIUM,1,REALLOC_EXIST,0.0
rl3.1,cenario2_tempo_aleatorio/180-600s_10percent,34,3,SIM_BOTH_MEDIUM,2,FORM_NEW_CLUST,0.0
rl3.1,cenario2_tempo_aleatorio/180-600s_10percent,35,0,SIM_BOTH_HIGH,0,DO_NOT_ALLOC,92.6485
rl3.1,cenario2_tempo_aleatorio/180-600s_10percent,35,0,SIM_BOTH_HIGH,1,REALLOC_EXIST,90.7825
rl3.1,cenario2_tempo_aleatorio/180-600s_10percent,35,0,SIM_BOTH_HIGH,2,FORM_NEW_CLUST,128.545
rl3.1,cenario2_tempo_aleatorio/180-600s_10percent,35,1,SIM_EXISTING_HIGH,0,DO_NOT_ALLOC,0.0
rl3.1,cenario2_tempo_aleatorio/180-600s_10percent,35,1,SIM_EXISTING_HIGH,1,REALLOC_EXIST,0.0
rl3.1,cenario2_tempo_aleatorio/180-600s_10percent,35,1,SIM_EXISTING_HIGH,2,FORM_NEW_CLUST,0.0
rl3.1,cenario2_tempo_aleatorio/180-600s_10percent,35,2,SIM_ORPHAN_HIGH,0,DO_NOT_ALLOC,2.09792
rl3.1,cenario2_tempo_aleatorio/180-600s_10percent,35,2,SIM_ORPHAN_HIGH,1,REALLOC_EXIST,25.1439
rl3.1,cenario2_tempo_aleatorio/180-600s_10percent,35,2,SIM_ORPHAN_HIGH,2,FORM_NEW_CLUST,3.41616
rl3.1,cenario2_tempo_aleatorio/180-600s_10percent,35,3,SIM_BOTH_MEDIUM,0,DO_NOT_ALLOC,0.0
rl3.1,cenario2_tempo_aleatorio/180-600s_10percent,35,3,SIM_BOTH_MEDIUM,1,REALLOC_EXIST,0.0
rl3.1,cenario2_tempo_aleatorio/180-600s_10percent,35,3,SIM_BOTH_MEDIUM,2,FORM_NEW_CLUST,0.0
rl3.1,cenario2_tempo_aleatorio/180-600s_20percent,1,0,SIM_BOTH_HIGH,0,DO_NOT_ALLOC,-0.076177
rl3.1,cenario2_tempo_aleatorio/180-600s_20percent,1,0,SIM_BOTH_HIGH,1,REALLOC_EXIST,21.4157
rl3.1,cenario2_tempo_aleatorio/180-600s_20percent,1,0,SIM_BOTH_HIGH,2,FORM_NEW_CLUST,0.0
rl3.1,cenario2_tempo_aleatorio/180-600s_20percent,1,1,SIM_EXISTING_HIGH,0,DO_NOT_ALLOC,0.0
rl3.1,cenario2_tempo_aleatorio/180-600s_20percent,1,1,SIM_EXISTING_HIGH,1,REALLOC_EXIST,0.0
rl3.1,cenario2_tempo_aleatorio/180-600s_20percent,1,1,SIM_EXISTING_HIGH,2,FORM_NEW_CLUST,0.0
rl3.1,cenario2_tempo_aleatorio/180-600s_20percent,1,2,SIM_ORPHAN_HIGH,0,DO_NOT_ALLOC,0.0
rl3.1,cenario2_tempo_aleatorio/180-600s_20percent,1,2,SIM_ORPHAN_HIGH,1,REALLOC_EXIST,0.0
rl3.1,cenario2_tempo_aleatorio/180-600s_20percent,1,2,SIM_ORPHAN_HIGH,2,FORM_NEW_CLUST,0.0
rl3.1,cenario2_tempo_aleatorio/180-600s_20percent,1,3,SIM_BOTH_MEDIUM,0,DO_NOT_ALLOC,0.0
rl3.1,cenario2_tempo_aleatorio/180-600s_20percent,1,3,SIM_BOTH_MEDIUM,1,REALLOC_EXIST,0.0
rl3.1,cenario2_tempo_aleatorio/180-600s_20percent,1,3,SIM_BOTH_MEDIUM,2,FORM_NEW_CLUST,0.0
rl3.1,cenario2_tempo_aleatorio/180-600s_20percent,2,0,SIM_BOTH_HIGH,0,DO_NOT_ALLOC,1.41733
rl3.1,cenario2_tempo_aleatorio/180-600s_20percent,2,0,SIM_BOTH_HIGH,1,REALLOC_EXIST,37.7937
rl3.1,cenario2_tempo_aleatorio/180-600s_20percent,2,0,SIM_BOTH_HIGH,2,FORM_NEW_CLUST,4.34182
rl3.1,cenario2_tempo_aleatorio/180-600s_20percent,2,1,SIM_EXISTING_HIGH,0,DO_NOT_ALLOC,0.0
rl3.1,cenario2_tempo_aleatorio/180-600s_20percent,2,1,SIM_EXISTING_HIGH,1,REALLOC_EXIST,0.0
rl3.1,cenario2_tempo_aleatorio/180-600s_20percent,2,1,SIM_EXISTING_HIGH,2,FORM_NEW_CLUST,0.0
rl3.1,cenario2_tempo_aleatorio/180-600s_20percent,2,2,SIM_ORPHAN_HIGH,0,DO_NOT_ALLOC,0.0
rl3.1,cenario2_tempo_aleatorio/180-600s_20percent,2,2,SIM_ORPHAN_HIGH,1,REALLOC_EXIST,0.0
rl3.1,cenario2_tempo_aleatorio/180-600s_20percent,2,2,SIM_ORPHAN_HIGH,2,FORM_NEW_CLUST,0.0
rl3.1,cenario2_tempo_aleatorio/180-600s_20percent,2,3,SIM_BOTH_MEDIUM,0,DO_NOT_ALLOC,0.0
rl3.1,cenario2_tempo_aleatorio/180-600s_20percent,2,3,SIM_BOTH_MEDIUM,1,REALLOC_EXIST,0.0
rl3.1,cenario2_tempo_aleatorio/180-600s_20percent,2,3,SIM_BOTH_MEDIUM,2,FORM_NEW_CLUST,0.0
rl3.1,cenario2_tempo_aleatorio/180-600s_20percent,3,0,SIM_BOTH_HIGH,0,DO_NOT_ALLOC,1.41733
rl3.1,cenario2_tempo_aleatorio/180-600s_20percent,3,0,SIM_BOTH_HIGH,1,REALLOC_EXIST,42.2688
rl3.1,cenario2_tempo_aleatorio/180-600s_20percent,3,0,SIM_BOTH_HIGH,2,FORM_NEW_CLUST,8.93445
rl3.1,cenario2_tempo_aleatorio/180-600s_20percent,3,1,SIM_EXISTING_HIGH,0,DO_NOT_ALLOC,0.0
rl3.1,cenario2_tempo_aleatorio/180-600s_20percent,3,1,SIM_EXISTING_HIGH,1,REALLOC_EXIST,0.0
rl3.1,cenario2_tempo_aleatorio/180-600s_20percent,3,1,SIM_EXISTING_HIGH,2,FORM_NEW_CLUST,0.0
rl3.1,cenario2_tempo_aleatorio/180-600s_20percent,3,2,SIM_ORPHAN_HIGH,0,DO_NOT_ALLOC,0.0
rl3.1,cenario2_tempo_aleatorio/180-600s_20percent,3,2,SIM_ORPHAN_HIGH,1,REALLOC_EXIST,0.0
rl3.1,cenario2_tempo_aleatorio/180-600s_20percent,3,2,SIM_ORPHAN_HIGH,2,FORM_NEW_CLUST,0.0
rl3.1,cenario2_tempo_aleatorio/180-600s_20percent,3,3,SIM_BOTH_MEDIUM,0,DO_NOT_ALLOC,0.0
rl3.1,cenario2_tempo_aleatorio/180-600s_20percent,3,3,SIM_BOTH_MEDIUM,1,REALLOC_EXIST,0.0
rl3.1,cenario2_tempo_aleatorio/180-600s_20percent,3,3,SIM_BOTH_MEDIUM,2,FORM_NEW_CLUST,0.0
rl3.1,cenario2_tempo_aleatorio/180-600s_20percent,4,0,SIM_BOTH_HIGH,0,DO_NOT_ALLOC,4.72837
rl3.1,cenario2_tempo_aleatorio/180-600s_20percent,4,0,SIM_BOTH_HIGH,1,REALLOC_EXIST,44.5134
rl3.1,cenario2_tempo_aleatorio/180-600s_20percent,4,0,SIM_BOTH_HIGH,2,FORM_NEW_CLUST,8.93445
rl3.1,cenario2_tempo_aleatorio/180-600s_20percent,4,1,SIM_EXISTING_HIGH,0,DO_NOT_ALLOC,0.0
rl3.1,cenario2_tempo_aleatorio/180-600s_20percent,4,1,SIM_EXISTING_HIGH,1,REALLOC_EXIST,0.0
rl3.1,cenario2_tempo_aleatorio/180-600s_20percent,4,1,SIM_EXISTING_HIGH,2,FORM_NEW_CLUST,0.0
rl3.1,cenario2_tempo_aleatorio/180-600s_20percent,4,2,SIM_ORPHAN_HIGH,0,DO_NOT_ALLOC,-0.5
rl3.1,cenario2_tempo_aleatorio/180-600s_20percent,4,2,SIM_ORPHAN_HIGH,1,REALLOC_EXIST,3.06008
rl3.1,cenario2_tempo_aleatorio/180-600s_20percent,4,2,SIM_ORPHAN_HIGH,2,FORM_NEW_CLUST,0.0
rl3.1,cenario2_tempo_aleatorio/180-600s_20percent,4,3,SIM_BOTH_MEDIUM,0,DO_NOT_ALLOC,0.0
rl3.1,cenario2_tempo_aleatorio/180-600s_20percent,4,3,SIM_BOTH_MEDIUM,1,REALLOC_EXIST,0.0
rl3.1,cenario2_tempo_aleatorio/180-600s_20percent,4,3,SIM_BOTH_MEDIUM,2,FORM_NEW_CLUST,0.0
rl3.1,cenario2_tempo_aleatorio/180-600s_20percent,5,0,SIM_BOTH_HIGH,0,DO_NOT_ALLOC,4.72837
rl3.1,cenario2_tempo_aleatorio/180-600s_20percent,5,0,SIM_BOTH_HIGH,1,REALLOC_EXIST,47.0524
rl3.1,cenario2_tempo_aleatorio/180-600s_20percent,5,0,SIM_BOTH_HIGH,2,FORM_NEW_CLUST,8.93445
rl3.1,cenario2_tempo_aleatorio/180-600s_20percent,5,1,SIM_EXISTING_HIGH,0,DO_NOT_ALLOC,0.0
rl3.1,cenario2_tempo_aleatorio/180-600s_20percent,5,1,SIM_EXISTING_HIGH,1,REALLOC_EXIST,0.0
rl3.1,cenario2_tempo_aleatorio/180-600s_20percent,5,1,SIM_EXISTING_HIGH,2,FORM_NEW_CLUST,0.0
rl3.1,cenario2_tempo_aleatorio/180-600s_20percent,5,2,SIM_ORPHAN_HIGH,0,DO_NOT_ALLOC,-0.5
rl3.1,cenario2_tempo_aleatorio/180-600s_20percent,5,2,SIM_ORPHAN_HIGH,1,REALLOC_EXIST,7.38159
rl3.1,cenario2_tempo_aleatorio/180-600s_20percent,5,2,SIM_ORPHAN_HIGH,2,FORM_NEW_CLUST,3.32997
rl3.1,cenario2_tempo_aleatorio/180-600s_20percent,5,3,SIM_BOTH_MEDIUM,0,DO_NOT_ALLOC,0.0
rl3.1,cenario2_tempo_aleatorio/180-600s_20percent,5,3,SIM_BOTH_MEDIUM,1,REALLOC_EXIST,0.0
rl3.1,cenario2_tempo_aleatorio/180-600s_20percent,5,3,SIM_BOTH_MEDIUM,2,FORM_NEW_CLUST,0.0
rl3.1,cenario2_tempo_aleatorio/180-600s_20percent,6,0,SIM_BOTH_HIGH,0,DO_NOT_ALLOC,11.0636
rl3.1,cenario2_tempo_aleatorio/180-600s_20percent,6,0,SIM_BOTH_HIGH,1,REALLOC_EXIST,48.9298
rl3.1,cenario2_tempo_aleatorio/180-600s_20percent,6,0,SIM_BOTH_HIGH,2,FORM_NEW_CLUST,8.93445
rl3.1,cenario2_tempo_aleatorio/180-600s_20percent,6,1,SIM_EXISTING_HIGH,0,DO_NOT_ALLOC,0.0
rl3.1,cenario2_tempo_aleatorio/180-600s_20percent,6,1,SIM_EXISTING_HIGH,1,REALLOC_EXIST,0.0
rl3.1,cenario2_tempo_aleatorio/180-600s_20percent,6,1,SIM_EXISTING_HIGH,2,FORM_NEW_CLUST,0.0
rl3.1,cenario2_tempo_aleatorio/180-600s_20percent,6,2,SIM_ORPHAN_HIGH,0,DO_NOT_ALLOC,0.00391
rl3.1,cenario2_tempo_aleatorio/180-600s_20percent,6,2,SIM_ORPHAN_HIGH,1,REALLOC_EXIST,11.8414
rl3.1,cenario2_tempo_aleatorio/180-600s_20percent,6,2,SIM_ORPHAN_HIGH,2,FORM_NEW_CLUST,4.59413
rl3.1,cenario2_tempo_aleatorio/180-600s_20percent,6,3,SIM_BOTH_MEDIUM,0,DO_NOT_ALLOC,0.0
rl3.1,cenario2_tempo_aleatorio/180-600s_20percent,6,3,SIM_BOTH_MEDIUM,1,REALLOC_EXIST,0.0
rl3.1,cenario2_tempo_aleatorio/180-600s_20percent,6,3,SIM_BOTH_MEDIUM,2,FORM_NEW_CLUST,0.0
rl3.1,cenario2_tempo_aleatorio/180-600s_20percent,7,0,SIM_BOTH_HIGH,0,DO_NOT_ALLOC,11.0636
rl3.1,cenario2_tempo_aleatorio/180-600s_20percent,7,0,SIM_BOTH_HIGH,1,REALLOC_EXIST,49.7364
rl3.1,cenario2_tempo_aleatorio/180-600s_20percent,7,0,SIM_BOTH_HIGH,2,FORM_NEW_CLUST,8.93445
rl3.1,cenario2_tempo_aleatorio/180-600s_20percent,7,1,SIM_EXISTING_HIGH,0,DO_NOT_ALLOC,0.0
rl3.1,cenario2_tempo_aleatorio/180-600s_20percent,7,1,SIM_EXISTING_HIGH,1,REALLOC_EXIST,0.0
rl3.1,cenario2_tempo_aleatorio/180-600s_20percent,7,1,SIM_EXISTING_HIGH,2,FORM_NEW_CLUST,0.0
rl3.1,cenario2_tempo_aleatorio/180-600s_20percent,7,2,SIM_ORPHAN_HIGH,0,DO_NOT_ALLOC,0.00391
rl3.1,cenario2_tempo_aleatorio/180-600s_20percent,7,2,SIM_ORPHAN_HIGH,1,REALLOC_EXIST,11.8414
rl3.1,cenario2_tempo_aleatorio/180-600s_20percent,7,2,SIM_ORPHAN_HIGH,2,FORM_NEW_CLUST,4.59413
rl3.1,cenario2_tempo_aleatorio/180-600s_20percent,7,3,SIM_BOTH_MEDIUM,0,DO_NOT_ALLOC,0.0
rl3.1,cenario2_tempo_aleatorio/180-600s_20percent,7,3,SIM_BOTH_MEDIUM,1,REALLOC_EXIST,0.0
rl3.1,cenario2_tempo_aleatorio/180-600s_20percent,7,3,SIM_BOTH_MEDIUM,2,FORM_NEW_CLUST,0.0
rl3.1,cenario2_tempo_aleatorio/180-600s_20percent,8,0,SIM_BOTH_HIGH,0,DO_NOT_ALLOC,14.4738
rl3.1,cenario2_tempo_aleatorio/180-600s_20percent,8,0,SIM_BOTH_HIGH,1,REALLOC_EXIST,57.8379
rl3.1,cenario2_tempo_aleatorio/180-600s_20percent,8,0,SIM_BOTH_HIGH,2,FORM_NEW_CLUST,8.93445
rl3.1,cenario2_tempo_aleatorio/180-600s_20percent,8,1,SIM_EXISTING_HIGH,0,DO_NOT_ALLOC,0.0
rl3.1,cenario2_tempo_aleatorio/180-600s_20percent,8,1,SIM_EXISTING_HIGH,1,REALLOC_EXIST,0.0
rl3.1,cenario2_tempo_aleatorio/180-600s_20percent,8,1,SIM_EXISTING_HIGH,2,FORM_NEW_CLUST,0.0
rl3.1,cenario2_tempo_aleatorio/180-600s_20percent,8,2,SIM_ORPHAN_HIGH,0,DO_NOT_ALLOC,0.00391
rl3.1,cenario2_tempo_aleatorio/180-600s_20percent,8,2,SIM_ORPHAN_HIGH,1,REALLOC_EXIST,11.8414
rl3.1,cenario2_tempo_aleatorio/180-600s_20percent,8,2,SIM_ORPHAN_HIGH,2,FORM_NEW_CLUST,4.59413
rl3.1,cenario2_tempo_aleatorio/180-600s_20percent,8,3,SIM_BOTH_MEDIUM,0,DO_NOT_ALLOC,0.0
rl3.1,cenario2_tempo_aleatorio/180-600s_20percent,8,3,SIM_BOTH_MEDIUM,1,REALLOC_EXIST,0.0
rl3.1,cenario2_tempo_aleatorio/180-600s_20percent,8,3,SIM_BOTH_MEDIUM,2,FORM_NEW_CLUST,0.0
rl3.1,cenario2_tempo_aleatorio/180-600s_20percent,9,0,SIM_BOTH_HIGH,0,DO_NOT_ALLOC,20.5627
rl3.1,cenario2_tempo_aleatorio/180-600s_20percent,9,0,SIM_BOTH_HIGH,1,REALLOC_EXIST,57.0294
rl3.1,cenario2_tempo_aleatorio/180-600s_20percent,9,0,SIM_BOTH_HIGH,2,FORM_NEW_CLUST,19.5214
rl3.1,cenario2_tempo_aleatorio/180-600s_20percent,9,1,SIM_EXISTING_HIGH,0,DO_NOT_ALLOC,0.0
rl3.1,cenario2_tempo_aleatorio/180-600s_20percent,9,1,SIM_EXISTING_HIGH,1,REALLOC_EXIST,0.0
rl3.1,cenario2_tempo_aleatorio/180-600s_20percent,9,1,SIM_EXISTING_HIGH,2,FORM_NEW_CLUST,0.0
rl3.1,cenario2_tempo_aleatorio/180-600s_20percent,9,2,SIM_ORPHAN_HIGH,0,DO_NOT_ALLOC,0.00391
rl3.1,cenario2_tempo_aleatorio/180-600s_20percent,9,2,SIM_ORPHAN_HIGH,1,REALLOC_EXIST,11.8414
rl3.1,cenario2_tempo_aleatorio/180-600s_20percent,9,2,SIM_ORPHAN_HIGH,2,FORM_NEW_CLUST,4.59413
rl3.1,cenario2_tempo_aleatorio/180-600s_20percent,9,3,SIM_BOTH_MEDIUM,0,DO_NOT_ALLOC,0.0
rl3.1,cenario2_tempo_aleatorio/180-600s_20percent,9,3,SIM_BOTH_MEDIUM,1,REALLOC_EXIST,0.0
rl3.1,cenario2_tempo_aleatorio/180-600s_20percent,9,3,SIM_BOTH_MEDIUM,2,FORM_NEW_CLUST,0.0
rl3.1,cenario2_tempo_aleatorio/180-600s_20percent,10,0,SIM_BOTH_HIGH,0,DO_NOT_ALLOC,20.5627
rl3.1,cenario2_tempo_aleatorio/180-600s_20percent,10,0,SIM_BOTH_HIGH,1,REALLOC_EXIST,57.0294
rl3.1,cenario2_tempo_aleatorio/180-600s_20percent,10,0,SIM_BOTH_HIGH,2,FORM_NEW_CLUST,19.5214
rl3.1,cenario2_tempo_aleatorio/180-600s_20percent,10,1,SIM_EXISTING_HIGH,0,DO_NOT_ALLOC,0.0
rl3.1,cenario2_tempo_aleatorio/180-600s_20percent,10,1,SIM_EXISTING_HIGH,1,REALLOC_EXIST,0.0
rl3.1,cenario2_tempo_aleatorio/180-600s_20percent,10,1,SIM_EXISTING_HIGH,2,FORM_NEW_CLUST,0.0
rl3.1,cenario2_tempo_aleatorio/180-600s_20percent,10,2,SIM_ORPHAN_HIGH,0,DO_NOT_ALLOC,0.00391
rl3.1,cenario2_tempo_aleatorio/180-600s_20percent,10,2,SIM_ORPHAN_HIGH,1,REALLOC_EXIST,19.4807
rl3.1,cenario2_tempo_aleatorio/180-600s_20percent,10,2,SIM_ORPHAN_HIGH,2,FORM_NEW_CLUST,6.5393
rl3.1,cenario2_tempo_aleatorio/180-600s_20percent,10,3,SIM_BOTH_MEDIUM,0,DO_NOT_ALLOC,0.0
rl3.1,cenario2_tempo_aleatorio/180-600s_20percent,10,3,SIM_BOTH_MEDIUM,1,REALLOC_EXIST,0.0
rl3.1,cenario2_tempo_aleatorio/180-600s_20percent,10,3,SIM_BOTH_MEDIUM,2,FORM_NEW_CLUST,0.0
rl3.1,cenario2_tempo_aleatorio/180-600s_20percent,11,0,SIM_BOTH_HIGH,0,DO_NOT_ALLOC,23.126
rl3.1,cenario2_tempo_aleatorio/180-600s_20percent,11,0,SIM_BOTH_HIGH,1,REALLOC_EXIST,58.8029
rl3.1,cenario2_tempo_aleatorio/180-600s_20percent,11,0,SIM_BOTH_HIGH,2,FORM_NEW_CLUST,27.9706
rl3.1,cenario2_tempo_aleatorio/180-600s_20percent,11,1,SIM_EXISTING_HIGH,0,DO_NOT_ALLOC,0.0
rl3.1,cenario2_tempo_aleatorio/180-600s_20percent,11,1,SIM_EXISTING_HIGH,1,REALLOC_EXIST,0.0
rl3.1,cenario2_tempo_aleatorio/180-600s_20percent,11,1,SIM_EXISTING_HIGH,2,FORM_NEW_CLUST,0.0
rl3.1,cenario2_tempo_aleatorio/180-600s_20percent,11,2,SIM_ORPHAN_HIGH,0,DO_NOT_ALLOC,0.00391
rl3.1,cenario2_tempo_aleatorio/180-600s_20percent,11,2,SIM_ORPHAN_HIGH,1,REALLOC_EXIST,19.4807
rl3.1,cenario2_tempo_aleatorio/180-600s_20percent,11,2,SIM_ORPHAN_HIGH,2,FORM_NEW_CLUST,6.5393
rl3.1,cenario2_tempo_aleatorio/180-600s_20percent,11,3,SIM_BOTH_MEDIUM,0,DO_NOT_ALLOC,0.0
rl3.1,cenario2_tempo_aleatorio/180-600s_20percent,11,3,SIM_BOTH_MEDIUM,1,REALLOC_EXIST,0.0
rl3.1,cenario2_tempo_aleatorio/180-600s_20percent,11,3,SIM_BOTH_MEDIUM,2,FORM_NEW_CLUST,0.0
rl3.1,cenario2_tempo_aleatorio/180-600s_20percent,12,0,SIM_BOTH_HIGH,0,DO_NOT_ALLOC,35.1466
rl3.1,cenario2_tempo_aleatorio/180-600s_20percent,12,0,SIM_BOTH_HIGH,1,REALLOC_EXIST,61.954
rl3.1,cenario2_tempo_aleatorio/180-600s_20percent,12,0,SIM_BOTH_HIGH,2,FORM_NEW_CLUST,31.6744
rl3.1,cenario2_tempo_aleatorio/180-600s_20percent,12,1,SIM_EXISTING_HIGH,0,DO_NOT_ALLOC,0.0
rl3.1,cenario2_tempo_aleatorio/180-600s_20percent,12,1,SIM_EXISTING_HIGH,1,REALLOC_EXIST,0.0
rl3.1,cenario2_tempo_aleatorio/180-600s_20percent,12,1,SIM_EXISTING_HIGH,2,FORM_NEW_CLUST,0.0
rl3.1,cenario2_tempo_aleatorio/180-600s_20percent,12,2,SIM_ORPHAN_HIGH,0,DO_NOT_ALLOC,0.00391
rl3.1,cenario2_tempo_aleatorio/180-600s_20percent,12,2,SIM_ORPHAN_HIGH,1,REALLOC_EXIST,19.4807
rl3.1,cenario2_tempo_aleatorio/180-600s_20percent,12,2,SIM_ORPHAN_HIGH,2,FORM_NEW_CLUST,6.5393
rl3.1,cenario2_tempo_aleatorio/180-600s_20percent,12,3,SIM_BOTH_MEDIUM,0,DO_NOT_ALLOC,0.0
rl3.1,cenario2_tempo_aleatorio/180-600s_20percent,12,3,SIM_BOTH_MEDIUM,1,REALLOC_EXIST,0.0
rl3.1,cenario2_tempo_aleatorio/180-600s_20percent,12,3,SIM_BOTH_MEDIUM,2,FORM_NEW_CLUST,0.0
rl3.1,cenario2_tempo_aleatorio/180-600s_20percent,13,0,SIM_BOTH_HIGH,0,DO_NOT_ALLOC,38.0918
rl3.1,cenario2_tempo_aleatorio/180-600s_20percent,13,0,SIM_BOTH_HIGH,1,REALLOC_EXIST,61.0578
rl3.1,cenario2_tempo_aleatorio/180-600s_20percent,13,0,SIM_BOTH_HIGH,2,FORM_NEW_CLUST,35.3828
rl3.1,cenario2_tempo_aleatorio/180-600s_20percent,13,1,SIM_EXISTING_HIGH,0,DO_NOT_ALLOC,0.0
rl3.1,cenario2_tempo_aleatorio/180-600s_20percent,13,1,SIM_EXISTING_HIGH,1,REALLOC_EXIST,0.0
rl3.1,cenario2_tempo_aleatorio/180-600s_20percent,13,1,SIM_EXISTING_HIGH,2,FORM_NEW_CLUST,0.0
rl3.1,cenario2_tempo_aleatorio/180-600s_20percent,13,2,SIM_ORPHAN_HIGH,0,DO_NOT_ALLOC,0.00391
rl3.1,cenario2_tempo_aleatorio/180-600s_20percent,13,2,SIM_ORPHAN_HIGH,1,REALLOC_EXIST,19.4807
rl3.1,cenario2_tempo_aleatorio/180-600s_20percent,13,2,SIM_ORPHAN_HIGH,2,FORM_NEW_CLUST,6.5393
rl3.1,cenario2_tempo_aleatorio/180-600s_20percent,13,3,SIM_BOTH_MEDIUM,0,DO_NOT_ALLOC,0.0
rl3.1,cenario2_tempo_aleatorio/180-600s_20percent,13,3,SIM_BOTH_MEDIUM,1,REALLOC_EXIST,0.0
rl3.1,cenario2_tempo_aleatorio/180-600s_20percent,13,3,SIM_BOTH_MEDIUM,2,FORM_NEW_CLUST,0.0
rl3.1,cenario2_tempo_aleatorio/180-600s_20percent,14,0,SIM_BOTH_HIGH,0,DO_NOT_ALLOC,38.0918
rl3.1,cenario2_tempo_aleatorio/180-600s_20percent,14,0,SIM_BOTH_HIGH,1,REALLOC_EXIST,59.6708
rl3.1,cenario2_tempo_aleatorio/180-600s_20percent,14,0,SIM_BOTH_HIGH,2,FORM_NEW_CLUST,41.4892
rl3.1,cenario2_tempo_aleatorio/180-600s_20percent,14,1,SIM_EXISTING_HIGH,0,DO_NOT_ALLOC,0.0
rl3.1,cenario2_tempo_aleatorio/180-600s_20percent,14,1,SIM_EXISTING_HIGH,1,REALLOC_EXIST,0.0
rl3.1,cenario2_tempo_aleatorio/180-600s_20percent,14,1,SIM_EXISTING_HIGH,2,FORM_NEW_CLUST,0.0
rl3.1,cenario2_tempo_aleatorio/180-600s_20percent,14,2,SIM_ORPHAN_HIGH,0,DO_NOT_ALLOC,0.00391
rl3.1,cenario2_tempo_aleatorio/180-600s_20percent,14,2,SIM_ORPHAN_HIGH,1,REALLOC_EXIST,19.4807
rl3.1,cenario2_tempo_aleatorio/180-600s_20percent,14,2,SIM_ORPHAN_HIGH,2,FORM_NEW_CLUST,6.5393
rl3.1,cenario2_tempo_aleatorio/180-600s_20percent,14,3,SIM_BOTH_MEDIUM,0,DO_NOT_ALLOC,0.0
rl3.1,cenario2_tempo_aleatorio/180-600s_20percent,14,3,SIM_BOTH_MEDIUM,1,REALLOC_EXIST,0.0
rl3.1,cenario2_tempo_aleatorio/180-600s_20percent,14,3,SIM_BOTH_MEDIUM,2,FORM_NEW_CLUST,0.0
rl3.1,cenario2_tempo_aleatorio/180-600s_20percent,15,0,SIM_BOTH_HIGH,0,DO_NOT_ALLOC,39.4862
rl3.1,cenario2_tempo_aleatorio/180-600s_20percent,15,0,SIM_BOTH_HIGH,1,REALLOC_EXIST,67.8237
rl3.1,cenario2_tempo_aleatorio/180-600s_20percent,15,0,SIM_BOTH_HIGH,2,FORM_NEW_CLUST,44.1689
rl3.1,cenario2_tempo_aleatorio/180-600s_20percent,15,1,SIM_EXISTING_HIGH,0,DO_NOT_ALLOC,0.0
rl3.1,cenario2_tempo_aleatorio/180-600s_20percent,15,1,SIM_EXISTING_HIGH,1,REALLOC_EXIST,0.0
rl3.1,cenario2_tempo_aleatorio/180-600s_20percent,15,1,SIM_EXISTING_HIGH,2,FORM_NEW_CLUST,0.0
rl3.1,cenario2_tempo_aleatorio/180-600s_20percent,15,2,SIM_ORPHAN_HIGH,0,DO_NOT_ALLOC,0.00391
rl3.1,cenario2_tempo_aleatorio/180-600s_20percent,15,2,SIM_ORPHAN_HIGH,1,REALLOC_EXIST,19.4807
rl3.1,cenario2_tempo_aleatorio/180-600s_20percent,15,2,SIM_ORPHAN_HIGH,2,FORM_NEW_CLUST,6.5393
rl3.1,cenario2_tempo_aleatorio/180-600s_20percent,15,3,SIM_BOTH_MEDIUM,0,DO_NOT_ALLOC,0.0
rl3.1,cenario2_tempo_aleatorio/180-600s_20percent,15,3,SIM_BOTH_MEDIUM,1,REALLOC_EXIST,0.0
rl3.1,cenario2_tempo_aleatorio/180-600s_20percent,15,3,SIM_BOTH_MEDIUM,2,FORM_NEW_CLUST,0.0
rl3.1,cenario2_tempo_aleatorio/180-600s_20percent,16,0,SIM_BOTH_HIGH,0,DO_NOT_ALLOC,45.662
rl3.1,cenario2_tempo_aleatorio/180-600s_20percent,16,0,SIM_BOTH_HIGH,1,REALLOC_EXIST,65.0945
rl3.1,cenario2_tempo_aleatorio/180-600s_20percent,16,0,SIM_BOTH_HIGH,2,FORM_NEW_CLUST,46.9936
rl3.1,cenario2_tempo_aleatorio/180-600s_20percent,16,1,SIM_EXISTING_HIGH,0,DO_NOT_ALLOC,0.0
rl3.1,cenario2_tempo_aleatorio/180-600s_20percent,16,1,SIM_EXISTING_HIGH,1,REALLOC_EXIST,0.0
rl3.1,cenario2_tempo_aleatorio/180-600s_20percent,16,1,SIM_EXISTING_HIGH,2,FORM_NEW_CLUST,0.0
rl3.1,cenario2_tempo_aleatorio/180-600s_20percent,16,2,SIM_ORPHAN_HIGH,0,DO_NOT_ALLOC,0.00391
rl3.1,cenario2_tempo_aleatorio/180-600s_20percent,16,2,SIM_ORPHAN_HIGH,1,REALLOC_EXIST,19.4807
rl3.1,cenario2_tempo_aleatorio/180-600s_20percent,16,2,SIM_ORPHAN_HIGH,2,FORM_NEW_CLUST,6.5393
rl3.1,cenario2_tempo_aleatorio/180-600s_20percent,16,3,SIM_BOTH_MEDIUM,0,DO_NOT_ALLOC,0.0
rl3.1,cenario2_tempo_aleatorio/180-600s_20percent,16,3,SIM_BOTH_MEDIUM,1,REALLOC_EXIST,0.0
rl3.1,cenario2_tempo_aleatorio/180-600s_20percent,16,3,SIM_BOTH_MEDIUM,2,FORM_NEW_CLUST,0.0
rl3.1,cenario2_tempo_aleatorio/180-600s_20percent,17,0,SIM_BOTH_HIGH,0,DO_NOT_ALLOC,46.7312
rl3.1,cenario2_tempo_aleatorio/180-600s_20percent,17,0,SIM_BOTH_HIGH,1,REALLOC_EXIST,68.5221
rl3.1,cenario2_tempo_aleatorio/180-600s_20percent,17,0,SIM_BOTH_HIGH,2,FORM_NEW_CLUST,46.9936
rl3.1,cenario2_tempo_aleatorio/180-600s_20percent,17,1,SIM_EXISTING_HIGH,0,DO_NOT_ALLOC,0.0
rl3.1,cenario2_tempo_aleatorio/180-600s_20percent,17,1,SIM_EXISTING_HIGH,1,REALLOC_EXIST,0.0
rl3.1,cenario2_tempo_aleatorio/180-600s_20percent,17,1,SIM_EXISTING_HIGH,2,FORM_NEW_CLUST,0.0
rl3.1,cenario2_tempo_aleatorio/180-600s_20percent,17,2,SIM_ORPHAN_HIGH,0,DO_NOT_ALLOC,0.00391
rl3.1,cenario2_tempo_aleatorio/180-600s_20percent,17,2,SIM_ORPHAN_HIGH,1,REALLOC_EXIST,19.4807
rl3.1,cenario2_tempo_aleatorio/180-600s_20percent,17,2,SIM_ORPHAN_HIGH,2,FORM_NEW_CLUST,6.5393
rl3.1,cenario2_tempo_aleatorio/180-600s_20percent,17,3,SIM_BOTH_MEDIUM,0,DO_NOT_ALLOC,0.0
rl3.1,cenario2_tempo_aleatorio/180-600s_20percent,17,3,SIM_BOTH_MEDIUM,1,REALLOC_EXIST,0.0
rl3.1,cenario2_tempo_aleatorio/180-600s_20percent,17,3,SIM_BOTH_MEDIUM,2,FORM_NEW_CLUST,0.0
rl3.1,cenario2_tempo_aleatorio/180-600s_20percent,18,0,SIM_BOTH_HIGH,0,DO_NOT_ALLOC,47.6698
rl3.1,cenario2_tempo_aleatorio/180-600s_20percent,18,0,SIM_BOTH_HIGH,1,REALLOC_EXIST,69.0637
rl3.1,cenario2_tempo_aleatorio/180-600s_20percent,18,0,SIM_BOTH_HIGH,2,FORM_NEW_CLUST,49.6029
rl3.1,cenario2_tempo_aleatorio/180-600s_20percent,18,1,SIM_EXISTING_HIGH,0,DO_NOT_ALLOC,0.0
rl3.1,cenario2_tempo_aleatorio/180-600s_20percent,18,1,SIM_EXISTING_HIGH,1,REALLOC_EXIST,0.0
rl3.1,cenario2_tempo_aleatorio/180-600s_20percent,18,1,SIM_EXISTING_HIGH,2,FORM_NEW_CLUST,0.0
rl3.1,cenario2_tempo_aleatorio/180-600s_20percent,18,2,SIM_ORPHAN_HIGH,0,DO_NOT_ALLOC,0.00391
rl3.1,cenario2_tempo_aleatorio/180-600s_20percent,18,2,SIM_ORPHAN_HIGH,1,REALLOC_EXIST,19.4807
rl3.1,cenario2_tempo_aleatorio/180-600s_20percent,18,2,SIM_ORPHAN_HIGH,2,FORM_NEW_CLUST,6.5393
rl3.1,cenario2_tempo_aleatorio/180-600s_20percent,18,3,SIM_BOTH_MEDIUM,0,DO_NOT_ALLOC,0.0
rl3.1,cenario2_tempo_aleatorio/180-600s_20percent,18,3,SIM_BOTH_MEDIUM,1,REALLOC_EXIST,0.0
rl3.1,cenario2_tempo_aleatorio/180-600s_20percent,18,3,SIM_BOTH_MEDIUM,2,FORM_NEW_CLUST,0.0
rl3.1,cenario2_tempo_aleatorio/180-600s_20percent,19,0,SIM_BOTH_HIGH,0,DO_NOT_ALLOC,48.6573
rl3.1,cenario2_tempo_aleatorio/180-600s_20percent,19,0,SIM_BOTH_HIGH,1,REALLOC_EXIST,70.9648
rl3.1,cenario2_tempo_aleatorio/180-600s_20percent,19,0,SIM_BOTH_HIGH,2,FORM_NEW_CLUST,52.1971
rl3.1,cenario2_tempo_aleatorio/180-600s_20percent,19,1,SIM_EXISTING_HIGH,0,DO_NOT_ALLOC,0.0
rl3.1,cenario2_tempo_aleatorio/180-600s_20percent,19,1,SIM_EXISTING_HIGH,1,REALLOC_EXIST,0.0
rl3.1,cenario2_tempo_aleatorio/180-600s_20percent,19,1,SIM_EXISTING_HIGH,2,FORM_NEW_CLUST,0.0
rl3.1,cenario2_tempo_aleatorio/180-600s_20percent,19,2,SIM_ORPHAN_HIGH,0,DO_NOT_ALLOC,0.00391
rl3.1,cenario2_tempo_aleatorio/180-600s_20percent,19,2,SIM_ORPHAN_HIGH,1,REALLOC_EXIST,19.4807
rl3.1,cenario2_tempo_aleatorio/180-600s_20percent,19,2,SIM_ORPHAN_HIGH,2,FORM_NEW_CLUST,6.5393
rl3.1,cenario2_tempo_aleatorio/180-600s_20percent,19,3,SIM_BOTH_MEDIUM,0,DO_NOT_ALLOC,0.0
rl3.1,cenario2_tempo_aleatorio/180-600s_20percent,19,3,SIM_BOTH_MEDIUM,1,REALLOC_EXIST,0.0
rl3.1,cenario2_tempo_aleatorio/180-600s_20percent,19,3,SIM_BOTH_MEDIUM,2,FORM_NEW_CLUST,0.0
rl3.1,cenario2_tempo_aleatorio/180-600s_20percent,20,0,SIM_BOTH_HIGH,0,DO_NOT_ALLOC,48.6573
rl3.1,cenario2_tempo_aleatorio/180-600s_20percent,20,0,SIM_BOTH_HIGH,1,REALLOC_EXIST,67.477
rl3.1,cenario2_tempo_aleatorio/180-600s_20percent,20,0,SIM_BOTH_HIGH,2,FORM_NEW_CLUST,54.3873
rl3.1,cenario2_tempo_aleatorio/180-600s_20percent,20,1,SIM_EXISTING_HIGH,0,DO_NOT_ALLOC,0.0
rl3.1,cenario2_tempo_aleatorio/180-600s_20percent,20,1,SIM_EXISTING_HIGH,1,REALLOC_EXIST,0.0
rl3.1,cenario2_tempo_aleatorio/180-600s_20percent,20,1,SIM_EXISTING_HIGH,2,FORM_NEW_CLUST,0.0
rl3.1,cenario2_tempo_aleatorio/180-600s_20percent,20,2,SIM_ORPHAN_HIGH,0,DO_NOT_ALLOC,0.00391
rl3.1,cenario2_tempo_aleatorio/180-600s_20percent,20,2,SIM_ORPHAN_HIGH,1,REALLOC_EXIST,19.4807
rl3.1,cenario2_tempo_aleatorio/180-600s_20percent,20,2,SIM_ORPHAN_HIGH,2,FORM_NEW_CLUST,6.5393
rl3.1,cenario2_tempo_aleatorio/180-600s_20percent,20,3,SIM_BOTH_MEDIUM,0,DO_NOT_ALLOC,0.0
rl3.1,cenario2_tempo_aleatorio/180-600s_20percent,20,3,SIM_BOTH_MEDIUM,1,REALLOC_EXIST,0.0
rl3.1,cenario2_tempo_aleatorio/180-600s_20percent,20,3,SIM_BOTH_MEDIUM,2,FORM_NEW_CLUST,0.0
rl3.1,cenario2_tempo_aleatorio/180-600s_20percent,21,0,SIM_BOTH_HIGH,0,DO_NOT_ALLOC,50.5483
rl3.1,cenario2_tempo_aleatorio/180-600s_20percent,21,0,SIM_BOTH_HIGH,1,REALLOC_EXIST,68.2422
rl3.1,cenario2_tempo_aleatorio/180-600s_20percent,21,0,SIM_BOTH_HIGH,2,FORM_NEW_CLUST,54.3873
rl3.1,cenario2_tempo_aleatorio/180-600s_20percent,21,1,SIM_EXISTING_HIGH,0,DO_NOT_ALLOC,0.0
rl3.1,cenario2_tempo_aleatorio/180-600s_20percent,21,1,SIM_EXISTING_HIGH,1,REALLOC_EXIST,0.0
rl3.1,cenario2_tempo_aleatorio/180-600s_20percent,21,1,SIM_EXISTING_HIGH,2,FORM_NEW_CLUST,0.0
rl3.1,cenario2_tempo_aleatorio/180-600s_20percent,21,2,SIM_ORPHAN_HIGH,0,DO_NOT_ALLOC,0.00391
rl3.1,cenario2_tempo_aleatorio/180-600s_20percent,21,2,SIM_ORPHAN_HIGH,1,REALLOC_EXIST,19.4807
rl3.1,cenario2_tempo_aleatorio/180-600s_20percent,21,2,SIM_ORPHAN_HIGH,2,FORM_NEW_CLUST,6.5393
rl3.1,cenario2_tempo_aleatorio/180-600s_20percent,21,3,SIM_BOTH_MEDIUM,0,DO_NOT_ALLOC,0.0
rl3.1,cenario2_tempo_aleatorio/180-600s_20percent,21,3,SIM_BOTH_MEDIUM,1,REALLOC_EXIST,0.0
rl3.1,cenario2_tempo_aleatorio/180-600s_20percent,21,3,SIM_BOTH_MEDIUM,2,FORM_NEW_CLUST,0.0
rl3.1,cenario2_tempo_aleatorio/180-600s_20percent,22,0,SIM_BOTH_HIGH,0,DO_NOT_ALLOC,52.0945
rl3.1,cenario2_tempo_aleatorio/180-600s_20percent,22,0,SIM_BOTH_HIGH,1,REALLOC_EXIST,68.4502
rl3.1,cenario2_tempo_aleatorio/180-600s_20percent,22,0,SIM_BOTH_HIGH,2,FORM_NEW_CLUST,54.3873
rl3.1,cenario2_tempo_aleatorio/180-600s_20percent,22,1,SIM_EXISTING_HIGH,0,DO_NOT_ALLOC,0.0
rl3.1,cenario2_tempo_aleatorio/180-600s_20percent,22,1,SIM_EXISTING_HIGH,1,REALLOC_EXIST,0.0
rl3.1,cenario2_tempo_aleatorio/180-600s_20percent,22,1,SIM_EXISTING_HIGH,2,FORM_NEW_CLUST,0.0
rl3.1,cenario2_tempo_aleatorio/180-600s_20percent,22,2,SIM_ORPHAN_HIGH,0,DO_NOT_ALLOC,0.00391
rl3.1,cenario2_tempo_aleatorio/180-600s_20percent,22,2,SIM_ORPHAN_HIGH,1,REALLOC_EXIST,19.4807
rl3.1,cenario2_tempo_aleatorio/180-600s_20percent,22,2,SIM_ORPHAN_HIGH,2,FORM_NEW_CLUST,6.5393
rl3.1,cenario2_tempo_aleatorio/180-600s_20percent,22,3,SIM_BOTH_MEDIUM,0,DO_NOT_ALLOC,0.0
rl3.1,cenario2_tempo_aleatorio/180-600s_20percent,22,3,SIM_BOTH_MEDIUM,1,REALLOC_EXIST,0.0
rl3.1,cenario2_tempo_aleatorio/180-600s_20percent,22,3,SIM_BOTH_MEDIUM,2,FORM_NEW_CLUST,0.0
rl3.1,cenario2_tempo_aleatorio/180-600s_20percent,23,0,SIM_BOTH_HIGH,0,DO_NOT_ALLOC,52.0945
rl3.1,cenario2_tempo_aleatorio/180-600s_20percent,23,0,SIM_BOTH_HIGH,1,REALLOC_EXIST,69.8648
rl3.1,cenario2_tempo_aleatorio/180-600s_20percent,23,0,SIM_BOTH_HIGH,2,FORM_NEW_CLUST,54.3873
rl3.1,cenario2_tempo_aleatorio/180-600s_20percent,23,1,SIM_EXISTING_HIGH,0,DO_NOT_ALLOC,0.0
rl3.1,cenario2_tempo_aleatorio/180-600s_20percent,23,1,SIM_EXISTING_HIGH,1,REALLOC_EXIST,0.0
rl3.1,cenario2_tempo_aleatorio/180-600s_20percent,23,1,SIM_EXISTING_HIGH,2,FORM_NEW_CLUST,0.0
rl3.1,cenario2_tempo_aleatorio/180-600s_20percent,23,2,SIM_ORPHAN_HIGH,0,DO_NOT_ALLOC,0.00391
rl3.1,cenario2_tempo_aleatorio/180-600s_20percent,23,2,SIM_ORPHAN_HIGH,1,REALLOC_EXIST,19.4807
rl3.1,cenario2_tempo_aleatorio/180-600s_20percent,23,2,SIM_ORPHAN_HIGH,2,FORM_NEW_CLUST,6.5393
rl3.1,cenario2_tempo_aleatorio/180-600s_20percent,23,3,SIM_BOTH_MEDIUM,0,DO_NOT_ALLOC,0.0
rl3.1,cenario2_tempo_aleatorio/180-600s_20percent,23,3,SIM_BOTH_MEDIUM,1,REALLOC_EXIST,0.0
rl3.1,cenario2_tempo_aleatorio/180-600s_20percent,23,3,SIM_BOTH_MEDIUM,2,FORM_NEW_CLUST,0.0
rl3.1,cenario2_tempo_aleatorio/180-600s_20percent,24,0,SIM_BOTH_HIGH,0,DO_NOT_ALLOC,53.7557
rl3.1,cenario2_tempo_aleatorio/180-600s_20percent,24,0,SIM_BOTH_HIGH,1,REALLOC_EXIST,71.7932
rl3.1,cenario2_tempo_aleatorio/180-600s_20percent,24,0,SIM_BOTH_HIGH,2,FORM_NEW_CLUST,56.6319
rl3.1,cenario2_tempo_aleatorio/180-600s_20percent,24,1,SIM_EXISTING_HIGH,0,DO_NOT_ALLOC,0.0
rl3.1,cenario2_tempo_aleatorio/180-600s_20percent,24,1,SIM_EXISTING_HIGH,1,REALLOC_EXIST,0.0
rl3.1,cenario2_tempo_aleatorio/180-600s_20percent,24,1,SIM_EXISTING_HIGH,2,FORM_NEW_CLUST,0.0
rl3.1,cenario2_tempo_aleatorio/180-600s_20percent,24,2,SIM_ORPHAN_HIGH,0,DO_NOT_ALLOC,0.00391
rl3.1,cenario2_tempo_aleatorio/180-600s_20percent,24,2,SIM_ORPHAN_HIGH,1,REALLOC_EXIST,19.4807
rl3.1,cenario2_tempo_aleatorio/180-600s_20percent,24,2,SIM_ORPHAN_HIGH,2,FORM_NEW_CLUST,6.5393
rl3.1,cenario2_tempo_aleatorio/180-600s_20percent,24,3,SIM_BOTH_MEDIUM,0,DO_NOT_ALLOC,0.0
rl3.1,cenario2_tempo_aleatorio/180-600s_20percent,24,3,SIM_BOTH_MEDIUM,1,REALLOC_EXIST,0.0
rl3.1,cenario2_tempo_aleatorio/180-600s_20percent,24,3,SIM_BOTH_MEDIUM,2,FORM_NEW_CLUST,0.0
rl3.1,cenario2_tempo_aleatorio/180-600s_20percent,25,0,SIM_BOTH_HIGH,0,DO_NOT_ALLOC,53.7557
rl3.1,cenario2_tempo_aleatorio/180-600s_20percent,25,0,SIM_BOTH_HIGH,1,REALLOC_EXIST,66.662
rl3.1,cenario2_tempo_aleatorio/180-600s_20percent,25,0,SIM_BOTH_HIGH,2,FORM_NEW_CLUST,56.6319
rl3.1,cenario2_tempo_aleatorio/180-600s_20percent,25,1,SIM_EXISTING_HIGH,0,DO_NOT_ALLOC,0.0
rl3.1,cenario2_tempo_aleatorio/180-600s_20percent,25,1,SIM_EXISTING_HIGH,1,REALLOC_EXIST,0.0
rl3.1,cenario2_tempo_aleatorio/180-600s_20percent,25,1,SIM_EXISTING_HIGH,2,FORM_NEW_CLUST,0.0
rl3.1,cenario2_tempo_aleatorio/180-600s_20percent,25,2,SIM_ORPHAN_HIGH,0,DO_NOT_ALLOC,0.00391
rl3.1,cenario2_tempo_aleatorio/180-600s_20percent,25,2,SIM_ORPHAN_HIGH,1,REALLOC_EXIST,19.4807
rl3.1,cenario2_tempo_aleatorio/180-600s_20percent,25,2,SIM_ORPHAN_HIGH,2,FORM_NEW_CLUST,6.5393
rl3.1,cenario2_tempo_aleatorio/180-600s_20percent,25,3,SIM_BOTH_MEDIUM,0,DO_NOT_ALLOC,0.0
rl3.1,cenario2_tempo_aleatorio/180-600s_20percent,25,3,SIM_BOTH_MEDIUM,1,REALLOC_EXIST,0.0
rl3.1,cenario2_tempo_aleatorio/180-600s_20percent,25,3,SIM_BOTH_MEDIUM,2,FORM_NEW_CLUST,0.0
rl3.1,cenario2_tempo_aleatorio/180-600s_20percent,26,0,SIM_BOTH_HIGH,0,DO_NOT_ALLOC,53.846
rl3.1,cenario2_tempo_aleatorio/180-600s_20percent,26,0,SIM_BOTH_HIGH,1,REALLOC_EXIST,63.1064
rl3.1,cenario2_tempo_aleatorio/180-600s_20percent,26,0,SIM_BOTH_HIGH,2,FORM_NEW_CLUST,56.6319
rl3.1,cenario2_tempo_aleatorio/180-600s_20percent,26,1,SIM_EXISTING_HIGH,0,DO_NOT_ALLOC,0.0
rl3.1,cenario2_tempo_aleatorio/180-600s_20percent,26,1,SIM_EXISTING_HIGH,1,REALLOC_EXIST,0.0
rl3.1,cenario2_tempo_aleatorio/180-600s_20percent,26,1,SIM_EXISTING_HIGH,2,FORM_NEW_CLUST,0.0
rl3.1,cenario2_tempo_aleatorio/180-600s_20percent,26,2,SIM_ORPHAN_HIGH,0,DO_NOT_ALLOC,1.40476
rl3.1,cenario2_tempo_aleatorio/180-600s_20percent,26,2,SIM_ORPHAN_HIGH,1,REALLOC_EXIST,25.3126
rl3.1,cenario2_tempo_aleatorio/180-600s_20percent,26,2,SIM_ORPHAN_HIGH,2,FORM_NEW_CLUST,6.5393
rl3.1,cenario2_tempo_aleatorio/180-600s_20percent,26,3,SIM_BOTH_MEDIUM,0,DO_NOT_ALLOC,0.0
rl3.1,cenario2_tempo_aleatorio/180-600s_20percent,26,3,SIM_BOTH_MEDIUM,1,REALLOC_EXIST,0.0
rl3.1,cenario2_tempo_aleatorio/180-600s_20percent,26,3,SIM_BOTH_MEDIUM,2,FORM_NEW_CLUST,0.0
rl3.1,cenario2_tempo_aleatorio/180-600s_20percent,27,0,SIM_BOTH_HIGH,0,DO_NOT_ALLOC,53.846
rl3.1,cenario2_tempo_aleatorio/180-600s_20percent,27,0,SIM_BOTH_HIGH,1,REALLOC_EXIST,63.1064
rl3.1,cenario2_tempo_aleatorio/180-600s_20percent,27,0,SIM_BOTH_HIGH,2,FORM_NEW_CLUST,56.6319
rl3.1,cenario2_tempo_aleatorio/180-600s_20percent,27,1,SIM_EXISTING_HIGH,0,DO_NOT_ALLOC,0.0
rl3.1,cenario2_tempo_aleatorio/180-600s_20percent,27,1,SIM_EXISTING_HIGH,1,REALLOC_EXIST,0.0
rl3.1,cenario2_tempo_aleatorio/180-600s_20percent,27,1,SIM_EXISTING_HIGH,2,FORM_NEW_CLUST,0.0
rl3.1,cenario2_tempo_aleatorio/180-600s_20percent,27,2,SIM_ORPHAN_HIGH,0,DO_NOT_ALLOC,1.40476
rl3.1,cenario2_tempo_aleatorio/180-600s_20percent,27,2,SIM_ORPHAN_HIGH,1,REALLOC_EXIST,28.7074
rl3.1,cenario2_tempo_aleatorio/180-600s_20percent,27,2,SIM_ORPHAN_HIGH,2,FORM_NEW_CLUST,9.58576
rl3.1,cenario2_tempo_aleatorio/180-600s_20percent,27,3,SIM_BOTH_MEDIUM,0,DO_NOT_ALLOC,0.0
rl3.1,cenario2_tempo_aleatorio/180-600s_20percent,27,3,SIM_BOTH_MEDIUM,1,REALLOC_EXIST,0.0
rl3.1,cenario2_tempo_aleatorio/180-600s_20percent,27,3,SIM_BOTH_MEDIUM,2,FORM_NEW_CLUST,0.0
rl3.1,cenario2_tempo_aleatorio/180-600s_20percent,28,0,SIM_BOTH_HIGH,0,DO_NOT_ALLOC,53.8137
rl3.1,cenario2_tempo_aleatorio/180-600s_20percent,28,0,SIM_BOTH_HIGH,1,REALLOC_EXIST,67.9962
rl3.1,cenario2_tempo_aleatorio/180-600s_20percent,28,0,SIM_BOTH_HIGH,2,FORM_NEW_CLUST,56.6319
rl3.1,cenario2_tempo_aleatorio/180-600s_20percent,28,1,SIM_EXISTING_HIGH,0,DO_NOT_ALLOC,0.0
rl3.1,cenario2_tempo_aleatorio/180-600s_20percent,28,1,SIM_EXISTING_HIGH,1,REALLOC_EXIST,0.0
rl3.1,cenario2_tempo_aleatorio/180-600s_20percent,28,1,SIM_EXISTING_HIGH,2,FORM_NEW_CLUST,0.0
rl3.1,cenario2_tempo_aleatorio/180-600s_20percent,28,2,SIM_ORPHAN_HIGH,0,DO_NOT_ALLOC,1.40476
rl3.1,cenario2_tempo_aleatorio/180-600s_20percent,28,2,SIM_ORPHAN_HIGH,1,REALLOC_EXIST,28.7074
rl3.1,cenario2_tempo_aleatorio/180-600s_20percent,28,2,SIM_ORPHAN_HIGH,2,FORM_NEW_CLUST,9.58576
rl3.1,cenario2_tempo_aleatorio/180-600s_20percent,28,3,SIM_BOTH_MEDIUM,0,DO_NOT_ALLOC,0.0
rl3.1,cenario2_tempo_aleatorio/180-600s_20percent,28,3,SIM_BOTH_MEDIUM,1,REALLOC_EXIST,0.0
rl3.1,cenario2_tempo_aleatorio/180-600s_20percent,28,3,SIM_BOTH_MEDIUM,2,FORM_NEW_CLUST,0.0
rl3.1,cenario2_tempo_aleatorio/180-600s_20percent,29,0,SIM_BOTH_HIGH,0,DO_NOT_ALLOC,53.8874
rl3.1,cenario2_tempo_aleatorio/180-600s_20percent,29,0,SIM_BOTH_HIGH,1,REALLOC_EXIST,66.1678
rl3.1,cenario2_tempo_aleatorio/180-600s_20percent,29,0,SIM_BOTH_HIGH,2,FORM_NEW_CLUST,56.6319
rl3.1,cenario2_tempo_aleatorio/180-600s_20percent,29,1,SIM_EXISTING_HIGH,0,DO_NOT_ALLOC,0.0
rl3.1,cenario2_tempo_aleatorio/180-600s_20percent,29,1,SIM_EXISTING_HIGH,1,REALLOC_EXIST,0.0
rl3.1,cenario2_tempo_aleatorio/180-600s_20percent,29,1,SIM_EXISTING_HIGH,2,FORM_NEW_CLUST,0.0
rl3.1,cenario2_tempo_aleatorio/180-600s_20percent,29,2,SIM_ORPHAN_HIGH,0,DO_NOT_ALLOC,3.65428
rl3.1,cenario2_tempo_aleatorio/180-600s_20percent,29,2,SIM_ORPHAN_HIGH,1,REALLOC_EXIST,35.5728
rl3.1,cenario2_tempo_aleatorio/180-600s_20percent,29,2,SIM_ORPHAN_HIGH,2,FORM_NEW_CLUST,12.836
rl3.1,cenario2_tempo_aleatorio/180-600s_20percent,29,3,SIM_BOTH_MEDIUM,0,DO_NOT_ALLOC,0.0
rl3.1,cenario2_tempo_aleatorio/180-600s_20percent,29,3,SIM_BOTH_MEDIUM,1,REALLOC_EXIST,0.0
rl3.1,cenario2_tempo_aleatorio/180-600s_20percent,29,3,SIM_BOTH_MEDIUM,2,FORM_NEW_CLUST,0.0
rl3.1,cenario2_tempo_aleatorio/180-600s_20percent,30,0,SIM_BOTH_HIGH,0,DO_NOT_ALLOC,53.8874
rl3.1,cenario2_tempo_aleatorio/180-600s_20percent,30,0,SIM_BOTH_HIGH,1,REALLOC_EXIST,66.4663
rl3.1,cenario2_tempo_aleatorio/180-600s_20percent,30,0,SIM_BOTH_HIGH,2,FORM_NEW_CLUST,59.4374
rl3.1,cenario2_tempo_aleatorio/180-600s_20percent,30,1,SIM_EXISTING_HIGH,0,DO_NOT_ALLOC,0.0
rl3.1,cenario2_tempo_aleatorio/180-600s_20percent,30,1,SIM_EXISTING_HIGH,1,REALLOC_EXIST,0.0
rl3.1,cenario2_tempo_aleatorio/180-600s_20percent,30,1,SIM_EXISTING_HIGH,2,FORM_NEW_CLUST,0.0
rl3.1,cenario2_tempo_aleatorio/180-600s_20percent,30,2,SIM_ORPHAN_HIGH,0,DO_NOT_ALLOC,3.65428
rl3.1,cenario2_tempo_aleatorio/180-600s_20percent,30,2,SIM_ORPHAN_HIGH,1,REALLOC_EXIST,35.5728
rl3.1,cenario2_tempo_aleatorio/180-600s_20percent,30,2,SIM_ORPHAN_HIGH,2,FORM_NEW_CLUST,12.836
rl3.1,cenario2_tempo_aleatorio/180-600s_20percent,30,3,SIM_BOTH_MEDIUM,0,DO_NOT_ALLOC,0.0
rl3.1,cenario2_tempo_aleatorio/180-600s_20percent,30,3,SIM_BOTH_MEDIUM,1,REALLOC_EXIST,0.0
rl3.1,cenario2_tempo_aleatorio/180-600s_20percent,30,3,SIM_BOTH_MEDIUM,2,FORM_NEW_CLUST,0.0
rl3.1,cenario2_tempo_aleatorio/180-600s_20percent,31,0,SIM_BOTH_HIGH,0,DO_NOT_ALLOC,53.8874
rl3.1,cenario2_tempo_aleatorio/180-600s_20percent,31,0,SIM_BOTH_HIGH,1,REALLOC_EXIST,69.0414
rl3.1,cenario2_tempo_aleatorio/180-600s_20percent,31,0,SIM_BOTH_HIGH,2,FORM_NEW_CLUST,59.4374
rl3.1,cenario2_tempo_aleatorio/180-600s_20percent,31,1,SIM_EXISTING_HIGH,0,DO_NOT_ALLOC,0.0
rl3.1,cenario2_tempo_aleatorio/180-600s_20percent,31,1,SIM_EXISTING_HIGH,1,REALLOC_EXIST,0.0
rl3.1,cenario2_tempo_aleatorio/180-600s_20percent,31,1,SIM_EXISTING_HIGH,2,FORM_NEW_CLUST,0.0
rl3.1,cenario2_tempo_aleatorio/180-600s_20percent,31,2,SIM_ORPHAN_HIGH,0,DO_NOT_ALLOC,3.65428
rl3.1,cenario2_tempo_aleatorio/180-600s_20percent,31,2,SIM_ORPHAN_HIGH,1,REALLOC_EXIST,35.5728
rl3.1,cenario2_tempo_aleatorio/180-600s_20percent,31,2,SIM_ORPHAN_HIGH,2,FORM_NEW_CLUST,12.836
rl3.1,cenario2_tempo_aleatorio/180-600s_20percent,31,3,SIM_BOTH_MEDIUM,0,DO_NOT_ALLOC,0.0
rl3.1,cenario2_tempo_aleatorio/180-600s_20percent,31,3,SIM_BOTH_MEDIUM,1,REALLOC_EXIST,0.0
rl3.1,cenario2_tempo_aleatorio/180-600s_20percent,31,3,SIM_BOTH_MEDIUM,2,FORM_NEW_CLUST,0.0
rl3.1,cenario2_tempo_aleatorio/180-600s_20percent,32,0,SIM_BOTH_HIGH,0,DO_NOT_ALLOC,54.2448
rl3.1,cenario2_tempo_aleatorio/180-600s_20percent,32,0,SIM_BOTH_HIGH,1,REALLOC_EXIST,68.6501
rl3.1,cenario2_tempo_aleatorio/180-600s_20percent,32,0,SIM_BOTH_HIGH,2,FORM_NEW_CLUST,63.5168
rl3.1,cenario2_tempo_aleatorio/180-600s_20percent,32,1,SIM_EXISTING_HIGH,0,DO_NOT_ALLOC,0.0
rl3.1,cenario2_tempo_aleatorio/180-600s_20percent,32,1,SIM_EXISTING_HIGH,1,REALLOC_EXIST,0.0
rl3.1,cenario2_tempo_aleatorio/180-600s_20percent,32,1,SIM_EXISTING_HIGH,2,FORM_NEW_CLUST,0.0
rl3.1,cenario2_tempo_aleatorio/180-600s_20percent,32,2,SIM_ORPHAN_HIGH,0,DO_NOT_ALLOC,3.65428
rl3.1,cenario2_tempo_aleatorio/180-600s_20percent,32,2,SIM_ORPHAN_HIGH,1,REALLOC_EXIST,35.5728
rl3.1,cenario2_tempo_aleatorio/180-600s_20percent,32,2,SIM_ORPHAN_HIGH,2,FORM_NEW_CLUST,12.836
rl3.1,cenario2_tempo_aleatorio/180-600s_20percent,32,3,SIM_BOTH_MEDIUM,0,DO_NOT_ALLOC,0.0
rl3.1,cenario2_tempo_aleatorio/180-600s_20percent,32,3,SIM_BOTH_MEDIUM,1,REALLOC_EXIST,0.0
rl3.1,cenario2_tempo_aleatorio/180-600s_20percent,32,3,SIM_BOTH_MEDIUM,2,FORM_NEW_CLUST,0.0
rl3.1,cenario2_tempo_aleatorio/180-600s_20percent,33,0,SIM_BOTH_HIGH,0,DO_NOT_ALLOC,54.2448
rl3.1,cenario2_tempo_aleatorio/180-600s_20percent,33,0,SIM_BOTH_HIGH,1,REALLOC_EXIST,71.0826
rl3.1,cenario2_tempo_aleatorio/180-600s_20percent,33,0,SIM_BOTH_HIGH,2,FORM_NEW_CLUST,63.5168
rl3.1,cenario2_tempo_aleatorio/180-600s_20percent,33,1,SIM_EXISTING_HIGH,0,DO_NOT_ALLOC,0.0
rl3.1,cenario2_tempo_aleatorio/180-600s_20percent,33,1,SIM_EXISTING_HIGH,1,REALLOC_EXIST,0.0
rl3.1,cenario2_tempo_aleatorio/180-600s_20percent,33,1,SIM_EXISTING_HIGH,2,FORM_NEW_CLUST,0.0
rl3.1,cenario2_tempo_aleatorio/180-600s_20percent,33,2,SIM_ORPHAN_HIGH,0,DO_NOT_ALLOC,3.65428
rl3.1,cenario2_tempo_aleatorio/180-600s_20percent,33,2,SIM_ORPHAN_HIGH,1,REALLOC_EXIST,38.1174
rl3.1,cenario2_tempo_aleatorio/180-600s_20percent,33,2,SIM_ORPHAN_HIGH,2,FORM_NEW_CLUST,12.836
rl3.1,cenario2_tempo_aleatorio/180-600s_20percent,33,3,SIM_BOTH_MEDIUM,0,DO_NOT_ALLOC,0.0
rl3.1,cenario2_tempo_aleatorio/180-600s_20percent,33,3,SIM_BOTH_MEDIUM,1,REALLOC_EXIST,0.0
rl3.1,cenario2_tempo_aleatorio/180-600s_20percent,33,3,SIM_BOTH_MEDIUM,2,FORM_NEW_CLUST,0.0
rl3.1,cenario2_tempo_aleatorio/180-600s_20percent,34,0,SIM_BOTH_HIGH,0,DO_NOT_ALLOC,54.2448
rl3.1,cenario2_tempo_aleatorio/180-600s_20percent,34,0,SIM_BOTH_HIGH,1,REALLOC_EXIST,72.923
rl3.1,cenario2_tempo_aleatorio/180-600s_20percent,34,0,SIM_BOTH_HIGH,2,FORM_NEW_CLUST,63.5168
rl3.1,cenario2_tempo_aleatorio/180-600s_20percent,34,1,SIM_EXISTING_HIGH,0,DO_NOT_ALLOC,0.0
rl3.1,cenario2_tempo_aleatorio/180-600s_20percent,34,1,SIM_EXISTING_HIGH,1,REALLOC_EXIST,0.0
rl3.1,cenario2_tempo_aleatorio/180-600s_20percent,34,1,SIM_EXISTING_HIGH,2,FORM_NEW_CLUST,0.0
rl3.1,cenario2_tempo_aleatorio/180-600s_20percent,34,2,SIM_ORPHAN_HIGH,0,DO_NOT_ALLOC,3.65428
rl3.1,cenario2_tempo_aleatorio/180-600s_20percent,34,2,SIM_ORPHAN_HIGH,1,REALLOC_EXIST,38.1174
rl3.1,cenario2_tempo_aleatorio/180-600s_20percent,34,2,SIM_ORPHAN_HIGH,2,FORM_NEW_CLUST,12.836
rl3.1,cenario2_tempo_aleatorio/180-600s_20percent,34,3,SIM_BOTH_MEDIUM,0,DO_NOT_ALLOC,0.0
rl3.1,cenario2_tempo_aleatorio/180-600s_20percent,34,3,SIM_BOTH_MEDIUM,1,REALLOC_EXIST,0.0
rl3.1,cenario2_tempo_aleatorio/180-600s_20percent,34,3,SIM_BOTH_MEDIUM,2,FORM_NEW_CLUST,0.0
rl3.1,cenario2_tempo_aleatorio/180-600s_20percent,35,0,SIM_BOTH_HIGH,0,DO_NOT_ALLOC,54.2448
rl3.1,cenario2_tempo_aleatorio/180-600s_20percent,35,0,SIM_BOTH_HIGH,1,REALLOC_EXIST,74.0941
rl3.1,cenario2_tempo_aleatorio/180-600s_20percent,35,0,SIM_BOTH_HIGH,2,FORM_NEW_CLUST,65.0471
rl3.1,cenario2_tempo_aleatorio/180-600s_20percent,35,1,SIM_EXISTING_HIGH,0,DO_NOT_ALLOC,0.0
rl3.1,cenario2_tempo_aleatorio/180-600s_20percent,35,1,SIM_EXISTING_HIGH,1,REALLOC_EXIST,0.0
rl3.1,cenario2_tempo_aleatorio/180-600s_20percent,35,1,SIM_EXISTING_HIGH,2,FORM_NEW_CLUST,0.0
rl3.1,cenario2_tempo_aleatorio/180-600s_20percent,35,2,SIM_ORPHAN_HIGH,0,DO_NOT_ALLOC,3.65428
rl3.1,cenario2_tempo_aleatorio/180-600s_20percent,35,2,SIM_ORPHAN_HIGH,1,REALLOC_EXIST,38.1174
rl3.1,cenario2_tempo_aleatorio/180-600s_20percent,35,2,SIM_ORPHAN_HIGH,2,FORM_NEW_CLUST,12.836
rl3.1,cenario2_tempo_aleatorio/180-600s_20percent,35,3,SIM_BOTH_MEDIUM,0,DO_NOT_ALLOC,0.0
rl3.1,cenario2_tempo_aleatorio/180-600s_20percent,35,3,SIM_BOTH_MEDIUM,1,REALLOC_EXIST,0.0
rl3.1,cenario2_tempo_aleatorio/180-600s_20percent,35,3,SIM_BOTH_MEDIUM,2,FORM_NEW_CLUST,0.0
rl3.1,cenario2_tempo_aleatorio/180-600s_30percent,1,0,SIM_BOTH_HIGH,0,DO_NOT_ALLOC,0.0
rl3.1,cenario2_tempo_aleatorio/180-600s_30percent,1,0,SIM_BOTH_HIGH,1,REALLOC_EXIST,8.94711
rl3.1,cenario2_tempo_aleatorio/180-600s_30percent,1,0,SIM_BOTH_HIGH,2,FORM_NEW_CLUST,0.0
rl3.1,cenario2_tempo_aleatorio/180-600s_30percent,1,1,SIM_EXISTING_HIGH,0,DO_NOT_ALLOC,0.0
rl3.1,cenario2_tempo_aleatorio/180-600s_30percent,1,1,SIM_EXISTING_HIGH,1,REALLOC_EXIST,0.0
rl3.1,cenario2_tempo_aleatorio/180-600s_30percent,1,1,SIM_EXISTING_HIGH,2,FORM_NEW_CLUST,0.0
rl3.1,cenario2_tempo_aleatorio/180-600s_30percent,1,2,SIM_ORPHAN_HIGH,0,DO_NOT_ALLOC,0.0
rl3.1,cenario2_tempo_aleatorio/180-600s_30percent,1,2,SIM_ORPHAN_HIGH,1,REALLOC_EXIST,4.05978
rl3.1,cenario2_tempo_aleatorio/180-600s_30percent,1,2,SIM_ORPHAN_HIGH,2,FORM_NEW_CLUST,0.0
rl3.1,cenario2_tempo_aleatorio/180-600s_30percent,1,3,SIM_BOTH_MEDIUM,0,DO_NOT_ALLOC,0.0
rl3.1,cenario2_tempo_aleatorio/180-600s_30percent,1,3,SIM_BOTH_MEDIUM,1,REALLOC_EXIST,0.0
rl3.1,cenario2_tempo_aleatorio/180-600s_30percent,1,3,SIM_BOTH_MEDIUM,2,FORM_NEW_CLUST,0.0
rl3.1,cenario2_tempo_aleatorio/180-600s_30percent,2,0,SIM_BOTH_HIGH,0,DO_NOT_ALLOC,3.43485
rl3.1,cenario2_tempo_aleatorio/180-600s_30percent,2,0,SIM_BOTH_HIGH,1,REALLOC_EXIST,28.6231
rl3.1,cenario2_tempo_aleatorio/180-600s_30percent,2,0,SIM_BOTH_HIGH,2,FORM_NEW_CLUST,0.0
rl3.1,cenario2_tempo_aleatorio/180-600s_30percent,2,1,SIM_EXISTING_HIGH,0,DO_NOT_ALLOC,0.0
rl3.1,cenario2_tempo_aleatorio/180-600s_30percent,2,1,SIM_EXISTING_HIGH,1,REALLOC_EXIST,0.0
rl3.1,cenario2_tempo_aleatorio/180-600s_30percent,2,1,SIM_EXISTING_HIGH,2,FORM_NEW_CLUST,0.0
rl3.1,cenario2_tempo_aleatorio/180-600s_30percent,2,2,SIM_ORPHAN_HIGH,0,DO_NOT_ALLOC,0.0
rl3.1,cenario2_tempo_aleatorio/180-600s_30percent,2,2,SIM_ORPHAN_HIGH,1,REALLOC_EXIST,4.05978
rl3.1,cenario2_tempo_aleatorio/180-600s_30percent,2,2,SIM_ORPHAN_HIGH,2,FORM_NEW_CLUST,0.0
rl3.1,cenario2_tempo_aleatorio/180-600s_30percent,2,3,SIM_BOTH_MEDIUM,0,DO_NOT_ALLOC,0.0
rl3.1,cenario2_tempo_aleatorio/180-600s_30percent,2,3,SIM_BOTH_MEDIUM,1,REALLOC_EXIST,0.0
rl3.1,cenario2_tempo_aleatorio/180-600s_30percent,2,3,SIM_BOTH_MEDIUM,2,FORM_NEW_CLUST,0.0
rl3.1,cenario2_tempo_aleatorio/180-600s_30percent,3,0,SIM_BOTH_HIGH,0,DO_NOT_ALLOC,6.24063
rl3.1,cenario2_tempo_aleatorio/180-600s_30percent,3,0,SIM_BOTH_HIGH,1,REALLOC_EXIST,41.84
rl3.1,cenario2_tempo_aleatorio/180-600s_30percent,3,0,SIM_BOTH_HIGH,2,FORM_NEW_CLUST,4.1902
rl3.1,cenario2_tempo_aleatorio/180-600s_30percent,3,1,SIM_EXISTING_HIGH,0,DO_NOT_ALLOC,0.0
rl3.1,cenario2_tempo_aleatorio/180-600s_30percent,3,1,SIM_EXISTING_HIGH,1,REALLOC_EXIST,0.0
rl3.1,cenario2_tempo_aleatorio/180-600s_30percent,3,1,SIM_EXISTING_HIGH,2,FORM_NEW_CLUST,0.0
rl3.1,cenario2_tempo_aleatorio/180-600s_30percent,3,2,SIM_ORPHAN_HIGH,0,DO_NOT_ALLOC,0.0
rl3.1,cenario2_tempo_aleatorio/180-600s_30percent,3,2,SIM_ORPHAN_HIGH,1,REALLOC_EXIST,4.05978
rl3.1,cenario2_tempo_aleatorio/180-600s_30percent,3,2,SIM_ORPHAN_HIGH,2,FORM_NEW_CLUST,0.0
rl3.1,cenario2_tempo_aleatorio/180-600s_30percent,3,3,SIM_BOTH_MEDIUM,0,DO_NOT_ALLOC,0.0
rl3.1,cenario2_tempo_aleatorio/180-600s_30percent,3,3,SIM_BOTH_MEDIUM,1,REALLOC_EXIST,0.0
rl3.1,cenario2_tempo_aleatorio/180-600s_30percent,3,3,SIM_BOTH_MEDIUM,2,FORM_NEW_CLUST,0.0
rl3.1,cenario2_tempo_aleatorio/180-600s_30percent,4,0,SIM_BOTH_HIGH,0,DO_NOT_ALLOC,9.33295
rl3.1,cenario2_tempo_aleatorio/180-600s_30percent,4,0,SIM_BOTH_HIGH,1,REALLOC_EXIST,51.2007
rl3.1,cenario2_tempo_aleatorio/180-600s_30percent,4,0,SIM_BOTH_HIGH,2,FORM_NEW_CLUST,13.825
rl3.1,cenario2_tempo_aleatorio/180-600s_30percent,4,1,SIM_EXISTING_HIGH,0,DO_NOT_ALLOC,0.0
rl3.1,cenario2_tempo_aleatorio/180-600s_30percent,4,1,SIM_EXISTING_HIGH,1,REALLOC_EXIST,0.0
rl3.1,cenario2_tempo_aleatorio/180-600s_30percent,4,1,SIM_EXISTING_HIGH,2,FORM_NEW_CLUST,0.0
rl3.1,cenario2_tempo_aleatorio/180-600s_30percent,4,2,SIM_ORPHAN_HIGH,0,DO_NOT_ALLOC,0.0
rl3.1,cenario2_tempo_aleatorio/180-600s_30percent,4,2,SIM_ORPHAN_HIGH,1,REALLOC_EXIST,8.91029
rl3.1,cenario2_tempo_aleatorio/180-600s_30percent,4,2,SIM_ORPHAN_HIGH,2,FORM_NEW_CLUST,0.0
rl3.1,cenario2_tempo_aleatorio/180-600s_30percent,4,3,SIM_BOTH_MEDIUM,0,DO_NOT_ALLOC,0.0
rl3.1,cenario2_tempo_aleatorio/180-600s_30percent,4,3,SIM_BOTH_MEDIUM,1,REALLOC_EXIST,0.0
rl3.1,cenario2_tempo_aleatorio/180-600s_30percent,4,3,SIM_BOTH_MEDIUM,2,FORM_NEW_CLUST,0.0
rl3.1,cenario2_tempo_aleatorio/180-600s_30percent,5,0,SIM_BOTH_HIGH,0,DO_NOT_ALLOC,9.33295
rl3.1,cenario2_tempo_aleatorio/180-600s_30percent,5,0,SIM_BOTH_HIGH,1,REALLOC_EXIST,59.1211
rl3.1,cenario2_tempo_aleatorio/180-600s_30percent,5,0,SIM_BOTH_HIGH,2,FORM_NEW_CLUST,23.4418
rl3.1,cenario2_tempo_aleatorio/180-600s_30percent,5,1,SIM_EXISTING_HIGH,0,DO_NOT_ALLOC,0.0
rl3.1,cenario2_tempo_aleatorio/180-600s_30percent,5,1,SIM_EXISTING_HIGH,1,REALLOC_EXIST,0.0
rl3.1,cenario2_tempo_aleatorio/180-600s_30percent,5,1,SIM_EXISTING_HIGH,2,FORM_NEW_CLUST,0.0
rl3.1,cenario2_tempo_aleatorio/180-600s_30percent,5,2,SIM_ORPHAN_HIGH,0,DO_NOT_ALLOC,0.0
rl3.1,cenario2_tempo_aleatorio/180-600s_30percent,5,2,SIM_ORPHAN_HIGH,1,REALLOC_EXIST,8.91029
rl3.1,cenario2_tempo_aleatorio/180-600s_30percent,5,2,SIM_ORPHAN_HIGH,2,FORM_NEW_CLUST,0.0
rl3.1,cenario2_tempo_aleatorio/180-600s_30percent,5,3,SIM_BOTH_MEDIUM,0,DO_NOT_ALLOC,0.0
rl3.1,cenario2_tempo_aleatorio/180-600s_30percent,5,3,SIM_BOTH_MEDIUM,1,REALLOC_EXIST,0.0
rl3.1,cenario2_tempo_aleatorio/180-600s_30percent,5,3,SIM_BOTH_MEDIUM,2,FORM_NEW_CLUST,0.0
rl3.1,cenario2_tempo_aleatorio/180-600s_30percent,6,0,SIM_BOTH_HIGH,0,DO_NOT_ALLOC,9.33295
rl3.1,cenario2_tempo_aleatorio/180-600s_30percent,6,0,SIM_BOTH_HIGH,1,REALLOC_EXIST,58.2005
rl3.1,cenario2_tempo_aleatorio/180-600s_30percent,6,0,SIM_BOTH_HIGH,2,FORM_NEW_CLUST,27.714
rl3.1,cenario2_tempo_aleatorio/180-600s_30percent,6,1,SIM_EXISTING_HIGH,0,DO_NOT_ALLOC,0.0
rl3.1,cenario2_tempo_aleatorio/180-600s_30percent,6,1,SIM_EXISTING_HIGH,1,REALLOC_EXIST,0.0
rl3.1,cenario2_tempo_aleatorio/180-600s_30percent,6,1,SIM_EXISTING_HIGH,2,FORM_NEW_CLUST,0.0
rl3.1,cenario2_tempo_aleatorio/180-600s_30percent,6,2,SIM_ORPHAN_HIGH,0,DO_NOT_ALLOC,0.0
rl3.1,cenario2_tempo_aleatorio/180-600s_30percent,6,2,SIM_ORPHAN_HIGH,1,REALLOC_EXIST,8.91029
rl3.1,cenario2_tempo_aleatorio/180-600s_30percent,6,2,SIM_ORPHAN_HIGH,2,FORM_NEW_CLUST,0.0
rl3.1,cenario2_tempo_aleatorio/180-600s_30percent,6,3,SIM_BOTH_MEDIUM,0,DO_NOT_ALLOC,0.0
rl3.1,cenario2_tempo_aleatorio/180-600s_30percent,6,3,SIM_BOTH_MEDIUM,1,REALLOC_EXIST,0.0
rl3.1,cenario2_tempo_aleatorio/180-600s_30percent,6,3,SIM_BOTH_MEDIUM,2,FORM_NEW_CLUST,0.0
rl3.1,cenario2_tempo_aleatorio/180-600s_30percent,7,0,SIM_BOTH_HIGH,0,DO_NOT_ALLOC,9.33295
rl3.1,cenario2_tempo_aleatorio/180-600s_30percent,7,0,SIM_BOTH_HIGH,1,REALLOC_EXIST,56.5925
rl3.1,cenario2_tempo_aleatorio/180-600s_30percent,7,0,SIM_BOTH_HIGH,2,FORM_NEW_CLUST,37.7352
rl3.1,cenario2_tempo_aleatorio/180-600s_30percent,7,1,SIM_EXISTING_HIGH,0,DO_NOT_ALLOC,0.0
rl3.1,cenario2_tempo_aleatorio/180-600s_30percent,7,1,SIM_EXISTING_HIGH,1,REALLOC_EXIST,0.0
rl3.1,cenario2_tempo_aleatorio/180-600s_30percent,7,1,SIM_EXISTING_HIGH,2,FORM_NEW_CLUST,0.0
rl3.1,cenario2_tempo_aleatorio/180-600s_30percent,7,2,SIM_ORPHAN_HIGH,0,DO_NOT_ALLOC,0.740434
rl3.1,cenario2_tempo_aleatorio/180-600s_30percent,7,2,SIM_ORPHAN_HIGH,1,REALLOC_EXIST,12.6625
rl3.1,cenario2_tempo_aleatorio/180-600s_30percent,7,2,SIM_ORPHAN_HIGH,2,FORM_NEW_CLUST,0.0
rl3.1,cenario2_tempo_aleatorio/180-600s_30percent,7,3,SIM_BOTH_MEDIUM,0,DO_NOT_ALLOC,0.0
rl3.1,cenario2_tempo_aleatorio/180-600s_30percent,7,3,SIM_BOTH_MEDIUM,1,REALLOC_EXIST,0.0
rl3.1,cenario2_tempo_aleatorio/180-600s_30percent,7,3,SIM_BOTH_MEDIUM,2,FORM_NEW_CLUST,0.0
rl3.1,cenario2_tempo_aleatorio/180-600s_30percent,8,0,SIM_BOTH_HIGH,0,DO_NOT_ALLOC,9.33295
rl3.1,cenario2_tempo_aleatorio/180-600s_30percent,8,0,SIM_BOTH_HIGH,1,REALLOC_EXIST,56.1956
rl3.1,cenario2_tempo_aleatorio/180-600s_30percent,8,0,SIM_BOTH_HIGH,2,FORM_NEW_CLUST,40.3232
rl3.1,cenario2_tempo_aleatorio/180-600s_30percent,8,1,SIM_EXISTING_HIGH,0,DO_NOT_ALLOC,0.0
rl3.1,cenario2_tempo_aleatorio/180-600s_30percent,8,1,SIM_EXISTING_HIGH,1,REALLOC_EXIST,0.0
rl3.1,cenario2_tempo_aleatorio/180-600s_30percent,8,1,SIM_EXISTING_HIGH,2,FORM_NEW_CLUST,0.0
rl3.1,cenario2_tempo_aleatorio/180-600s_30percent,8,2,SIM_ORPHAN_HIGH,0,DO_NOT_ALLOC,0.740434
rl3.1,cenario2_tempo_aleatorio/180-600s_30percent,8,2,SIM_ORPHAN_HIGH,1,REALLOC_EXIST,12.6625
rl3.1,cenario2_tempo_aleatorio/180-600s_30percent,8,2,SIM_ORPHAN_HIGH,2,FORM_NEW_CLUST,0.0
rl3.1,cenario2_tempo_aleatorio/180-600s_30percent,8,3,SIM_BOTH_MEDIUM,0,DO_NOT_ALLOC,0.0
rl3.1,cenario2_tempo_aleatorio/180-600s_30percent,8,3,SIM_BOTH_MEDIUM,1,REALLOC_EXIST,0.0
rl3.1,cenario2_tempo_aleatorio/180-600s_30percent,8,3,SIM_BOTH_MEDIUM,2,FORM_NEW_CLUST,0.0
rl3.1,cenario2_tempo_aleatorio/180-600s_30percent,9,0,SIM_BOTH_HIGH,0,DO_NOT_ALLOC,19.4766
rl3.1,cenario2_tempo_aleatorio/180-600s_30percent,9,0,SIM_BOTH_HIGH,1,REALLOC_EXIST,59.2878
rl3.1,cenario2_tempo_aleatorio/180-600s_30percent,9,0,SIM_BOTH_HIGH,2,FORM_NEW_CLUST,42.6267
rl3.1,cenario2_tempo_aleatorio/180-600s_30percent,9,1,SIM_EXISTING_HIGH,0,DO_NOT_ALLOC,0.0
rl3.1,cenario2_tempo_aleatorio/180-600s_30percent,9,1,SIM_EXISTING_HIGH,1,REALLOC_EXIST,0.0
rl3.1,cenario2_tempo_aleatorio/180-600s_30percent,9,1,SIM_EXISTING_HIGH,2,FORM_NEW_CLUST,0.0
rl3.1,cenario2_tempo_aleatorio/180-600s_30percent,9,2,SIM_ORPHAN_HIGH,0,DO_NOT_ALLOC,0.740434
rl3.1,cenario2_tempo_aleatorio/180-600s_30percent,9,2,SIM_ORPHAN_HIGH,1,REALLOC_EXIST,12.6625
rl3.1,cenario2_tempo_aleatorio/180-600s_30percent,9,2,SIM_ORPHAN_HIGH,2,FORM_NEW_CLUST,0.0
rl3.1,cenario2_tempo_aleatorio/180-600s_30percent,9,3,SIM_BOTH_MEDIUM,0,DO_NOT_ALLOC,0.0
rl3.1,cenario2_tempo_aleatorio/180-600s_30percent,9,3,SIM_BOTH_MEDIUM,1,REALLOC_EXIST,0.0
rl3.1,cenario2_tempo_aleatorio/180-600s_30percent,9,3,SIM_BOTH_MEDIUM,2,FORM_NEW_CLUST,0.0
rl3.1,cenario2_tempo_aleatorio/180-600s_30percent,10,0,SIM_BOTH_HIGH,0,DO_NOT_ALLOC,19.4766
rl3.1,cenario2_tempo_aleatorio/180-600s_30percent,10,0,SIM_BOTH_HIGH,1,REALLOC_EXIST,58.38
rl3.1,cenario2_tempo_aleatorio/180-600s_30percent,10,0,SIM_BOTH_HIGH,2,FORM_NEW_CLUST,42.6267
rl3.1,cenario2_tempo_aleatorio/180-600s_30percent,10,1,SIM_EXISTING_HIGH,0,DO_NOT_ALLOC,0.0
rl3.1,cenario2_tempo_aleatorio/180-600s_30percent,10,1,SIM_EXISTING_HIGH,1,REALLOC_EXIST,0.0
rl3.1,cenario2_tempo_aleatorio/180-600s_30percent,10,1,SIM_EXISTING_HIGH,2,FORM_NEW_CLUST,0.0
rl3.1,cenario2_tempo_aleatorio/180-600s_30percent,10,2,SIM_ORPHAN_HIGH,0,DO_NOT_ALLOC,0.740434
rl3.1,cenario2_tempo_aleatorio/180-600s_30percent,10,2,SIM_ORPHAN_HIGH,1,REALLOC_EXIST,12.6625
rl3.1,cenario2_tempo_aleatorio/180-600s_30percent,10,2,SIM_ORPHAN_HIGH,2,FORM_NEW_CLUST,0.0
rl3.1,cenario2_tempo_aleatorio/180-600s_30percent,10,3,SIM_BOTH_MEDIUM,0,DO_NOT_ALLOC,0.0
rl3.1,cenario2_tempo_aleatorio/180-600s_30percent,10,3,SIM_BOTH_MEDIUM,1,REALLOC_EXIST,0.0
rl3.1,cenario2_tempo_aleatorio/180-600s_30percent,10,3,SIM_BOTH_MEDIUM,2,FORM_NEW_CLUST,0.0
rl3.1,cenario2_tempo_aleatorio/180-600s_30percent,11,0,SIM_BOTH_HIGH,0,DO_NOT_ALLOC,19.4766
rl3.1,cenario2_tempo_aleatorio/180-600s_30percent,11,0,SIM_BOTH_HIGH,1,REALLOC_EXIST,57.5242
rl3.1,cenario2_tempo_aleatorio/180-600s_30percent,11,0,SIM_BOTH_HIGH,2,FORM_NEW_CLUST,44.8639
rl3.1,cenario2_tempo_aleatorio/180-600s_30percent,11,1,SIM_EXISTING_HIGH,0,DO_NOT_ALLOC,0.0
rl3.1,cenario2_tempo_aleatorio/180-600s_30percent,11,1,SIM_EXISTING_HIGH,1,REALLOC_EXIST,0.0
rl3.1,cenario2_tempo_aleatorio/180-600s_30percent,11,1,SIM_EXISTING_HIGH,2,FORM_NEW_CLUST,0.0
rl3.1,cenario2_tempo_aleatorio/180-600s_30percent,11,2,SIM_ORPHAN_HIGH,0,DO_NOT_ALLOC,0.740434
rl3.1,cenario2_tempo_aleatorio/180-600s_30percent,11,2,SIM_ORPHAN_HIGH,1,REALLOC_EXIST,12.6625
rl3.1,cenario2_tempo_aleatorio/180-600s_30percent,11,2,SIM_ORPHAN_HIGH,2,FORM_NEW_CLUST,0.0
rl3.1,cenario2_tempo_aleatorio/180-600s_30percent,11,3,SIM_BOTH_MEDIUM,0,DO_NOT_ALLOC,0.0
rl3.1,cenario2_tempo_aleatorio/180-600s_30percent,11,3,SIM_BOTH_MEDIUM,1,REALLOC_EXIST,0.0
rl3.1,cenario2_tempo_aleatorio/180-600s_30percent,11,3,SIM_BOTH_MEDIUM,2,FORM_NEW_CLUST,0.0
rl3.1,cenario2_tempo_aleatorio/180-600s_30percent,12,0,SIM_BOTH_HIGH,0,DO_NOT_ALLOC,19.4766
rl3.1,cenario2_tempo_aleatorio/180-600s_30percent,12,0,SIM_BOTH_HIGH,1,REALLOC_EXIST,60.8057
rl3.1,cenario2_tempo_aleatorio/180-600s_30percent,12,0,SIM_BOTH_HIGH,2,FORM_NEW_CLUST,44.8639
rl3.1,cenario2_tempo_aleatorio/180-600s_30percent,12,1,SIM_EXISTING_HIGH,0,DO_NOT_ALLOC,0.0
rl3.1,cenario2_tempo_aleatorio/180-600s_30percent,12,1,SIM_EXISTING_HIGH,1,REALLOC_EXIST,0.0
rl3.1,cenario2_tempo_aleatorio/180-600s_30percent,12,1,SIM_EXISTING_HIGH,2,FORM_NEW_CLUST,0.0
rl3.1,cenario2_tempo_aleatorio/180-600s_30percent,12,2,SIM_ORPHAN_HIGH,0,DO_NOT_ALLOC,0.740434
rl3.1,cenario2_tempo_aleatorio/180-600s_30percent,12,2,SIM_ORPHAN_HIGH,1,REALLOC_EXIST,12.6625
rl3.1,cenario2_tempo_aleatorio/180-600s_30percent,12,2,SIM_ORPHAN_HIGH,2,FORM_NEW_CLUST,0.0
rl3.1,cenario2_tempo_aleatorio/180-600s_30percent,12,3,SIM_BOTH_MEDIUM,0,DO_NOT_ALLOC,0.0
rl3.1,cenario2_tempo_aleatorio/180-600s_30percent,12,3,SIM_BOTH_MEDIUM,1,REALLOC_EXIST,0.0
rl3.1,cenario2_tempo_aleatorio/180-600s_30percent,12,3,SIM_BOTH_MEDIUM,2,FORM_NEW_CLUST,0.0
rl3.1,cenario2_tempo_aleatorio/180-600s_30percent,13,0,SIM_BOTH_HIGH,0,DO_NOT_ALLOC,32.1276
rl3.1,cenario2_tempo_aleatorio/180-600s_30percent,13,0,SIM_BOTH_HIGH,1,REALLOC_EXIST,64.0303
rl3.1,cenario2_tempo_aleatorio/180-600s_30percent,13,0,SIM_BOTH_HIGH,2,FORM_NEW_CLUST,49.1507
rl3.1,cenario2_tempo_aleatorio/180-600s_30percent,13,1,SIM_EXISTING_HIGH,0,DO_NOT_ALLOC,0.0
rl3.1,cenario2_tempo_aleatorio/180-600s_30percent,13,1,SIM_EXISTING_HIGH,1,REALLOC_EXIST,0.0
rl3.1,cenario2_tempo_aleatorio/180-600s_30percent,13,1,SIM_EXISTING_HIGH,2,FORM_NEW_CLUST,0.0
rl3.1,cenario2_tempo_aleatorio/180-600s_30percent,13,2,SIM_ORPHAN_HIGH,0,DO_NOT_ALLOC,0.740434
rl3.1,cenario2_tempo_aleatorio/180-600s_30percent,13,2,SIM_ORPHAN_HIGH,1,REALLOC_EXIST,12.6625
rl3.1,cenario2_tempo_aleatorio/180-600s_30percent,13,2,SIM_ORPHAN_HIGH,2,FORM_NEW_CLUST,0.0
rl3.1,cenario2_tempo_aleatorio/180-600s_30percent,13,3,SIM_BOTH_MEDIUM,0,DO_NOT_ALLOC,0.0
rl3.1,cenario2_tempo_aleatorio/180-600s_30percent,13,3,SIM_BOTH_MEDIUM,1,REALLOC_EXIST,0.0
rl3.1,cenario2_tempo_aleatorio/180-600s_30percent,13,3,SIM_BOTH_MEDIUM,2,FORM_NEW_CLUST,0.0
rl3.1,cenario2_tempo_aleatorio/180-600s_30percent,14,0,SIM_BOTH_HIGH,0,DO_NOT_ALLOC,34.5613
rl3.1,cenario2_tempo_aleatorio/180-600s_30percent,14,0,SIM_BOTH_HIGH,1,REALLOC_EXIST,69.413
rl3.1,cenario2_tempo_aleatorio/180-600s_30percent,14,0,SIM_BOTH_HIGH,2,FORM_NEW_CLUST,51.2984
rl3.1,cenario2_tempo_aleatorio/180-600s_30percent,14,1,SIM_EXISTING_HIGH,0,DO_NOT_ALLOC,0.0
rl3.1,cenario2_tempo_aleatorio/180-600s_30percent,14,1,SIM_EXISTING_HIGH,1,REALLOC_EXIST,0.0
rl3.1,cenario2_tempo_aleatorio/180-600s_30percent,14,1,SIM_EXISTING_HIGH,2,FORM_NEW_CLUST,0.0
rl3.1,cenario2_tempo_aleatorio/180-600s_30percent,14,2,SIM_ORPHAN_HIGH,0,DO_NOT_ALLOC,0.740434
rl3.1,cenario2_tempo_aleatorio/180-600s_30percent,14,2,SIM_ORPHAN_HIGH,1,REALLOC_EXIST,12.6625
rl3.1,cenario2_tempo_aleatorio/180-600s_30percent,14,2,SIM_ORPHAN_HIGH,2,FORM_NEW_CLUST,0.0
rl3.1,cenario2_tempo_aleatorio/180-600s_30percent,14,3,SIM_BOTH_MEDIUM,0,DO_NOT_ALLOC,0.0
rl3.1,cenario2_tempo_aleatorio/180-600s_30percent,14,3,SIM_BOTH_MEDIUM,1,REALLOC_EXIST,0.0
rl3.1,cenario2_tempo_aleatorio/180-600s_30percent,14,3,SIM_BOTH_MEDIUM,2,FORM_NEW_CLUST,0.0
rl3.1,cenario2_tempo_aleatorio/180-600s_30percent,15,0,SIM_BOTH_HIGH,0,DO_NOT_ALLOC,40.4594
rl3.1,cenario2_tempo_aleatorio/180-600s_30percent,15,0,SIM_BOTH_HIGH,1,REALLOC_EXIST,69.1907
rl3.1,cenario2_tempo_aleatorio/180-600s_30percent,15,0,SIM_BOTH_HIGH,2,FORM_NEW_CLUST,55.2223
rl3.1,cenario2_tempo_aleatorio/180-600s_30percent,15,1,SIM_EXISTING_HIGH,0,DO_NOT_ALLOC,0.0
rl3.1,cenario2_tempo_aleatorio/180-600s_30percent,15,1,SIM_EXISTING_HIGH,1,REALLOC_EXIST,0.0
rl3.1,cenario2_tempo_aleatorio/180-600s_30percent,15,1,SIM_EXISTING_HIGH,2,FORM_NEW_CLUST,0.0
rl3.1,cenario2_tempo_aleatorio/180-600s_30percent,15,2,SIM_ORPHAN_HIGH,0,DO_NOT_ALLOC,0.740434
rl3.1,cenario2_tempo_aleatorio/180-600s_30percent,15,2,SIM_ORPHAN_HIGH,1,REALLOC_EXIST,12.6625
rl3.1,cenario2_tempo_aleatorio/180-600s_30percent,15,2,SIM_ORPHAN_HIGH,2,FORM_NEW_CLUST,0.0
rl3.1,cenario2_tempo_aleatorio/180-600s_30percent,15,3,SIM_BOTH_MEDIUM,0,DO_NOT_ALLOC,0.0
rl3.1,cenario2_tempo_aleatorio/180-600s_30percent,15,3,SIM_BOTH_MEDIUM,1,REALLOC_EXIST,0.0
rl3.1,cenario2_tempo_aleatorio/180-600s_30percent,15,3,SIM_BOTH_MEDIUM,2,FORM_NEW_CLUST,0.0
rl3.1,cenario2_tempo_aleatorio/180-600s_30percent,16,0,SIM_BOTH_HIGH,0,DO_NOT_ALLOC,43.3396
rl3.1,cenario2_tempo_aleatorio/180-600s_30percent,16,0,SIM_BOTH_HIGH,1,REALLOC_EXIST,67.7237
rl3.1,cenario2_tempo_aleatorio/180-600s_30percent,16,0,SIM_BOTH_HIGH,2,FORM_NEW_CLUST,60.2041
rl3.1,cenario2_tempo_aleatorio/180-600s_30percent,16,1,SIM_EXISTING_HIGH,0,DO_NOT_ALLOC,0.0
rl3.1,cenario2_tempo_aleatorio/180-600s_30percent,16,1,SIM_EXISTING_HIGH,1,REALLOC_EXIST,0.0
rl3.1,cenario2_tempo_aleatorio/180-600s_30percent,16,1,SIM_EXISTING_HIGH,2,FORM_NEW_CLUST,0.0
rl3.1,cenario2_tempo_aleatorio/180-600s_30percent,16,2,SIM_ORPHAN_HIGH,0,DO_NOT_ALLOC,0.740434
rl3.1,cenario2_tempo_aleatorio/180-600s_30percent,16,2,SIM_ORPHAN_HIGH,1,REALLOC_EXIST,12.6625
rl3.1,cenario2_tempo_aleatorio/180-600s_30percent,16,2,SIM_ORPHAN_HIGH,2,FORM_NEW_CLUST,0.0
rl3.1,cenario2_tempo_aleatorio/180-600s_30percent,16,3,SIM_BOTH_MEDIUM,0,DO_NOT_ALLOC,0.0
rl3.1,cenario2_tempo_aleatorio/180-600s_30percent,16,3,SIM_BOTH_MEDIUM,1,REALLOC_EXIST,0.0
rl3.1,cenario2_tempo_aleatorio/180-600s_30percent,16,3,SIM_BOTH_MEDIUM,2,FORM_NEW_CLUST,0.0
rl3.1,cenario2_tempo_aleatorio/180-600s_30percent,17,0,SIM_BOTH_HIGH,0,DO_NOT_ALLOC,43.3396
rl3.1,cenario2_tempo_aleatorio/180-600s_30percent,17,0,SIM_BOTH_HIGH,1,REALLOC_EXIST,69.4417
rl3.1,cenario2_tempo_aleatorio/180-600s_30percent,17,0,SIM_BOTH_HIGH,2,FORM_NEW_CLUST,61.6116
rl3.1,cenario2_tempo_aleatorio/180-600s_30percent,17,1,SIM_EXISTING_HIGH,0,DO_NOT_ALLOC,0.0
rl3.1,cenario2_tempo_aleatorio/180-600s_30percent,17,1,SIM_EXISTING_HIGH,1,REALLOC_EXIST,0.0
rl3.1,cenario2_tempo_aleatorio/180-600s_30percent,17,1,SIM_EXISTING_HIGH,2,FORM_NEW_CLUST,0.0
rl3.1,cenario2_tempo_aleatorio/180-600s_30percent,17,2,SIM_ORPHAN_HIGH,0,DO_NOT_ALLOC,0.740434
rl3.1,cenario2_tempo_aleatorio/180-600s_30percent,17,2,SIM_ORPHAN_HIGH,1,REALLOC_EXIST,21.5265
rl3.1,cenario2_tempo_aleatorio/180-600s_30percent,17,2,SIM_ORPHAN_HIGH,2,FORM_NEW_CLUST,0.0
rl3.1,cenario2_tempo_aleatorio/180-600s_30percent,17,3,SIM_BOTH_MEDIUM,0,DO_NOT_ALLOC,0.0
rl3.1,cenario2_tempo_aleatorio/180-600s_30percent,17,3,SIM_BOTH_MEDIUM,1,REALLOC_EXIST,0.0
rl3.1,cenario2_tempo_aleatorio/180-600s_30percent,17,3,SIM_BOTH_MEDIUM,2,FORM_NEW_CLUST,0.0
rl3.1,cenario2_tempo_aleatorio/180-600s_30percent,18,0,SIM_BOTH_HIGH,0,DO_NOT_ALLOC,44.6175
rl3.1,cenario2_tempo_aleatorio/180-600s_30percent,18,0,SIM_BOTH_HIGH,1,REALLOC_EXIST,69.2829
rl3.1,cenario2_tempo_aleatorio/180-600s_30percent,18,0,SIM_BOTH_HIGH,2,FORM_NEW_CLUST,66.7064
rl3.1,cenario2_tempo_aleatorio/180-600s_30percent,18,1,SIM_EXISTING_HIGH,0,DO_NOT_ALLOC,0.0
rl3.1,cenario2_tempo_aleatorio/180-600s_30percent,18,1,SIM_EXISTING_HIGH,1,REALLOC_EXIST,0.0
rl3.1,cenario2_tempo_aleatorio/180-600s_30percent,18,1,SIM_EXISTING_HIGH,2,FORM_NEW_CLUST,0.0
rl3.1,cenario2_tempo_aleatorio/180-600s_30percent,18,2,SIM_ORPHAN_HIGH,0,DO_NOT_ALLOC,0.740434
rl3.1,cenario2_tempo_aleatorio/180-600s_30percent,18,2,SIM_ORPHAN_HIGH,1,REALLOC_EXIST,21.5265
rl3.1,cenario2_tempo_aleatorio/180-600s_30percent,18,2,SIM_ORPHAN_HIGH,2,FORM_NEW_CLUST,0.0
rl3.1,cenario2_tempo_aleatorio/180-600s_30percent,18,3,SIM_BOTH_MEDIUM,0,DO_NOT_ALLOC,0.0
rl3.1,cenario2_tempo_aleatorio/180-600s_30percent,18,3,SIM_BOTH_MEDIUM,1,REALLOC_EXIST,0.0
rl3.1,cenario2_tempo_aleatorio/180-600s_30percent,18,3,SIM_BOTH_MEDIUM,2,FORM_NEW_CLUST,0.0
rl3.1,cenario2_tempo_aleatorio/180-600s_30percent,19,0,SIM_BOTH_HIGH,0,DO_NOT_ALLOC,44.6175
rl3.1,cenario2_tempo_aleatorio/180-600s_30percent,19,0,SIM_BOTH_HIGH,1,REALLOC_EXIST,71.9116
rl3.1,cenario2_tempo_aleatorio/180-600s_30percent,19,0,SIM_BOTH_HIGH,2,FORM_NEW_CLUST,67.7227
rl3.1,cenario2_tempo_aleatorio/180-600s_30percent,19,1,SIM_EXISTING_HIGH,0,DO_NOT_ALLOC,0.0
rl3.1,cenario2_tempo_aleatorio/180-600s_30percent,19,1,SIM_EXISTING_HIGH,1,REALLOC_EXIST,0.0
rl3.1,cenario2_tempo_aleatorio/180-600s_30percent,19,1,SIM_EXISTING_HIGH,2,FORM_NEW_CLUST,0.0
rl3.1,cenario2_tempo_aleatorio/180-600s_30percent,19,2,SIM_ORPHAN_HIGH,0,DO_NOT_ALLOC,2.13213
rl3.1,cenario2_tempo_aleatorio/180-600s_30percent,19,2,SIM_ORPHAN_HIGH,1,REALLOC_EXIST,25.385
rl3.1,cenario2_tempo_aleatorio/180-600s_30percent,19,2,SIM_ORPHAN_HIGH,2,FORM_NEW_CLUST,0.0
rl3.1,cenario2_tempo_aleatorio/180-600s_30percent,19,3,SIM_BOTH_MEDIUM,0,DO_NOT_ALLOC,0.0
rl3.1,cenario2_tempo_aleatorio/180-600s_30percent,19,3,SIM_BOTH_MEDIUM,1,REALLOC_EXIST,0.0
rl3.1,cenario2_tempo_aleatorio/180-600s_30percent,19,3,SIM_BOTH_MEDIUM,2,FORM_NEW_CLUST,0.0
rl3.1,cenario2_tempo_aleatorio/180-600s_30percent,20,0,SIM_BOTH_HIGH,0,DO_NOT_ALLOC,47.2281
rl3.1,cenario2_tempo_aleatorio/180-600s_30percent,20,0,SIM_BOTH_HIGH,1,REALLOC_EXIST,72.6405
rl3.1,cenario2_tempo_aleatorio/180-600s_30percent,20,0,SIM_BOTH_HIGH,2,FORM_NEW_CLUST,70.9177
rl3.1,cenario2_tempo_aleatorio/180-600s_30percent,20,1,SIM_EXISTING_HIGH,0,DO_NOT_ALLOC,0.0
rl3.1,cenario2_tempo_aleatorio/180-600s_30percent,20,1,SIM_EXISTING_HIGH,1,REALLOC_EXIST,0.0
rl3.1,cenario2_tempo_aleatorio/180-600s_30percent,20,1,SIM_EXISTING_HIGH,2,FORM_NEW_CLUST,0.0
rl3.1,cenario2_tempo_aleatorio/180-600s_30percent,20,2,SIM_ORPHAN_HIGH,0,DO_NOT_ALLOC,2.13213
rl3.1,cenario2_tempo_aleatorio/180-600s_30percent,20,2,SIM_ORPHAN_HIGH,1,REALLOC_EXIST,25.385
rl3.1,cenario2_tempo_aleatorio/180-600s_30percent,20,2,SIM_ORPHAN_HIGH,2,FORM_NEW_CLUST,0.0
rl3.1,cenario2_tempo_aleatorio/180-600s_30percent,20,3,SIM_BOTH_MEDIUM,0,DO_NOT_ALLOC,0.0
rl3.1,cenario2_tempo_aleatorio/180-600s_30percent,20,3,SIM_BOTH_MEDIUM,1,REALLOC_EXIST,0.0
rl3.1,cenario2_tempo_aleatorio/180-600s_30percent,20,3,SIM_BOTH_MEDIUM,2,FORM_NEW_CLUST,0.0
rl3.1,cenario2_tempo_aleatorio/180-600s_30percent,21,0,SIM_BOTH_HIGH,0,DO_NOT_ALLOC,49.2678
rl3.1,cenario2_tempo_aleatorio/180-600s_30percent,21,0,SIM_BOTH_HIGH,1,REALLOC_EXIST,75.0199
rl3.1,cenario2_tempo_aleatorio/180-600s_30percent,21,0,SIM_BOTH_HIGH,2,FORM_NEW_CLUST,98.6329
rl3.1,cenario2_tempo_aleatorio/180-600s_30percent,21,1,SIM_EXISTING_HIGH,0,DO_NOT_ALLOC,0.0
rl3.1,cenario2_tempo_aleatorio/180-600s_30percent,21,1,SIM_EXISTING_HIGH,1,REALLOC_EXIST,0.0
rl3.1,cenario2_tempo_aleatorio/180-600s_30percent,21,1,SIM_EXISTING_HIGH,2,FORM_NEW_CLUST,0.0
rl3.1,cenario2_tempo_aleatorio/180-600s_30percent,21,2,SIM_ORPHAN_HIGH,0,DO_NOT_ALLOC,2.13213
rl3.1,cenario2_tempo_aleatorio/180-600s_30percent,21,2,SIM_ORPHAN_HIGH,1,REALLOC_EXIST,25.385
rl3.1,cenario2_tempo_aleatorio/180-600s_30percent,21,2,SIM_ORPHAN_HIGH,2,FORM_NEW_CLUST,0.0
rl3.1,cenario2_tempo_aleatorio/180-600s_30percent,21,3,SIM_BOTH_MEDIUM,0,DO_NOT_ALLOC,0.0
rl3.1,cenario2_tempo_aleatorio/180-600s_30percent,21,3,SIM_BOTH_MEDIUM,1,REALLOC_EXIST,0.0
rl3.1,cenario2_tempo_aleatorio/180-600s_30percent,21,3,SIM_BOTH_MEDIUM,2,FORM_NEW_CLUST,0.0
rl3.1,cenario2_tempo_aleatorio/180-600s_30percent,22,0,SIM_BOTH_HIGH,0,DO_NOT_ALLOC,53.2704
rl3.1,cenario2_tempo_aleatorio/180-600s_30percent,22,0,SIM_BOTH_HIGH,1,REALLOC_EXIST,81.5278
rl3.1,cenario2_tempo_aleatorio/180-600s_30percent,22,0,SIM_BOTH_HIGH,2,FORM_NEW_CLUST,103.401
rl3.1,cenario2_tempo_aleatorio/180-600s_30percent,22,1,SIM_EXISTING_HIGH,0,DO_NOT_ALLOC,0.0
rl3.1,cenario2_tempo_aleatorio/180-600s_30percent,22,1,SIM_EXISTING_HIGH,1,REALLOC_EXIST,0.0
rl3.1,cenario2_tempo_aleatorio/180-600s_30percent,22,1,SIM_EXISTING_HIGH,2,FORM_NEW_CLUST,0.0
rl3.1,cenario2_tempo_aleatorio/180-600s_30percent,22,2,SIM_ORPHAN_HIGH,0,DO_NOT_ALLOC,2.13213
rl3.1,cenario2_tempo_aleatorio/180-600s_30percent,22,2,SIM_ORPHAN_HIGH,1,REALLOC_EXIST,31.0905
rl3.1,cenario2_tempo_aleatorio/180-600s_30percent,22,2,SIM_ORPHAN_HIGH,2,FORM_NEW_CLUST,9.96468
rl3.1,cenario2_tempo_aleatorio/180-600s_30percent,22,3,SIM_BOTH_MEDIUM,0,DO_NOT_ALLOC,0.0
rl3.1,cenario2_tempo_aleatorio/180-600s_30percent,22,3,SIM_BOTH_MEDIUM,1,REALLOC_EXIST,0.0
rl3.1,cenario2_tempo_aleatorio/180-600s_30percent,22,3,SIM_BOTH_MEDIUM,2,FORM_NEW_CLUST,0.0
rl3.1,cenario2_tempo_aleatorio/180-600s_30percent,23,0,SIM_BOTH_HIGH,0,DO_NOT_ALLOC,53.2704
rl3.1,cenario2_tempo_aleatorio/180-600s_30percent,23,0,SIM_BOTH_HIGH,1,REALLOC_EXIST,83.5984
rl3.1,cenario2_tempo_aleatorio/180-600s_30percent,23,0,SIM_BOTH_HIGH,2,FORM_NEW_CLUST,105.72
rl3.1,cenario2_tempo_aleatorio/180-600s_30percent,23,1,SIM_EXISTING_HIGH,0,DO_NOT_ALLOC,0.0
rl3.1,cenario2_tempo_aleatorio/180-600s_30percent,23,1,SIM_EXISTING_HIGH,1,REALLOC_EXIST,0.0
rl3.1,cenario2_tempo_aleatorio/180-600s_30percent,23,1,SIM_EXISTING_HIGH,2,FORM_NEW_CLUST,0.0
rl3.1,cenario2_tempo_aleatorio/180-600s_30percent,23,2,SIM_ORPHAN_HIGH,0,DO_NOT_ALLOC,2.13213
rl3.1,cenario2_tempo_aleatorio/180-600s_30percent,23,2,SIM_ORPHAN_HIGH,1,REALLOC_EXIST,31.0905
rl3.1,cenario2_tempo_aleatorio/180-600s_30percent,23,2,SIM_ORPHAN_HIGH,2,FORM_NEW_CLUST,9.96468
rl3.1,cenario2_tempo_aleatorio/180-600s_30percent,23,3,SIM_BOTH_MEDIUM,0,DO_NOT_ALLOC,0.0
rl3.1,cenario2_tempo_aleatorio/180-600s_30percent,23,3,SIM_BOTH_MEDIUM,1,REALLOC_EXIST,0.0
rl3.1,cenario2_tempo_aleatorio/180-600s_30percent,23,3,SIM_BOTH_MEDIUM,2,FORM_NEW_CLUST,0.0
rl3.1,cenario2_tempo_aleatorio/180-600s_30percent,24,0,SIM_BOTH_HIGH,0,DO_NOT_ALLOC,53.2704
rl3.1,cenario2_tempo_aleatorio/180-600s_30percent,24,0,SIM_BOTH_HIGH,1,REALLOC_EXIST,83.5984
rl3.1,cenario2_tempo_aleatorio/180-600s_30percent,24,0,SIM_BOTH_HIGH,2,FORM_NEW_CLUST,109.118
rl3.1,cenario2_tempo_aleatorio/180-600s_30percent,24,1,SIM_EXISTING_HIGH,0,DO_NOT_ALLOC,0.0
rl3.1,cenario2_tempo_aleatorio/180-600s_30percent,24,1,SIM_EXISTING_HIGH,1,REALLOC_EXIST,0.0
rl3.1,cenario2_tempo_aleatorio/180-600s_30percent,24,1,SIM_EXISTING_HIGH,2,FORM_NEW_CLUST,0.0
rl3.1,cenario2_tempo_aleatorio/180-600s_30percent,24,2,SIM_ORPHAN_HIGH,0,DO_NOT_ALLOC,2.13213
rl3.1,cenario2_tempo_aleatorio/180-600s_30percent,24,2,SIM_ORPHAN_HIGH,1,REALLOC_EXIST,31.0905
rl3.1,cenario2_tempo_aleatorio/180-600s_30percent,24,2,SIM_ORPHAN_HIGH,2,FORM_NEW_CLUST,9.96468
rl3.1,cenario2_tempo_aleatorio/180-600s_30percent,24,3,SIM_BOTH_MEDIUM,0,DO_NOT_ALLOC,0.0
rl3.1,cenario2_tempo_aleatorio/180-600s_30percent,24,3,SIM_BOTH_MEDIUM,1,REALLOC_EXIST,0.0
rl3.1,cenario2_tempo_aleatorio/180-600s_30percent,24,3,SIM_BOTH_MEDIUM,2,FORM_NEW_CLUST,0.0
rl3.1,cenario2_tempo_aleatorio/180-600s_30percent,25,0,SIM_BOTH_HIGH,0,DO_NOT_ALLOC,62.0315
rl3.1,cenario2_tempo_aleatorio/180-600s_30percent,25,0,SIM_BOTH_HIGH,1,REALLOC_EXIST,88.5502
rl3.1,cenario2_tempo_aleatorio/180-600s_30percent,25,0,SIM_BOTH_HIGH,2,FORM_NEW_CLUST,118.914
rl3.1,cenario2_tempo_aleatorio/180-600s_30percent,25,1,SIM_EXISTING_HIGH,0,DO_NOT_ALLOC,0.0
rl3.1,cenario2_tempo_aleatorio/180-600s_30percent,25,1,SIM_EXISTING_HIGH,1,REALLOC_EXIST,0.0
rl3.1,cenario2_tempo_aleatorio/180-600s_30percent,25,1,SIM_EXISTING_HIGH,2,FORM_NEW_CLUST,0.0
rl3.1,cenario2_tempo_aleatorio/180-600s_30percent,25,2,SIM_ORPHAN_HIGH,0,DO_NOT_ALLOC,2.13213
rl3.1,cenario2_tempo_aleatorio/180-600s_30percent,25,2,SIM_ORPHAN_HIGH,1,REALLOC_EXIST,31.0905
rl3.1,cenario2_tempo_aleatorio/180-600s_30percent,25,2,SIM_ORPHAN_HIGH,2,FORM_NEW_CLUST,9.96468
rl3.1,cenario2_tempo_aleatorio/180-600s_30percent,25,3,SIM_BOTH_MEDIUM,0,DO_NOT_ALLOC,0.0
rl3.1,cenario2_tempo_aleatorio/180-600s_30percent,25,3,SIM_BOTH_MEDIUM,1,REALLOC_EXIST,0.0
rl3.1,cenario2_tempo_aleatorio/180-600s_30percent,25,3,SIM_BOTH_MEDIUM,2,FORM_NEW_CLUST,0.0
rl3.1,cenario2_tempo_aleatorio/180-600s_30percent,26,0,SIM_BOTH_HIGH,0,DO_NOT_ALLOC,62.0315
rl3.1,cenario2_tempo_aleatorio/180-600s_30percent,26,0,SIM_BOTH_HIGH,1,REALLOC_EXIST,88.5502
rl3.1,cenario2_tempo_aleatorio/180-600s_30percent,26,0,SIM_BOTH_HIGH,2,FORM_NEW_CLUST,114.237
rl3.1,cenario2_tempo_aleatorio/180-600s_30percent,26,1,SIM_EXISTING_HIGH,0,DO_NOT_ALLOC,0.0
rl3.1,cenario2_tempo_aleatorio/180-600s_30percent,26,1,SIM_EXISTING_HIGH,1,REALLOC_EXIST,0.0
rl3.1,cenario2_tempo_aleatorio/180-600s_30percent,26,1,SIM_EXISTING_HIGH,2,FORM_NEW_CLUST,0.0
rl3.1,cenario2_tempo_aleatorio/180-600s_30percent,26,2,SIM_ORPHAN_HIGH,0,DO_NOT_ALLOC,4.4589
rl3.1,cenario2_tempo_aleatorio/180-600s_30percent,26,2,SIM_ORPHAN_HIGH,1,REALLOC_EXIST,37.2833
rl3.1,cenario2_tempo_aleatorio/180-600s_30percent,26,2,SIM_ORPHAN_HIGH,2,FORM_NEW_CLUST,13.1442
rl3.1,cenario2_tempo_aleatorio/180-600s_30percent,26,3,SIM_BOTH_MEDIUM,0,DO_NOT_ALLOC,0.0
rl3.1,cenario2_tempo_aleatorio/180-600s_30percent,26,3,SIM_BOTH_MEDIUM,1,REALLOC_EXIST,0.0
rl3.1,cenario2_tempo_aleatorio/180-600s_30percent,26,3,SIM_BOTH_MEDIUM,2,FORM_NEW_CLUST,0.0
rl3.1,cenario2_tempo_aleatorio/180-600s_30percent,27,0,SIM_BOTH_HIGH,0,DO_NOT_ALLOC,65.6097
rl3.1,cenario2_tempo_aleatorio/180-600s_30percent,27,0,SIM_BOTH_HIGH,1,REALLOC_EXIST,92.4101
rl3.1,cenario2_tempo_aleatorio/180-600s_30percent,27,0,SIM_BOTH_HIGH,2,FORM_NEW_CLUST,119.348
rl3.1,cenario2_tempo_aleatorio/180-600s_30percent,27,1,SIM_EXISTING_HIGH,0,DO_NOT_ALLOC,0.0
rl3.1,cenario2_tempo_aleatorio/180-600s_30percent,27,1,SIM_EXISTING_HIGH,1,REALLOC_EXIST,0.0
rl3.1,cenario2_tempo_aleatorio/180-600s_30percent,27,1,SIM_EXISTING_HIGH,2,FORM_NEW_CLUST,0.0
rl3.1,cenario2_tempo_aleatorio/180-600s_30percent,27,2,SIM_ORPHAN_HIGH,0,DO_NOT_ALLOC,4.4589
rl3.1,cenario2_tempo_aleatorio/180-600s_30percent,27,2,SIM_ORPHAN_HIGH,1,REALLOC_EXIST,39.2119
rl3.1,cenario2_tempo_aleatorio/180-600s_30percent,27,2,SIM_ORPHAN_HIGH,2,FORM_NEW_CLUST,16.4994
rl3.1,cenario2_tempo_aleatorio/180-600s_30percent,27,3,SIM_BOTH_MEDIUM,0,DO_NOT_ALLOC,0.0
rl3.1,cenario2_tempo_aleatorio/180-600s_30percent,27,3,SIM_BOTH_MEDIUM,1,REALLOC_EXIST,0.0
rl3.1,cenario2_tempo_aleatorio/180-600s_30percent,27,3,SIM_BOTH_MEDIUM,2,FORM_NEW_CLUST,0.0
rl3.1,cenario2_tempo_aleatorio/180-600s_30percent,28,0,SIM_BOTH_HIGH,0,DO_NOT_ALLOC,75.906
rl3.1,cenario2_tempo_aleatorio/180-600s_30percent,28,0,SIM_BOTH_HIGH,1,REALLOC_EXIST,92.4101
rl3.1,cenario2_tempo_aleatorio/180-600s_30percent,28,0,SIM_BOTH_HIGH,2,FORM_NEW_CLUST,122.945
rl3.1,cenario2_tempo_aleatorio/180-600s_30percent,28,1,SIM_EXISTING_HIGH,0,DO_NOT_ALLOC,0.0
rl3.1,cenario2_tempo_aleatorio/180-600s_30percent,28,1,SIM_EXISTING_HIGH,1,REALLOC_EXIST,0.0
rl3.1,cenario2_tempo_aleatorio/180-600s_30percent,28,1,SIM_EXISTING_HIGH,2,FORM_NEW_CLUST,0.0
rl3.1,cenario2_tempo_aleatorio/180-600s_30percent,28,2,SIM_ORPHAN_HIGH,0,DO_NOT_ALLOC,4.4589
rl3.1,cenario2_tempo_aleatorio/180-600s_30percent,28,2,SIM_ORPHAN_HIGH,1,REALLOC_EXIST,39.2119
rl3.1,cenario2_tempo_aleatorio/180-600s_30percent,28,2,SIM_ORPHAN_HIGH,2,FORM_NEW_CLUST,16.4994
rl3.1,cenario2_tempo_aleatorio/180-600s_30percent,28,3,SIM_BOTH_MEDIUM,0,DO_NOT_ALLOC,0.0
rl3.1,cenario2_tempo_aleatorio/180-600s_30percent,28,3,SIM_BOTH_MEDIUM,1,REALLOC_EXIST,0.0
rl3.1,cenario2_tempo_aleatorio/180-600s_30percent,28,3,SIM_BOTH_MEDIUM,2,FORM_NEW_CLUST,0.0
rl3.1,cenario2_tempo_aleatorio/180-600s_30percent,29,0,SIM_BOTH_HIGH,0,DO_NOT_ALLOC,75.906
rl3.1,cenario2_tempo_aleatorio/180-600s_30percent,29,0,SIM_BOTH_HIGH,1,REALLOC_EXIST,101.677
rl3.1,cenario2_tempo_aleatorio/180-600s_30percent,29,0,SIM_BOTH_HIGH,2,FORM_NEW_CLUST,124.053
rl3.1,cenario2_tempo_aleatorio/180-600s_30percent,29,1,SIM_EXISTING_HIGH,0,DO_NOT_ALLOC,0.0
rl3.1,cenario2_tempo_aleatorio/180-600s_30percent,29,1,SIM_EXISTING_HIGH,1,REALLOC_EXIST,0.0
rl3.1,cenario2_tempo_aleatorio/180-600s_30percent,29,1,SIM_EXISTING_HIGH,2,FORM_NEW_CLUST,0.0
rl3.1,cenario2_tempo_aleatorio/180-600s_30percent,29,2,SIM_ORPHAN_HIGH,0,DO_NOT_ALLOC,4.4589
rl3.1,cenario2_tempo_aleatorio/180-600s_30percent,29,2,SIM_ORPHAN_HIGH,1,REALLOC_EXIST,39.2119
rl3.1,cenario2_tempo_aleatorio/180-600s_30percent,29,2,SIM_ORPHAN_HIGH,2,FORM_NEW_CLUST,16.4994
rl3.1,cenario2_tempo_aleatorio/180-600s_30percent,29,3,SIM_BOTH_MEDIUM,0,DO_NOT_ALLOC,0.0
rl3.1,cenario2_tempo_aleatorio/180-600s_30percent,29,3,SIM_BOTH_MEDIUM,1,REALLOC_EXIST,0.0
rl3.1,cenario2_tempo_aleatorio/180-600s_30percent,29,3,SIM_BOTH_MEDIUM,2,FORM_NEW_CLUST,0.0
rl3.1,cenario2_tempo_aleatorio/180-600s_30percent,30,0,SIM_BOTH_HIGH,0,DO_NOT_ALLOC,75.906
rl3.1,cenario2_tempo_aleatorio/180-600s_30percent,30,0,SIM_BOTH_HIGH,1,REALLOC_EXIST,101.677
rl3.1,cenario2_tempo_aleatorio/180-600s_30percent,30,0,SIM_BOTH_HIGH,2,FORM_NEW_CLUST,124.936
rl3.1,cenario2_tempo_aleatorio/180-600s_30percent,30,1,SIM_EXISTING_HIGH,0,DO_NOT_ALLOC,0.0
rl3.1,cenario2_tempo_aleatorio/180-600s_30percent,30,1,SIM_EXISTING_HIGH,1,REALLOC_EXIST,0.0
rl3.1,cenario2_tempo_aleatorio/180-600s_30percent,30,1,SIM_EXISTING_HIGH,2,FORM_NEW_CLUST,0.0
rl3.1,cenario2_tempo_aleatorio/180-600s_30percent,30,2,SIM_ORPHAN_HIGH,0,DO_NOT_ALLOC,4.4589
rl3.1,cenario2_tempo_aleatorio/180-600s_30percent,30,2,SIM_ORPHAN_HIGH,1,REALLOC_EXIST,39.2119
rl3.1,cenario2_tempo_aleatorio/180-600s_30percent,30,2,SIM_ORPHAN_HIGH,2,FORM_NEW_CLUST,16.4994
rl3.1,cenario2_tempo_aleatorio/180-600s_30percent,30,3,SIM_BOTH_MEDIUM,0,DO_NOT_ALLOC,0.0
rl3.1,cenario2_tempo_aleatorio/180-600s_30percent,30,3,SIM_BOTH_MEDIUM,1,REALLOC_EXIST,0.0
rl3.1,cenario2_tempo_aleatorio/180-600s_30percent,30,3,SIM_BOTH_MEDIUM,2,FORM_NEW_CLUST,0.0
rl3.1,cenario2_tempo_aleatorio/180-600s_30percent,31,0,SIM_BOTH_HIGH,0,DO_NOT_ALLOC,81.9284
rl3.1,cenario2_tempo_aleatorio/180-600s_30percent,31,0,SIM_BOTH_HIGH,1,REALLOC_EXIST,103.563
rl3.1,cenario2_tempo_aleatorio/180-600s_30percent,31,0,SIM_BOTH_HIGH,2,FORM_NEW_CLUST,126.509
rl3.1,cenario2_tempo_aleatorio/180-600s_30percent,31,1,SIM_EXISTING_HIGH,0,DO_NOT_ALLOC,0.0
rl3.1,cenario2_tempo_aleatorio/180-600s_30percent,31,1,SIM_EXISTING_HIGH,1,REALLOC_EXIST,0.0
rl3.1,cenario2_tempo_aleatorio/180-600s_30percent,31,1,SIM_EXISTING_HIGH,2,FORM_NEW_CLUST,0.0
rl3.1,cenario2_tempo_aleatorio/180-600s_30percent,31,2,SIM_ORPHAN_HIGH,0,DO_NOT_ALLOC,9.43712
rl3.1,cenario2_tempo_aleatorio/180-600s_30percent,31,2,SIM_ORPHAN_HIGH,1,REALLOC_EXIST,40.5331
rl3.1,cenario2_tempo_aleatorio/180-600s_30percent,31,2,SIM_ORPHAN_HIGH,2,FORM_NEW_CLUST,19.7155
rl3.1,cenario2_tempo_aleatorio/180-600s_30percent,31,3,SIM_BOTH_MEDIUM,0,DO_NOT_ALLOC,0.0
rl3.1,cenario2_tempo_aleatorio/180-600s_30percent,31,3,SIM_BOTH_MEDIUM,1,REALLOC_EXIST,0.0
rl3.1,cenario2_tempo_aleatorio/180-600s_30percent,31,3,SIM_BOTH_MEDIUM,2,FORM_NEW_CLUST,0.0
rl3.1,cenario2_tempo_aleatorio/180-600s_30percent,32,0,SIM_BOTH_HIGH,0,DO_NOT_ALLOC,89.3666
rl3.1,cenario2_tempo_aleatorio/180-600s_30percent,32,0,SIM_BOTH_HIGH,1,REALLOC_EXIST,108.242
rl3.1,cenario2_tempo_aleatorio/180-600s_30percent,32,0,SIM_BOTH_HIGH,2,FORM_NEW_CLUST,128.051
rl3.1,cenario2_tempo_aleatorio/180-600s_30percent,32,1,SIM_EXISTING_HIGH,0,DO_NOT_ALLOC,0.0
rl3.1,cenario2_tempo_aleatorio/180-600s_30percent,32,1,SIM_EXISTING_HIGH,1,REALLOC_EXIST,0.0
rl3.1,cenario2_tempo_aleatorio/180-600s_30percent,32,1,SIM_EXISTING_HIGH,2,FORM_NEW_CLUST,0.0
rl3.1,cenario2_tempo_aleatorio/180-600s_30percent,32,2,SIM_ORPHAN_HIGH,0,DO_NOT_ALLOC,9.43712
rl3.1,cenario2_tempo_aleatorio/180-600s_30percent,32,2,SIM_ORPHAN_HIGH,1,REALLOC_EXIST,40.5331
rl3.1,cenario2_tempo_aleatorio/180-600s_30percent,32,2,SIM_ORPHAN_HIGH,2,FORM_NEW_CLUST,19.7155
rl3.1,cenario2_tempo_aleatorio/180-600s_30percent,32,3,SIM_BOTH_MEDIUM,0,DO_NOT_ALLOC,0.0
rl3.1,cenario2_tempo_aleatorio/180-600s_30percent,32,3,SIM_BOTH_MEDIUM,1,REALLOC_EXIST,0.0
rl3.1,cenario2_tempo_aleatorio/180-600s_30percent,32,3,SIM_BOTH_MEDIUM,2,FORM_NEW_CLUST,0.0
rl3.1,cenario2_tempo_aleatorio/180-600s_30percent,33,0,SIM_BOTH_HIGH,0,DO_NOT_ALLOC,91.458
rl3.1,cenario2_tempo_aleatorio/180-600s_30percent,33,0,SIM_BOTH_HIGH,1,REALLOC_EXIST,111.148
rl3.1,cenario2_tempo_aleatorio/180-600s_30percent,33,0,SIM_BOTH_HIGH,2,FORM_NEW_CLUST,128.499
rl3.1,cenario2_tempo_aleatorio/180-600s_30percent,33,1,SIM_EXISTING_HIGH,0,DO_NOT_ALLOC,0.0
rl3.1,cenario2_tempo_aleatorio/180-600s_30percent,33,1,SIM_EXISTING_HIGH,1,REALLOC_EXIST,0.0
rl3.1,cenario2_tempo_aleatorio/180-600s_30percent,33,1,SIM_EXISTING_HIGH,2,FORM_NEW_CLUST,0.0
rl3.1,cenario2_tempo_aleatorio/180-600s_30percent,33,2,SIM_ORPHAN_HIGH,0,DO_NOT_ALLOC,9.43712
rl3.1,cenario2_tempo_aleatorio/180-600s_30percent,33,2,SIM_ORPHAN_HIGH,1,REALLOC_EXIST,40.5331
rl3.1,cenario2_tempo_aleatorio/180-600s_30percent,33,2,SIM_ORPHAN_HIGH,2,FORM_NEW_CLUST,19.7155
rl3.1,cenario2_tempo_aleatorio/180-600s_30percent,33,3,SIM_BOTH_MEDIUM,0,DO_NOT_ALLOC,0.0
rl3.1,cenario2_tempo_aleatorio/180-600s_30percent,33,3,SIM_BOTH_MEDIUM,1,REALLOC_EXIST,0.0
rl3.1,cenario2_tempo_aleatorio/180-600s_30percent,33,3,SIM_BOTH_MEDIUM,2,FORM_NEW_CLUST,0.0
rl3.1,cenario2_tempo_aleatorio/180-600s_30percent,34,0,SIM_BOTH_HIGH,0,DO_NOT_ALLOC,91.458
rl3.1,cenario2_tempo_aleatorio/180-600s_30percent,34,0,SIM_BOTH_HIGH,1,REALLOC_EXIST,112.154
rl3.1,cenario2_tempo_aleatorio/180-600s_30percent,34,0,SIM_BOTH_HIGH,2,FORM_NEW_CLUST,128.772
rl3.1,cenario2_tempo_aleatorio/180-600s_30percent,34,1,SIM_EXISTING_HIGH,0,DO_NOT_ALLOC,-0.5
rl3.1,cenario2_tempo_aleatorio/180-600s_30percent,34,1,SIM_EXISTING_HIGH,1,REALLOC_EXIST,0.0
rl3.1,cenario2_tempo_aleatorio/180-600s_30percent,34,1,SIM_EXISTING_HIGH,2,FORM_NEW_CLUST,0.0
rl3.1,cenario2_tempo_aleatorio/180-600s_30percent,34,2,SIM_ORPHAN_HIGH,0,DO_NOT_ALLOC,9.43712
rl3.1,cenario2_tempo_aleatorio/180-600s_30percent,34,2,SIM_ORPHAN_HIGH,1,REALLOC_EXIST,40.5331
rl3.1,cenario2_tempo_aleatorio/180-600s_30percent,34,2,SIM_ORPHAN_HIGH,2,FORM_NEW_CLUST,19.7155
rl3.1,cenario2_tempo_aleatorio/180-600s_30percent,34,3,SIM_BOTH_MEDIUM,0,DO_NOT_ALLOC,0.0
rl3.1,cenario2_tempo_aleatorio/180-600s_30percent,34,3,SIM_BOTH_MEDIUM,1,REALLOC_EXIST,0.0
rl3.1,cenario2_tempo_aleatorio/180-600s_30percent,34,3,SIM_BOTH_MEDIUM,2,FORM_NEW_CLUST,0.0
rl3.1,cenario2_tempo_aleatorio/180-600s_30percent,35,0,SIM_BOTH_HIGH,0,DO_NOT_ALLOC,91.458
rl3.1,cenario2_tempo_aleatorio/180-600s_30percent,35,0,SIM_BOTH_HIGH,1,REALLOC_EXIST,113.948
rl3.1,cenario2_tempo_aleatorio/180-600s_30percent,35,0,SIM_BOTH_HIGH,2,FORM_NEW_CLUST,129.386
rl3.1,cenario2_tempo_aleatorio/180-600s_30percent,35,1,SIM_EXISTING_HIGH,0,DO_NOT_ALLOC,-0.5
rl3.1,cenario2_tempo_aleatorio/180-600s_30percent,35,1,SIM_EXISTING_HIGH,1,REALLOC_EXIST,0.0
rl3.1,cenario2_tempo_aleatorio/180-600s_30percent,35,1,SIM_EXISTING_HIGH,2,FORM_NEW_CLUST,0.0
rl3.1,cenario2_tempo_aleatorio/180-600s_30percent,35,2,SIM_ORPHAN_HIGH,0,DO_NOT_ALLOC,9.43712
rl3.1,cenario2_tempo_aleatorio/180-600s_30percent,35,2,SIM_ORPHAN_HIGH,1,REALLOC_EXIST,40.5331
rl3.1,cenario2_tempo_aleatorio/180-600s_30percent,35,2,SIM_ORPHAN_HIGH,2,FORM_NEW_CLUST,19.7155
rl3.1,cenario2_tempo_aleatorio/180-600s_30percent,35,3,SIM_BOTH_MEDIUM,0,DO_NOT_ALLOC,0.0
rl3.1,cenario2_tempo_aleatorio/180-600s_30percent,35,3,SIM_BOTH_MEDIUM,1,REALLOC_EXIST,0.0
rl3.1,cenario2_tempo_aleatorio/180-600s_30percent,35,3,SIM_BOTH_MEDIUM,2,FORM_NEW_CLUST,0.0
rl3.1,cenario3_tudo_aleatorio/180-600s_10-30percent,1,0,SIM_BOTH_HIGH,0,DO_NOT_ALLOC,0.0
rl3.1,cenario3_tudo_aleatorio/180-600s_10-30percent,1,0,SIM_BOTH_HIGH,1,REALLOC_EXIST,0.0
rl3.1,cenario3_tudo_aleatorio/180-600s_10-30percent,1,0,SIM_BOTH_HIGH,2,FORM_NEW_CLUST,19.5464
rl3.1,cenario3_tudo_aleatorio/180-600s_10-30percent,1,1,SIM_EXISTING_HIGH,0,DO_NOT_ALLOC,0.0
rl3.1,cenario3_tudo_aleatorio/180-600s_10-30percent,1,1,SIM_EXISTING_HIGH,1,REALLOC_EXIST,0.0
rl3.1,cenario3_tudo_aleatorio/180-600s_10-30percent,1,1,SIM_EXISTING_HIGH,2,FORM_NEW_CLUST,0.0
rl3.1,cenario3_tudo_aleatorio/180-600s_10-30percent,1,2,SIM_ORPHAN_HIGH,0,DO_NOT_ALLOC,0.0
rl3.1,cenario3_tudo_aleatorio/180-600s_10-30percent,1,2,SIM_ORPHAN_HIGH,1,REALLOC_EXIST,0.0
rl3.1,cenario3_tudo_aleatorio/180-600s_10-30percent,1,2,SIM_ORPHAN_HIGH,2,FORM_NEW_CLUST,0.0
rl3.1,cenario3_tudo_aleatorio/180-600s_10-30percent,1,3,SIM_BOTH_MEDIUM,0,DO_NOT_ALLOC,0.0
rl3.1,cenario3_tudo_aleatorio/180-600s_10-30percent,1,3,SIM_BOTH_MEDIUM,1,REALLOC_EXIST,0.0
rl3.1,cenario3_tudo_aleatorio/180-600s_10-30percent,1,3,SIM_BOTH_MEDIUM,2,FORM_NEW_CLUST,0.0
rl3.1,cenario3_tudo_aleatorio/180-600s_10-30percent,2,0,SIM_BOTH_HIGH,0,DO_NOT_ALLOC,5.92812
rl3.1,cenario3_tudo_aleatorio/180-600s_10-30percent,2,0,SIM_BOTH_HIGH,1,REALLOC_EXIST,0.0
rl3.1,cenario3_tudo_aleatorio/180-600s_10-30percent,2,0,SIM_BOTH_HIGH,2,FORM_NEW_CLUST,52.3017
rl3.1,cenario3_tudo_aleatorio/180-600s_10-30percent,2,1,SIM_EXISTING_HIGH,0,DO_NOT_ALLOC,0.0
rl3.1,cenario3_tudo_aleatorio/180-600s_10-30percent,2,1,SIM_EXISTING_HIGH,1,REALLOC_EXIST,0.0
rl3.1,cenario3_tudo_aleatorio/180-600s_10-30percent,2,1,SIM_EXISTING_HIGH,2,FORM_NEW_CLUST,0.0
rl3.1,cenario3_tudo_aleatorio/180-600s_10-30percent,2,2,SIM_ORPHAN_HIGH,0,DO_NOT_ALLOC,0.0
rl3.1,cenario3_tudo_aleatorio/180-600s_10-30percent,2,2,SIM_ORPHAN_HIGH,1,REALLOC_EXIST,0.0
rl3.1,cenario3_tudo_aleatorio/180-600s_10-30percent,2,2,SIM_ORPHAN_HIGH,2,FORM_NEW_CLUST,0.0
rl3.1,cenario3_tudo_aleatorio/180-600s_10-30percent,2,3,SIM_BOTH_MEDIUM,0,DO_NOT_ALLOC,0.0
rl3.1,cenario3_tudo_aleatorio/180-600s_10-30percent,2,3,SIM_BOTH_MEDIUM,1,REALLOC_EXIST,0.0
rl3.1,cenario3_tudo_aleatorio/180-600s_10-30percent,2,3,SIM_BOTH_MEDIUM,2,FORM_NEW_CLUST,0.0
rl3.1,cenario3_tudo_aleatorio/180-600s_10-30percent,3,0,SIM_BOTH_HIGH,0,DO_NOT_ALLOC,5.92812
rl3.1,cenario3_tudo_aleatorio/180-600s_10-30percent,3,0,SIM_BOTH_HIGH,1,REALLOC_EXIST,0.0
rl3.1,cenario3_tudo_aleatorio/180-600s_10-30percent,3,0,SIM_BOTH_HIGH,2,FORM_NEW_CLUST,69.5646
rl3.1,cenario3_tudo_aleatorio/180-600s_10-30percent,3,1,SIM_EXISTING_HIGH,0,DO_NOT_ALLOC,0.0
rl3.1,cenario3_tudo_aleatorio/180-600s_10-30percent,3,1,SIM_EXISTING_HIGH,1,REALLOC_EXIST,0.0
rl3.1,cenario3_tudo_aleatorio/180-600s_10-30percent,3,1,SIM_EXISTING_HIGH,2,FORM_NEW_CLUST,0.0
rl3.1,cenario3_tudo_aleatorio/180-600s_10-30percent,3,2,SIM_ORPHAN_HIGH,0,DO_NOT_ALLOC,0.0
rl3.1,cenario3_tudo_aleatorio/180-600s_10-30percent,3,2,SIM_ORPHAN_HIGH,1,REALLOC_EXIST,0.0
rl3.1,cenario3_tudo_aleatorio/180-600s_10-30percent,3,2,SIM_ORPHAN_HIGH,2,FORM_NEW_CLUST,0.0
rl3.1,cenario3_tudo_aleatorio/180-600s_10-30percent,3,3,SIM_BOTH_MEDIUM,0,DO_NOT_ALLOC,0.0
rl3.1,cenario3_tudo_aleatorio/180-600s_10-30percent,3,3,SIM_BOTH_MEDIUM,1,REALLOC_EXIST,0.0
rl3.1,cenario3_tudo_aleatorio/180-600s_10-30percent,3,3,SIM_BOTH_MEDIUM,2,FORM_NEW_CLUST,0.0
rl3.1,cenario3_tudo_aleatorio/180-600s_10-30percent,4,0,SIM_BOTH_HIGH,0,DO_NOT_ALLOC,16.5457
rl3.1,cenario3_tudo_aleatorio/180-600s_10-30percent,4,0,SIM_BOTH_HIGH,1,REALLOC_EXIST,0.0
rl3.1,cenario3_tudo_aleatorio/180-600s_10-30percent,4,0,SIM_BOTH_HIGH,2,FORM_NEW_CLUST,79.0564
rl3.1,cenario3_tudo_aleatorio/180-600s_10-30percent,4,1,SIM_EXISTING_HIGH,0,DO_NOT_ALLOC,0.0
rl3.1,cenario3_tudo_aleatorio/180-600s_10-30percent,4,1,SIM_EXISTING_HIGH,1,REALLOC_EXIST,0.0
rl3.1,cenario3_tudo_aleatorio/180-600s_10-30percent,4,1,SIM_EXISTING_HIGH,2,FORM_NEW_CLUST,0.0
rl3.1,cenario3_tudo_aleatorio/180-600s_10-30percent,4,2,SIM_ORPHAN_HIGH,0,DO_NOT_ALLOC,0.0
rl3.1,cenario3_tudo_aleatorio/180-600s_10-30percent,4,2,SIM_ORPHAN_HIGH,1,REALLOC_EXIST,0.0
rl3.1,cenario3_tudo_aleatorio/180-600s_10-30percent,4,2,SIM_ORPHAN_HIGH,2,FORM_NEW_CLUST,0.0
rl3.1,cenario3_tudo_aleatorio/180-600s_10-30percent,4,3,SIM_BOTH_MEDIUM,0,DO_NOT_ALLOC,0.0
rl3.1,cenario3_tudo_aleatorio/180-600s_10-30percent,4,3,SIM_BOTH_MEDIUM,1,REALLOC_EXIST,0.0
rl3.1,cenario3_tudo_aleatorio/180-600s_10-30percent,4,3,SIM_BOTH_MEDIUM,2,FORM_NEW_CLUST,0.0
rl3.1,cenario3_tudo_aleatorio/180-600s_10-30percent,5,0,SIM_BOTH_HIGH,0,DO_NOT_ALLOC,16.5457
rl3.1,cenario3_tudo_aleatorio/180-600s_10-30percent,5,0,SIM_BOTH_HIGH,1,REALLOC_EXIST,0.0
rl3.1,cenario3_tudo_aleatorio/180-600s_10-30percent,5,0,SIM_BOTH_HIGH,2,FORM_NEW_CLUST,84.8444
rl3.1,cenario3_tudo_aleatorio/180-600s_10-30percent,5,1,SIM_EXISTING_HIGH,0,DO_NOT_ALLOC,0.0
rl3.1,cenario3_tudo_aleatorio/180-600s_10-30percent,5,1,SIM_EXISTING_HIGH,1,REALLOC_EXIST,0.0
rl3.1,cenario3_tudo_aleatorio/180-600s_10-30percent,5,1,SIM_EXISTING_HIGH,2,FORM_NEW_CLUST,0.0
rl3.1,cenario3_tudo_aleatorio/180-600s_10-30percent,5,2,SIM_ORPHAN_HIGH,0,DO_NOT_ALLOC,0.0
rl3.1,cenario3_tudo_aleatorio/180-600s_10-30percent,5,2,SIM_ORPHAN_HIGH,1,REALLOC_EXIST,0.0
rl3.1,cenario3_tudo_aleatorio/180-600s_10-30percent,5,2,SIM_ORPHAN_HIGH,2,FORM_NEW_CLUST,0.0
rl3.1,cenario3_tudo_aleatorio/180-600s_10-30percent,5,3,SIM_BOTH_MEDIUM,0,DO_NOT_ALLOC,0.0
rl3.1,cenario3_tudo_aleatorio/180-600s_10-30percent,5,3,SIM_BOTH_MEDIUM,1,REALLOC_EXIST,0.0
rl3.1,cenario3_tudo_aleatorio/180-600s_10-30percent,5,3,SIM_BOTH_MEDIUM,2,FORM_NEW_CLUST,0.0
rl3.1,cenario3_tudo_aleatorio/180-600s_10-30percent,6,0,SIM_BOTH_HIGH,0,DO_NOT_ALLOC,28.1763
rl3.1,cenario3_tudo_aleatorio/180-600s_10-30percent,6,0,SIM_BOTH_HIGH,1,REALLOC_EXIST,0.0
rl3.1,cenario3_tudo_aleatorio/180-600s_10-30percent,6,0,SIM_BOTH_HIGH,2,FORM_NEW_CLUST,93.8019
rl3.1,cenario3_tudo_aleatorio/180-600s_10-30percent,6,1,SIM_EXISTING_HIGH,0,DO_NOT_ALLOC,0.0
rl3.1,cenario3_tudo_aleatorio/180-600s_10-30percent,6,1,SIM_EXISTING_HIGH,1,REALLOC_EXIST,0.0
rl3.1,cenario3_tudo_aleatorio/180-600s_10-30percent,6,1,SIM_EXISTING_HIGH,2,FORM_NEW_CLUST,0.0
rl3.1,cenario3_tudo_aleatorio/180-600s_10-30percent,6,2,SIM_ORPHAN_HIGH,0,DO_NOT_ALLOC,0.0
rl3.1,cenario3_tudo_aleatorio/180-600s_10-30percent,6,2,SIM_ORPHAN_HIGH,1,REALLOC_EXIST,0.0
rl3.1,cenario3_tudo_aleatorio/180-600s_10-30percent,6,2,SIM_ORPHAN_HIGH,2,FORM_NEW_CLUST,0.0
rl3.1,cenario3_tudo_aleatorio/180-600s_10-30percent,6,3,SIM_BOTH_MEDIUM,0,DO_NOT_ALLOC,0.0
rl3.1,cenario3_tudo_aleatorio/180-600s_10-30percent,6,3,SIM_BOTH_MEDIUM,1,REALLOC_EXIST,0.0
rl3.1,cenario3_tudo_aleatorio/180-600s_10-30percent,6,3,SIM_BOTH_MEDIUM,2,FORM_NEW_CLUST,0.0
rl3.1,cenario3_tudo_aleatorio/180-600s_10-30percent,7,0,SIM_BOTH_HIGH,0,DO_NOT_ALLOC,33.3334
rl3.1,cenario3_tudo_aleatorio/180-600s_10-30percent,7,0,SIM_BOTH_HIGH,1,REALLOC_EXIST,18.7126
rl3.1,cenario3_tudo_aleatorio/180-600s_10-30percent,7,0,SIM_BOTH_HIGH,2,FORM_NEW_CLUST,104.02
rl3.1,cenario3_tudo_aleatorio/180-600s_10-30percent,7,1,SIM_EXISTING_HIGH,0,DO_NOT_ALLOC,0.0
rl3.1,cenario3_tudo_aleatorio/180-600s_10-30percent,7,1,SIM_EXISTING_HIGH,1,REALLOC_EXIST,0.0
rl3.1,cenario3_tudo_aleatorio/180-600s_10-30percent,7,1,SIM_EXISTING_HIGH,2,FORM_NEW_CLUST,0.0
rl3.1,cenario3_tudo_aleatorio/180-600s_10-30percent,7,2,SIM_ORPHAN_HIGH,0,DO_NOT_ALLOC,0.0
rl3.1,cenario3_tudo_aleatorio/180-600s_10-30percent,7,2,SIM_ORPHAN_HIGH,1,REALLOC_EXIST,0.0
rl3.1,cenario3_tudo_aleatorio/180-600s_10-30percent,7,2,SIM_ORPHAN_HIGH,2,FORM_NEW_CLUST,0.0
rl3.1,cenario3_tudo_aleatorio/180-600s_10-30percent,7,3,SIM_BOTH_MEDIUM,0,DO_NOT_ALLOC,0.0
rl3.1,cenario3_tudo_aleatorio/180-600s_10-30percent,7,3,SIM_BOTH_MEDIUM,1,REALLOC_EXIST,0.0
rl3.1,cenario3_tudo_aleatorio/180-600s_10-30percent,7,3,SIM_BOTH_MEDIUM,2,FORM_NEW_CLUST,0.0
rl3.1,cenario3_tudo_aleatorio/180-600s_10-30percent,8,0,SIM_BOTH_HIGH,0,DO_NOT_ALLOC,33.3334
rl3.1,cenario3_tudo_aleatorio/180-600s_10-30percent,8,0,SIM_BOTH_HIGH,1,REALLOC_EXIST,27.1177
rl3.1,cenario3_tudo_aleatorio/180-600s_10-30percent,8,0,SIM_BOTH_HIGH,2,FORM_NEW_CLUST,108.751
rl3.1,cenario3_tudo_aleatorio/180-600s_10-30percent,8,1,SIM_EXISTING_HIGH,0,DO_NOT_ALLOC,0.0
rl3.1,cenario3_tudo_aleatorio/180-600s_10-30percent,8,1,SIM_EXISTING_HIGH,1,REALLOC_EXIST,0.0
rl3.1,cenario3_tudo_aleatorio/180-600s_10-30percent,8,1,SIM_EXISTING_HIGH,2,FORM_NEW_CLUST,0.0
rl3.1,cenario3_tudo_aleatorio/180-600s_10-30percent,8,2,SIM_ORPHAN_HIGH,0,DO_NOT_ALLOC,0.0
rl3.1,cenario3_tudo_aleatorio/180-600s_10-30percent,8,2,SIM_ORPHAN_HIGH,1,REALLOC_EXIST,0.0
rl3.1,cenario3_tudo_aleatorio/180-600s_10-30percent,8,2,SIM_ORPHAN_HIGH,2,FORM_NEW_CLUST,0.0
rl3.1,cenario3_tudo_aleatorio/180-600s_10-30percent,8,3,SIM_BOTH_MEDIUM,0,DO_NOT_ALLOC,0.0
rl3.1,cenario3_tudo_aleatorio/180-600s_10-30percent,8,3,SIM_BOTH_MEDIUM,1,REALLOC_EXIST,0.0
rl3.1,cenario3_tudo_aleatorio/180-600s_10-30percent,8,3,SIM_BOTH_MEDIUM,2,FORM_NEW_CLUST,0.0
rl3.1,cenario3_tudo_aleatorio/180-600s_10-30percent,9,0,SIM_BOTH_HIGH,0,DO_NOT_ALLOC,39.4878
rl3.1,cenario3_tudo_aleatorio/180-600s_10-30percent,9,0,SIM_BOTH_HIGH,1,REALLOC_EXIST,42.2507
rl3.1,cenario3_tudo_aleatorio/180-600s_10-30percent,9,0,SIM_BOTH_HIGH,2,FORM_NEW_CLUST,112.62
rl3.1,cenario3_tudo_aleatorio/180-600s_10-30percent,9,1,SIM_EXISTING_HIGH,0,DO_NOT_ALLOC,0.0
rl3.1,cenario3_tudo_aleatorio/180-600s_10-30percent,9,1,SIM_EXISTING_HIGH,1,REALLOC_EXIST,0.0
rl3.1,cenario3_tudo_aleatorio/180-600s_10-30percent,9,1,SIM_EXISTING_HIGH,2,FORM_NEW_CLUST,0.0
rl3.1,cenario3_tudo_aleatorio/180-600s_10-30percent,9,2,SIM_ORPHAN_HIGH,0,DO_NOT_ALLOC,0.0
rl3.1,cenario3_tudo_aleatorio/180-600s_10-30percent,9,2,SIM_ORPHAN_HIGH,1,REALLOC_EXIST,0.0
rl3.1,cenario3_tudo_aleatorio/180-600s_10-30percent,9,2,SIM_ORPHAN_HIGH,2,FORM_NEW_CLUST,0.0
rl3.1,cenario3_tudo_aleatorio/180-600s_10-30percent,9,3,SIM_BOTH_MEDIUM,0,DO_NOT_ALLOC,0.0
rl3.1,cenario3_tudo_aleatorio/180-600s_10-30percent,9,3,SIM_BOTH_MEDIUM,1,REALLOC_EXIST,0.0
rl3.1,cenario3_tudo_aleatorio/180-600s_10-30percent,9,3,SIM_BOTH_MEDIUM,2,FORM_NEW_CLUST,0.0
rl3.1,cenario3_tudo_aleatorio/180-600s_10-30percent,10,0,SIM_BOTH_HIGH,0,DO_NOT_ALLOC,39.4878
rl3.1,cenario3_tudo_aleatorio/180-600s_10-30percent,10,0,SIM_BOTH_HIGH,1,REALLOC_EXIST,42.2507
rl3.1,cenario3_tudo_aleatorio/180-600s_10-30percent,10,0,SIM_BOTH_HIGH,2,FORM_NEW_CLUST,112.62
rl3.1,cenario3_tudo_aleatorio/180-600s_10-30percent,10,1,SIM_EXISTING_HIGH,0,DO_NOT_ALLOC,0.0
rl3.1,cenario3_tudo_aleatorio/180-600s_10-30percent,10,1,SIM_EXISTING_HIGH,1,REALLOC_EXIST,0.0
rl3.1,cenario3_tudo_aleatorio/180-600s_10-30percent,10,1,SIM_EXISTING_HIGH,2,FORM_NEW_CLUST,0.0
rl3.1,cenario3_tudo_aleatorio/180-600s_10-30percent,10,2,SIM_ORPHAN_HIGH,0,DO_NOT_ALLOC,-0.5
rl3.1,cenario3_tudo_aleatorio/180-600s_10-30percent,10,2,SIM_ORPHAN_HIGH,1,REALLOC_EXIST,0.839059
rl3.1,cenario3_tudo_aleatorio/180-600s_10-30percent,10,2,SIM_ORPHAN_HIGH,2,FORM_NEW_CLUST,21.143
rl3.1,cenario3_tudo_aleatorio/180-600s_10-30percent,10,3,SIM_BOTH_MEDIUM,0,DO_NOT_ALLOC,0.0
rl3.1,cenario3_tudo_aleatorio/180-600s_10-30percent,10,3,SIM_BOTH_MEDIUM,1,REALLOC_EXIST,0.0
rl3.1,cenario3_tudo_aleatorio/180-600s_10-30percent,10,3,SIM_BOTH_MEDIUM,2,FORM_NEW_CLUST,0.0
rl3.1,cenario3_tudo_aleatorio/180-600s_10-30percent,11,0,SIM_BOTH_HIGH,0,DO_NOT_ALLOC,45.3937
rl3.1,cenario3_tudo_aleatorio/180-600s_10-30percent,11,0,SIM_BOTH_HIGH,1,REALLOC_EXIST,42.2507
rl3.1,cenario3_tudo_aleatorio/180-600s_10-30percent,11,0,SIM_BOTH_HIGH,2,FORM_NEW_CLUST,115.496
rl3.1,cenario3_tudo_aleatorio/180-600s_10-30percent,11,1,SIM_EXISTING_HIGH,0,DO_NOT_ALLOC,0.0
rl3.1,cenario3_tudo_aleatorio/180-600s_10-30percent,11,1,SIM_EXISTING_HIGH,1,REALLOC_EXIST,0.0
rl3.1,cenario3_tudo_aleatorio/180-600s_10-30percent,11,1,SIM_EXISTING_HIGH,2,FORM_NEW_CLUST,0.0
rl3.1,cenario3_tudo_aleatorio/180-600s_10-30percent,11,2,SIM_ORPHAN_HIGH,0,DO_NOT_ALLOC,-0.5
rl3.1,cenario3_tudo_aleatorio/180-600s_10-30percent,11,2,SIM_ORPHAN_HIGH,1,REALLOC_EXIST,0.839059
rl3.1,cenario3_tudo_aleatorio/180-600s_10-30percent,11,2,SIM_ORPHAN_HIGH,2,FORM_NEW_CLUST,21.143
rl3.1,cenario3_tudo_aleatorio/180-600s_10-30percent,11,3,SIM_BOTH_MEDIUM,0,DO_NOT_ALLOC,0.0
rl3.1,cenario3_tudo_aleatorio/180-600s_10-30percent,11,3,SIM_BOTH_MEDIUM,1,REALLOC_EXIST,0.0
rl3.1,cenario3_tudo_aleatorio/180-600s_10-30percent,11,3,SIM_BOTH_MEDIUM,2,FORM_NEW_CLUST,0.0
rl3.1,cenario3_tudo_aleatorio/180-600s_10-30percent,12,0,SIM_BOTH_HIGH,0,DO_NOT_ALLOC,50.9316
rl3.1,cenario3_tudo_aleatorio/180-600s_10-30percent,12,0,SIM_BOTH_HIGH,1,REALLOC_EXIST,48.9997
rl3.1,cenario3_tudo_aleatorio/180-600s_10-30percent,12,0,SIM_BOTH_HIGH,2,FORM_NEW_CLUST,117.65
rl3.1,cenario3_tudo_aleatorio/180-600s_10-30percent,12,1,SIM_EXISTING_HIGH,0,DO_NOT_ALLOC,0.0
rl3.1,cenario3_tudo_aleatorio/180-600s_10-30percent,12,1,SIM_EXISTING_HIGH,1,REALLOC_EXIST,0.0
rl3.1,cenario3_tudo_aleatorio/180-600s_10-30percent,12,1,SIM_EXISTING_HIGH,2,FORM_NEW_CLUST,0.0
rl3.1,cenario3_tudo_aleatorio/180-600s_10-30percent,12,2,SIM_ORPHAN_HIGH,0,DO_NOT_ALLOC,-0.5
rl3.1,cenario3_tudo_aleatorio/180-600s_10-30percent,12,2,SIM_ORPHAN_HIGH,1,REALLOC_EXIST,0.839059
rl3.1,cenario3_tudo_aleatorio/180-600s_10-30percent,12,2,SIM_ORPHAN_HIGH,2,FORM_NEW_CLUST,21.143
rl3.1,cenario3_tudo_aleatorio/180-600s_10-30percent,12,3,SIM_BOTH_MEDIUM,0,DO_NOT_ALLOC,0.0
rl3.1,cenario3_tudo_aleatorio/180-600s_10-30percent,12,3,SIM_BOTH_MEDIUM,1,REALLOC_EXIST,0.0
rl3.1,cenario3_tudo_aleatorio/180-600s_10-30percent,12,3,SIM_BOTH_MEDIUM,2,FORM_NEW_CLUST,0.0
rl3.1,cenario3_tudo_aleatorio/180-600s_10-30percent,13,0,SIM_BOTH_HIGH,0,DO_NOT_ALLOC,55.992
rl3.1,cenario3_tudo_aleatorio/180-600s_10-30percent,13,0,SIM_BOTH_HIGH,1,REALLOC_EXIST,48.9997
rl3.1,cenario3_tudo_aleatorio/180-600s_10-30percent,13,0,SIM_BOTH_HIGH,2,FORM_NEW_CLUST,119.899
rl3.1,cenario3_tudo_aleatorio/180-600s_10-30percent,13,1,SIM_EXISTING_HIGH,0,DO_NOT_ALLOC,0.0
rl3.1,cenario3_tudo_aleatorio/180-600s_10-30percent,13,1,SIM_EXISTING_HIGH,1,REALLOC_EXIST,0.0
rl3.1,cenario3_tudo_aleatorio/180-600s_10-30percent,13,1,SIM_EXISTING_HIGH,2,FORM_NEW_CLUST,0.0
rl3.1,cenario3_tudo_aleatorio/180-600s_10-30percent,13,2,SIM_ORPHAN_HIGH,0,DO_NOT_ALLOC,-0.5
rl3.1,cenario3_tudo_aleatorio/180-600s_10-30percent,13,2,SIM_ORPHAN_HIGH,1,REALLOC_EXIST,0.839059
rl3.1,cenario3_tudo_aleatorio/180-600s_10-30percent,13,2,SIM_ORPHAN_HIGH,2,FORM_NEW_CLUST,21.143
rl3.1,cenario3_tudo_aleatorio/180-600s_10-30percent,13,3,SIM_BOTH_MEDIUM,0,DO_NOT_ALLOC,0.0
rl3.1,cenario3_tudo_aleatorio/180-600s_10-30percent,13,3,SIM_BOTH_MEDIUM,1,REALLOC_EXIST,0.0
rl3.1,cenario3_tudo_aleatorio/180-600s_10-30percent,13,3,SIM_BOTH_MEDIUM,2,FORM_NEW_CLUST,0.0
rl3.1,cenario3_tudo_aleatorio/180-600s_10-30percent,14,0,SIM_BOTH_HIGH,0,DO_NOT_ALLOC,60.8342
rl3.1,cenario3_tudo_aleatorio/180-600s_10-30percent,14,0,SIM_BOTH_HIGH,1,REALLOC_EXIST,61.313
rl3.1,cenario3_tudo_aleatorio/180-600s_10-30percent,14,0,SIM_BOTH_HIGH,2,FORM_NEW_CLUST,122.3
rl3.1,cenario3_tudo_aleatorio/180-600s_10-30percent,14,1,SIM_EXISTING_HIGH,0,DO_NOT_ALLOC,0.0
rl3.1,cenario3_tudo_aleatorio/180-600s_10-30percent,14,1,SIM_EXISTING_HIGH,1,REALLOC_EXIST,0.0
rl3.1,cenario3_tudo_aleatorio/180-600s_10-30percent,14,1,SIM_EXISTING_HIGH,2,FORM_NEW_CLUST,0.0
rl3.1,cenario3_tudo_aleatorio/180-600s_10-30percent,14,2,SIM_ORPHAN_HIGH,0,DO_NOT_ALLOC,-0.5
rl3.1,cenario3_tudo_aleatorio/180-600s_10-30percent,14,2,SIM_ORPHAN_HIGH,1,REALLOC_EXIST,0.839059
rl3.1,cenario3_tudo_aleatorio/180-600s_10-30percent,14,2,SIM_ORPHAN_HIGH,2,FORM_NEW_CLUST,24.9175
rl3.1,cenario3_tudo_aleatorio/180-600s_10-30percent,14,3,SIM_BOTH_MEDIUM,0,DO_NOT_ALLOC,0.0
rl3.1,cenario3_tudo_aleatorio/180-600s_10-30percent,14,3,SIM_BOTH_MEDIUM,1,REALLOC_EXIST,0.0
rl3.1,cenario3_tudo_aleatorio/180-600s_10-30percent,14,3,SIM_BOTH_MEDIUM,2,FORM_NEW_CLUST,0.0
rl3.1,cenario3_tudo_aleatorio/180-600s_10-30percent,15,0,SIM_BOTH_HIGH,0,DO_NOT_ALLOC,69.4304
rl3.1,cenario3_tudo_aleatorio/180-600s_10-30percent,15,0,SIM_BOTH_HIGH,1,REALLOC_EXIST,67.0736
rl3.1,cenario3_tudo_aleatorio/180-600s_10-30percent,15,0,SIM_BOTH_HIGH,2,FORM_NEW_CLUST,124.304
rl3.1,cenario3_tudo_aleatorio/180-600s_10-30percent,15,1,SIM_EXISTING_HIGH,0,DO_NOT_ALLOC,0.0
rl3.1,cenario3_tudo_aleatorio/180-600s_10-30percent,15,1,SIM_EXISTING_HIGH,1,REALLOC_EXIST,0.0
rl3.1,cenario3_tudo_aleatorio/180-600s_10-30percent,15,1,SIM_EXISTING_HIGH,2,FORM_NEW_CLUST,0.0
rl3.1,cenario3_tudo_aleatorio/180-600s_10-30percent,15,2,SIM_ORPHAN_HIGH,0,DO_NOT_ALLOC,-0.5
rl3.1,cenario3_tudo_aleatorio/180-600s_10-30percent,15,2,SIM_ORPHAN_HIGH,1,REALLOC_EXIST,0.839059
rl3.1,cenario3_tudo_aleatorio/180-600s_10-30percent,15,2,SIM_ORPHAN_HIGH,2,FORM_NEW_CLUST,27.5557
rl3.1,cenario3_tudo_aleatorio/180-600s_10-30percent,15,3,SIM_BOTH_MEDIUM,0,DO_NOT_ALLOC,0.0
rl3.1,cenario3_tudo_aleatorio/180-600s_10-30percent,15,3,SIM_BOTH_MEDIUM,1,REALLOC_EXIST,0.0
rl3.1,cenario3_tudo_aleatorio/180-600s_10-30percent,15,3,SIM_BOTH_MEDIUM,2,FORM_NEW_CLUST,0.0
rl3.1,cenario3_tudo_aleatorio/180-600s_10-30percent,16,0,SIM_BOTH_HIGH,0,DO_NOT_ALLOC,69.4304
rl3.1,cenario3_tudo_aleatorio/180-600s_10-30percent,16,0,SIM_BOTH_HIGH,1,REALLOC_EXIST,67.0736
rl3.1,cenario3_tudo_aleatorio/180-600s_10-30percent,16,0,SIM_BOTH_HIGH,2,FORM_NEW_CLUST,121.126
rl3.1,cenario3_tudo_aleatorio/180-600s_10-30percent,16,1,SIM_EXISTING_HIGH,0,DO_NOT_ALLOC,0.0
rl3.1,cenario3_tudo_aleatorio/180-600s_10-30percent,16,1,SIM_EXISTING_HIGH,1,REALLOC_EXIST,0.0
rl3.1,cenario3_tudo_aleatorio/180-600s_10-30percent,16,1,SIM_EXISTING_HIGH,2,FORM_NEW_CLUST,0.0
rl3.1,cenario3_tudo_aleatorio/180-600s_10-30percent,16,2,SIM_ORPHAN_HIGH,0,DO_NOT_ALLOC,-0.5
rl3.1,cenario3_tudo_aleatorio/180-600s_10-30percent,16,2,SIM_ORPHAN_HIGH,1,REALLOC_EXIST,0.839059
rl3.1,cenario3_tudo_aleatorio/180-600s_10-30percent,16,2,SIM_ORPHAN_HIGH,2,FORM_NEW_CLUST,27.5557
rl3.1,cenario3_tudo_aleatorio/180-600s_10-30percent,16,3,SIM_BOTH_MEDIUM,0,DO_NOT_ALLOC,0.0
rl3.1,cenario3_tudo_aleatorio/180-600s_10-30percent,16,3,SIM_BOTH_MEDIUM,1,REALLOC_EXIST,0.0
rl3.1,cenario3_tudo_aleatorio/180-600s_10-30percent,16,3,SIM_BOTH_MEDIUM,2,FORM_NEW_CLUST,0.0
rl3.1,cenario3_tudo_aleatorio/180-600s_10-30percent,17,0,SIM_BOTH_HIGH,0,DO_NOT_ALLOC,73.0005
rl3.1,cenario3_tudo_aleatorio/180-600s_10-30percent,17,0,SIM_BOTH_HIGH,1,REALLOC_EXIST,80.224
rl3.1,cenario3_tudo_aleatorio/180-600s_10-30percent,17,0,SIM_BOTH_HIGH,2,FORM_NEW_CLUST,123.167
rl3.1,cenario3_tudo_aleatorio/180-600s_10-30percent,17,1,SIM_EXISTING_HIGH,0,DO_NOT_ALLOC,0.0
rl3.1,cenario3_tudo_aleatorio/180-600s_10-30percent,17,1,SIM_EXISTING_HIGH,1,REALLOC_EXIST,1.3
rl3.1,cenario3_tudo_aleatorio/180-600s_10-30percent,17,1,SIM_EXISTING_HIGH,2,FORM_NEW_CLUST,0.0
rl3.1,cenario3_tudo_aleatorio/180-600s_10-30percent,17,2,SIM_ORPHAN_HIGH,0,DO_NOT_ALLOC,-0.5
rl3.1,cenario3_tudo_aleatorio/180-600s_10-30percent,17,2,SIM_ORPHAN_HIGH,1,REALLOC_EXIST,0.839059
rl3.1,cenario3_tudo_aleatorio/180-600s_10-30percent,17,2,SIM_ORPHAN_HIGH,2,FORM_NEW_CLUST,27.5557
rl3.1,cenario3_tudo_aleatorio/180-600s_10-30percent,17,3,SIM_BOTH_MEDIUM,0,DO_NOT_ALLOC,0.0
rl3.1,cenario3_tudo_aleatorio/180-600s_10-30percent,17,3,SIM_BOTH_MEDIUM,1,REALLOC_EXIST,0.0
rl3.1,cenario3_tudo_aleatorio/180-600s_10-30percent,17,3,SIM_BOTH_MEDIUM,2,FORM_NEW_CLUST,0.0
rl3.1,cenario3_tudo_aleatorio/180-600s_10-30percent,18,0,SIM_BOTH_HIGH,0,DO_NOT_ALLOC,73.0005
rl3.1,cenario3_tudo_aleatorio/180-600s_10-30percent,18,0,SIM_BOTH_HIGH,1,REALLOC_EXIST,83.8972
rl3.1,cenario3_tudo_aleatorio/180-600s_10-30percent,18,0,SIM_BOTH_HIGH,2,FORM_NEW_CLUST,124.738
rl3.1,cenario3_tudo_aleatorio/180-600s_10-30percent,18,1,SIM_EXISTING_HIGH,0,DO_NOT_ALLOC,0.0
rl3.1,cenario3_tudo_aleatorio/180-600s_10-30percent,18,1,SIM_EXISTING_HIGH,1,REALLOC_EXIST,1.3
rl3.1,cenario3_tudo_aleatorio/180-600s_10-30percent,18,1,SIM_EXISTING_HIGH,2,FORM_NEW_CLUST,0.0
rl3.1,cenario3_tudo_aleatorio/180-600s_10-30percent,18,2,SIM_ORPHAN_HIGH,0,DO_NOT_ALLOC,-0.5
rl3.1,cenario3_tudo_aleatorio/180-600s_10-30percent,18,2,SIM_ORPHAN_HIGH,1,REALLOC_EXIST,0.839059
rl3.1,cenario3_tudo_aleatorio/180-600s_10-30percent,18,2,SIM_ORPHAN_HIGH,2,FORM_NEW_CLUST,27.5557
rl3.1,cenario3_tudo_aleatorio/180-600s_10-30percent,18,3,SIM_BOTH_MEDIUM,0,DO_NOT_ALLOC,0.0
rl3.1,cenario3_tudo_aleatorio/180-600s_10-30percent,18,3,SIM_BOTH_MEDIUM,1,REALLOC_EXIST,0.0
rl3.1,cenario3_tudo_aleatorio/180-600s_10-30percent,18,3,SIM_BOTH_MEDIUM,2,FORM_NEW_CLUST,0.0
rl3.1,cenario3_tudo_aleatorio/180-600s_10-30percent,19,0,SIM_BOTH_HIGH,0,DO_NOT_ALLOC,76.5246
rl3.1,cenario3_tudo_aleatorio/180-600s_10-30percent,19,0,SIM_BOTH_HIGH,1,REALLOC_EXIST,91.0771
rl3.1,cenario3_tudo_aleatorio/180-600s_10-30percent,19,0,SIM_BOTH_HIGH,2,FORM_NEW_CLUST,126.719
rl3.1,cenario3_tudo_aleatorio/180-600s_10-30percent,19,1,SIM_EXISTING_HIGH,0,DO_NOT_ALLOC,0.0
rl3.1,cenario3_tudo_aleatorio/180-600s_10-30percent,19,1,SIM_EXISTING_HIGH,1,REALLOC_EXIST,1.3
rl3.1,cenario3_tudo_aleatorio/180-600s_10-30percent,19,1,SIM_EXISTING_HIGH,2,FORM_NEW_CLUST,0.0
rl3.1,cenario3_tudo_aleatorio/180-600s_10-30percent,19,2,SIM_ORPHAN_HIGH,0,DO_NOT_ALLOC,-0.5
rl3.1,cenario3_tudo_aleatorio/180-600s_10-30percent,19,2,SIM_ORPHAN_HIGH,1,REALLOC_EXIST,0.839059
rl3.1,cenario3_tudo_aleatorio/180-600s_10-30percent,19,2,SIM_ORPHAN_HIGH,2,FORM_NEW_CLUST,27.5557
rl3.1,cenario3_tudo_aleatorio/180-600s_10-30percent,19,3,SIM_BOTH_MEDIUM,0,DO_NOT_ALLOC,0.0
rl3.1,cenario3_tudo_aleatorio/180-600s_10-30percent,19,3,SIM_BOTH_MEDIUM,1,REALLOC_EXIST,0.0
rl3.1,cenario3_tudo_aleatorio/180-600s_10-30percent,19,3,SIM_BOTH_MEDIUM,2,FORM_NEW_CLUST,0.0
rl3.1,cenario3_tudo_aleatorio/180-600s_10-30percent,20,0,SIM_BOTH_HIGH,0,DO_NOT_ALLOC,82.7503
rl3.1,cenario3_tudo_aleatorio/180-600s_10-30percent,20,0,SIM_BOTH_HIGH,1,REALLOC_EXIST,91.0771
rl3.1,cenario3_tudo_aleatorio/180-600s_10-30percent,20,0,SIM_BOTH_HIGH,2,FORM_NEW_CLUST,127.316
rl3.1,cenario3_tudo_aleatorio/180-600s_10-30percent,20,1,SIM_EXISTING_HIGH,0,DO_NOT_ALLOC,0.0
rl3.1,cenario3_tudo_aleatorio/180-600s_10-30percent,20,1,SIM_EXISTING_HIGH,1,REALLOC_EXIST,1.3
rl3.1,cenario3_tudo_aleatorio/180-600s_10-30percent,20,1,SIM_EXISTING_HIGH,2,FORM_NEW_CLUST,0.0
rl3.1,cenario3_tudo_aleatorio/180-600s_10-30percent,20,2,SIM_ORPHAN_HIGH,0,DO_NOT_ALLOC,-0.5
rl3.1,cenario3_tudo_aleatorio/180-600s_10-30percent,20,2,SIM_ORPHAN_HIGH,1,REALLOC_EXIST,0.839059
rl3.1,cenario3_tudo_aleatorio/180-600s_10-30percent,20,2,SIM_ORPHAN_HIGH,2,FORM_NEW_CLUST,41.8919
rl3.1,cenario3_tudo_aleatorio/180-600s_10-30percent,20,3,SIM_BOTH_MEDIUM,0,DO_NOT_ALLOC,0.0
rl3.1,cenario3_tudo_aleatorio/180-600s_10-30percent,20,3,SIM_BOTH_MEDIUM,1,REALLOC_EXIST,0.0
rl3.1,cenario3_tudo_aleatorio/180-600s_10-30percent,20,3,SIM_BOTH_MEDIUM,2,FORM_NEW_CLUST,0.0
rl3.1,cenario3_tudo_aleatorio/180-600s_10-30percent,21,0,SIM_BOTH_HIGH,0,DO_NOT_ALLOC,87.9435
rl3.1,cenario3_tudo_aleatorio/180-600s_10-30percent,21,0,SIM_BOTH_HIGH,1,REALLOC_EXIST,91.0771
rl3.1,cenario3_tudo_aleatorio/180-600s_10-30percent,21,0,SIM_BOTH_HIGH,2,FORM_NEW_CLUST,128.222
rl3.1,cenario3_tudo_aleatorio/180-600s_10-30percent,21,1,SIM_EXISTING_HIGH,0,DO_NOT_ALLOC,0.0
rl3.1,cenario3_tudo_aleatorio/180-600s_10-30percent,21,1,SIM_EXISTING_HIGH,1,REALLOC_EXIST,1.3
rl3.1,cenario3_tudo_aleatorio/180-600s_10-30percent,21,1,SIM_EXISTING_HIGH,2,FORM_NEW_CLUST,0.0
rl3.1,cenario3_tudo_aleatorio/180-600s_10-30percent,21,2,SIM_ORPHAN_HIGH,0,DO_NOT_ALLOC,-0.5
rl3.1,cenario3_tudo_aleatorio/180-600s_10-30percent,21,2,SIM_ORPHAN_HIGH,1,REALLOC_EXIST,0.839059
rl3.1,cenario3_tudo_aleatorio/180-600s_10-30percent,21,2,SIM_ORPHAN_HIGH,2,FORM_NEW_CLUST,41.8919
rl3.1,cenario3_tudo_aleatorio/180-600s_10-30percent,21,3,SIM_BOTH_MEDIUM,0,DO_NOT_ALLOC,0.0
rl3.1,cenario3_tudo_aleatorio/180-600s_10-30percent,21,3,SIM_BOTH_MEDIUM,1,REALLOC_EXIST,0.0
rl3.1,cenario3_tudo_aleatorio/180-600s_10-30percent,21,3,SIM_BOTH_MEDIUM,2,FORM_NEW_CLUST,0.0
rl3.1,cenario3_tudo_aleatorio/180-600s_10-30percent,22,0,SIM_BOTH_HIGH,0,DO_NOT_ALLOC,87.9435
rl3.1,cenario3_tudo_aleatorio/180-600s_10-30percent,22,0,SIM_BOTH_HIGH,1,REALLOC_EXIST,94.3247
rl3.1,cenario3_tudo_aleatorio/180-600s_10-30percent,22,0,SIM_BOTH_HIGH,2,FORM_NEW_CLUST,128.471
rl3.1,cenario3_tudo_aleatorio/180-600s_10-30percent,22,1,SIM_EXISTING_HIGH,0,DO_NOT_ALLOC,0.0
rl3.1,cenario3_tudo_aleatorio/180-600s_10-30percent,22,1,SIM_EXISTING_HIGH,1,REALLOC_EXIST,1.3
rl3.1,cenario3_tudo_aleatorio/180-600s_10-30percent,22,1,SIM_EXISTING_HIGH,2,FORM_NEW_CLUST,0.0
rl3.1,cenario3_tudo_aleatorio/180-600s_10-30percent,22,2,SIM_ORPHAN_HIGH,0,DO_NOT_ALLOC,-0.5
rl3.1,cenario3_tudo_aleatorio/180-600s_10-30percent,22,2,SIM_ORPHAN_HIGH,1,REALLOC_EXIST,0.839059
rl3.1,cenario3_tudo_aleatorio/180-600s_10-30percent,22,2,SIM_ORPHAN_HIGH,2,FORM_NEW_CLUST,41.8919
rl3.1,cenario3_tudo_aleatorio/180-600s_10-30percent,22,3,SIM_BOTH_MEDIUM,0,DO_NOT_ALLOC,0.0
rl3.1,cenario3_tudo_aleatorio/180-600s_10-30percent,22,3,SIM_BOTH_MEDIUM,1,REALLOC_EXIST,0.0
rl3.1,cenario3_tudo_aleatorio/180-600s_10-30percent,22,3,SIM_BOTH_MEDIUM,2,FORM_NEW_CLUST,0.0
rl3.1,cenario3_tudo_aleatorio/180-600s_10-30percent,23,0,SIM_BOTH_HIGH,0,DO_NOT_ALLOC,90.2388
rl3.1,cenario3_tudo_aleatorio/180-600s_10-30percent,23,0,SIM_BOTH_HIGH,1,REALLOC_EXIST,96.9994
rl3.1,cenario3_tudo_aleatorio/180-600s_10-30percent,23,0,SIM_BOTH_HIGH,2,FORM_NEW_CLUST,128.88
rl3.1,cenario3_tudo_aleatorio/180-600s_10-30percent,23,1,SIM_EXISTING_HIGH,0,DO_NOT_ALLOC,0.0
rl3.1,cenario3_tudo_aleatorio/180-600s_10-30percent,23,1,SIM_EXISTING_HIGH,1,REALLOC_EXIST,1.3
rl3.1,cenario3_tudo_aleatorio/180-600s_10-30percent,23,1,SIM_EXISTING_HIGH,2,FORM_NEW_CLUST,0.0
rl3.1,cenario3_tudo_aleatorio/180-600s_10-30percent,23,2,SIM_ORPHAN_HIGH,0,DO_NOT_ALLOC,-0.5
rl3.1,cenario3_tudo_aleatorio/180-600s_10-30percent,23,2,SIM_ORPHAN_HIGH,1,REALLOC_EXIST,0.839059
rl3.1,cenario3_tudo_aleatorio/180-600s_10-30percent,23,2,SIM_ORPHAN_HIGH,2,FORM_NEW_CLUST,41.8919
rl3.1,cenario3_tudo_aleatorio/180-600s_10-30percent,23,3,SIM_BOTH_MEDIUM,0,DO_NOT_ALLOC,0.0
rl3.1,cenario3_tudo_aleatorio/180-600s_10-30percent,23,3,SIM_BOTH_MEDIUM,1,REALLOC_EXIST,0.0
rl3.1,cenario3_tudo_aleatorio/180-600s_10-30percent,23,3,SIM_BOTH_MEDIUM,2,FORM_NEW_CLUST,0.0
rl3.1,cenario3_tudo_aleatorio/180-600s_10-30percent,24,0,SIM_BOTH_HIGH,0,DO_NOT_ALLOC,94.213
rl3.1,cenario3_tudo_aleatorio/180-600s_10-30percent,24,0,SIM_BOTH_HIGH,1,REALLOC_EXIST,103.635
rl3.1,cenario3_tudo_aleatorio/180-600s_10-30percent,24,0,SIM_BOTH_HIGH,2,FORM_NEW_CLUST,129.129
rl3.1,cenario3_tudo_aleatorio/180-600s_10-30percent,24,1,SIM_EXISTING_HIGH,0,DO_NOT_ALLOC,0.0
rl3.1,cenario3_tudo_aleatorio/180-600s_10-30percent,24,1,SIM_EXISTING_HIGH,1,REALLOC_EXIST,1.3
rl3.1,cenario3_tudo_aleatorio/180-600s_10-30percent,24,1,SIM_EXISTING_HIGH,2,FORM_NEW_CLUST,0.0
rl3.1,cenario3_tudo_aleatorio/180-600s_10-30percent,24,2,SIM_ORPHAN_HIGH,0,DO_NOT_ALLOC,-0.5
rl3.1,cenario3_tudo_aleatorio/180-600s_10-30percent,24,2,SIM_ORPHAN_HIGH,1,REALLOC_EXIST,0.839059
rl3.1,cenario3_tudo_aleatorio/180-600s_10-30percent,24,2,SIM_ORPHAN_HIGH,2,FORM_NEW_CLUST,41.8919
rl3.1,cenario3_tudo_aleatorio/180-600s_10-30percent,24,3,SIM_BOTH_MEDIUM,0,DO_NOT_ALLOC,0.0
rl3.1,cenario3_tudo_aleatorio/180-600s_10-30percent,24,3,SIM_BOTH_MEDIUM,1,REALLOC_EXIST,0.0
rl3.1,cenario3_tudo_aleatorio/180-600s_10-30percent,24,3,SIM_BOTH_MEDIUM,2,FORM_NEW_CLUST,0.0
rl3.1,cenario3_tudo_aleatorio/180-600s_10-30percent,25,0,SIM_BOTH_HIGH,0,DO_NOT_ALLOC,94.213
rl3.1,cenario3_tudo_aleatorio/180-600s_10-30percent,25,0,SIM_BOTH_HIGH,1,REALLOC_EXIST,105.694
rl3.1,cenario3_tudo_aleatorio/180-600s_10-30percent,25,0,SIM_BOTH_HIGH,2,FORM_NEW_CLUST,129.369
rl3.1,cenario3_tudo_aleatorio/180-600s_10-30percent,25,1,SIM_EXISTING_HIGH,0,DO_NOT_ALLOC,0.0
rl3.1,cenario3_tudo_aleatorio/180-600s_10-30percent,25,1,SIM_EXISTING_HIGH,1,REALLOC_EXIST,1.3
rl3.1,cenario3_tudo_aleatorio/180-600s_10-30percent,25,1,SIM_EXISTING_HIGH,2,FORM_NEW_CLUST,0.0
rl3.1,cenario3_tudo_aleatorio/180-600s_10-30percent,25,2,SIM_ORPHAN_HIGH,0,DO_NOT_ALLOC,-0.5
rl3.1,cenario3_tudo_aleatorio/180-600s_10-30percent,25,2,SIM_ORPHAN_HIGH,1,REALLOC_EXIST,0.839059
rl3.1,cenario3_tudo_aleatorio/180-600s_10-30percent,25,2,SIM_ORPHAN_HIGH,2,FORM_NEW_CLUST,41.8919
rl3.1,cenario3_tudo_aleatorio/180-600s_10-30percent,25,3,SIM_BOTH_MEDIUM,0,DO_NOT_ALLOC,0.0
rl3.1,cenario3_tudo_aleatorio/180-600s_10-30percent,25,3,SIM_BOTH_MEDIUM,1,REALLOC_EXIST,0.0
rl3.1,cenario3_tudo_aleatorio/180-600s_10-30percent,25,3,SIM_BOTH_MEDIUM,2,FORM_NEW_CLUST,0.0
rl3.1,cenario3_tudo_aleatorio/180-600s_10-30percent,26,0,SIM_BOTH_HIGH,0,DO_NOT_ALLOC,97.5021
rl3.1,cenario3_tudo_aleatorio/180-600s_10-30percent,26,0,SIM_BOTH_HIGH,1,REALLOC_EXIST,105.694
rl3.1,cenario3_tudo_aleatorio/180-600s_10-30percent,26,0,SIM_BOTH_HIGH,2,FORM_NEW_CLUST,124.884
rl3.1,cenario3_tudo_aleatorio/180-600s_10-30percent,26,1,SIM_EXISTING_HIGH,0,DO_NOT_ALLOC,0.0
rl3.1,cenario3_tudo_aleatorio/180-600s_10-30percent,26,1,SIM_EXISTING_HIGH,1,REALLOC_EXIST,1.3
rl3.1,cenario3_tudo_aleatorio/180-600s_10-30percent,26,1,SIM_EXISTING_HIGH,2,FORM_NEW_CLUST,0.0
rl3.1,cenario3_tudo_aleatorio/180-600s_10-30percent,26,2,SIM_ORPHAN_HIGH,0,DO_NOT_ALLOC,-0.5
rl3.1,cenario3_tudo_aleatorio/180-600s_10-30percent,26,2,SIM_ORPHAN_HIGH,1,REALLOC_EXIST,0.839059
rl3.1,cenario3_tudo_aleatorio/180-600s_10-30percent,26,2,SIM_ORPHAN_HIGH,2,FORM_NEW_CLUST,41.8919
rl3.1,cenario3_tudo_aleatorio/180-600s_10-30percent,26,3,SIM_BOTH_MEDIUM,0,DO_NOT_ALLOC,0.0
rl3.1,cenario3_tudo_aleatorio/180-600s_10-30percent,26,3,SIM_BOTH_MEDIUM,1,REALLOC_EXIST,0.0
rl3.1,cenario3_tudo_aleatorio/180-600s_10-30percent,26,3,SIM_BOTH_MEDIUM,2,FORM_NEW_CLUST,0.0
rl3.1,cenario3_tudo_aleatorio/180-600s_10-30percent,27,0,SIM_BOTH_HIGH,0,DO_NOT_ALLOC,99.6167
rl3.1,cenario3_tudo_aleatorio/180-600s_10-30percent,27,0,SIM_BOTH_HIGH,1,REALLOC_EXIST,105.694
rl3.1,cenario3_tudo_aleatorio/180-600s_10-30percent,27,0,SIM_BOTH_HIGH,2,FORM_NEW_CLUST,126.778
rl3.1,cenario3_tudo_aleatorio/180-600s_10-30percent,27,1,SIM_EXISTING_HIGH,0,DO_NOT_ALLOC,0.0
rl3.1,cenario3_tudo_aleatorio/180-600s_10-30percent,27,1,SIM_EXISTING_HIGH,1,REALLOC_EXIST,1.3
rl3.1,cenario3_tudo_aleatorio/180-600s_10-30percent,27,1,SIM_EXISTING_HIGH,2,FORM_NEW_CLUST,0.0
rl3.1,cenario3_tudo_aleatorio/180-600s_10-30percent,27,2,SIM_ORPHAN_HIGH,0,DO_NOT_ALLOC,-0.5
rl3.1,cenario3_tudo_aleatorio/180-600s_10-30percent,27,2,SIM_ORPHAN_HIGH,1,REALLOC_EXIST,0.839059
rl3.1,cenario3_tudo_aleatorio/180-600s_10-30percent,27,2,SIM_ORPHAN_HIGH,2,FORM_NEW_CLUST,41.8919
rl3.1,cenario3_tudo_aleatorio/180-600s_10-30percent,27,3,SIM_BOTH_MEDIUM,0,DO_NOT_ALLOC,0.0
rl3.1,cenario3_tudo_aleatorio/180-600s_10-30percent,27,3,SIM_BOTH_MEDIUM,1,REALLOC_EXIST,0.0
rl3.1,cenario3_tudo_aleatorio/180-600s_10-30percent,27,3,SIM_BOTH_MEDIUM,2,FORM_NEW_CLUST,0.0
rl3.1,cenario3_tudo_aleatorio/180-600s_10-30percent,28,0,SIM_BOTH_HIGH,0,DO_NOT_ALLOC,100.627
rl3.1,cenario3_tudo_aleatorio/180-600s_10-30percent,28,0,SIM_BOTH_HIGH,1,REALLOC_EXIST,107.116
rl3.1,cenario3_tudo_aleatorio/180-600s_10-30percent,28,0,SIM_BOTH_HIGH,2,FORM_NEW_CLUST,127.568
rl3.1,cenario3_tudo_aleatorio/180-600s_10-30percent,28,1,SIM_EXISTING_HIGH,0,DO_NOT_ALLOC,0.0
rl3.1,cenario3_tudo_aleatorio/180-600s_10-30percent,28,1,SIM_EXISTING_HIGH,1,REALLOC_EXIST,1.3
rl3.1,cenario3_tudo_aleatorio/180-600s_10-30percent,28,1,SIM_EXISTING_HIGH,2,FORM_NEW_CLUST,0.0
rl3.1,cenario3_tudo_aleatorio/180-600s_10-30percent,28,2,SIM_ORPHAN_HIGH,0,DO_NOT_ALLOC,-0.5
rl3.1,cenario3_tudo_aleatorio/180-600s_10-30percent,28,2,SIM_ORPHAN_HIGH,1,REALLOC_EXIST,0.839059
rl3.1,cenario3_tudo_aleatorio/180-600s_10-30percent,28,2,SIM_ORPHAN_HIGH,2,FORM_NEW_CLUST,41.8919
rl3.1,cenario3_tudo_aleatorio/180-600s_10-30percent,28,3,SIM_BOTH_MEDIUM,0,DO_NOT_ALLOC,0.0
rl3.1,cenario3_tudo_aleatorio/180-600s_10-30percent,28,3,SIM_BOTH_MEDIUM,1,REALLOC_EXIST,0.0
rl3.1,cenario3_tudo_aleatorio/180-600s_10-30percent,28,3,SIM_BOTH_MEDIUM,2,FORM_NEW_CLUST,0.0
rl3.1,cenario3_tudo_aleatorio/180-600s_10-30percent,29,0,SIM_BOTH_HIGH,0,DO_NOT_ALLOC,102.425
rl3.1,cenario3_tudo_aleatorio/180-600s_10-30percent,29,0,SIM_BOTH_HIGH,1,REALLOC_EXIST,108.686
rl3.1,cenario3_tudo_aleatorio/180-600s_10-30percent,29,0,SIM_BOTH_HIGH,2,FORM_NEW_CLUST,127.95
rl3.1,cenario3_tudo_aleatorio/180-600s_10-30percent,29,1,SIM_EXISTING_HIGH,0,DO_NOT_ALLOC,0.0
rl3.1,cenario3_tudo_aleatorio/180-600s_10-30percent,29,1,SIM_EXISTING_HIGH,1,REALLOC_EXIST,1.3
rl3.1,cenario3_tudo_aleatorio/180-600s_10-30percent,29,1,SIM_EXISTING_HIGH,2,FORM_NEW_CLUST,0.0
rl3.1,cenario3_tudo_aleatorio/180-600s_10-30percent,29,2,SIM_ORPHAN_HIGH,0,DO_NOT_ALLOC,-0.5
rl3.1,cenario3_tudo_aleatorio/180-600s_10-30percent,29,2,SIM_ORPHAN_HIGH,1,REALLOC_EXIST,0.839059
rl3.1,cenario3_tudo_aleatorio/180-600s_10-30percent,29,2,SIM_ORPHAN_HIGH,2,FORM_NEW_CLUST,41.8919
rl3.1,cenario3_tudo_aleatorio/180-600s_10-30percent,29,3,SIM_BOTH_MEDIUM,0,DO_NOT_ALLOC,0.0
rl3.1,cenario3_tudo_aleatorio/180-600s_10-30percent,29,3,SIM_BOTH_MEDIUM,1,REALLOC_EXIST,0.0
rl3.1,cenario3_tudo_aleatorio/180-600s_10-30percent,29,3,SIM_BOTH_MEDIUM,2,FORM_NEW_CLUST,0.0
rl3.1,cenario3_tudo_aleatorio/180-600s_10-30percent,30,0,SIM_BOTH_HIGH,0,DO_NOT_ALLOC,102.425
rl3.1,cenario3_tudo_aleatorio/180-600s_10-30percent,30,0,SIM_BOTH_HIGH,1,REALLOC_EXIST,108.686
rl3.1,cenario3_tudo_aleatorio/180-600s_10-30percent,30,0,SIM_BOTH_HIGH,2,FORM_NEW_CLUST,128.237
rl3.1,cenario3_tudo_aleatorio/180-600s_10-30percent,30,1,SIM_EXISTING_HIGH,0,DO_NOT_ALLOC,0.0
rl3.1,cenario3_tudo_aleatorio/180-600s_10-30percent,30,1,SIM_EXISTING_HIGH,1,REALLOC_EXIST,1.3
rl3.1,cenario3_tudo_aleatorio/180-600s_10-30percent,30,1,SIM_EXISTING_HIGH,2,FORM_NEW_CLUST,0.0
rl3.1,cenario3_tudo_aleatorio/180-600s_10-30percent,30,2,SIM_ORPHAN_HIGH,0,DO_NOT_ALLOC,-0.5
rl3.1,cenario3_tudo_aleatorio/180-600s_10-30percent,30,2,SIM_ORPHAN_HIGH,1,REALLOC_EXIST,0.839059
rl3.1,cenario3_tudo_aleatorio/180-600s_10-30percent,30,2,SIM_ORPHAN_HIGH,2,FORM_NEW_CLUST,41.8919
rl3.1,cenario3_tudo_aleatorio/180-600s_10-30percent,30,3,SIM_BOTH_MEDIUM,0,DO_NOT_ALLOC,0.0
rl3.1,cenario3_tudo_aleatorio/180-600s_10-30percent,30,3,SIM_BOTH_MEDIUM,1,REALLOC_EXIST,0.0
rl3.1,cenario3_tudo_aleatorio/180-600s_10-30percent,30,3,SIM_BOTH_MEDIUM,2,FORM_NEW_CLUST,0.0
rl3.1,cenario3_tudo_aleatorio/180-600s_10-30percent,31,0,SIM_BOTH_HIGH,0,DO_NOT_ALLOC,102.425
rl3.1,cenario3_tudo_aleatorio/180-600s_10-30percent,31,0,SIM_BOTH_HIGH,1,REALLOC_EXIST,108.686
rl3.1,cenario3_tudo_aleatorio/180-600s_10-30percent,31,0,SIM_BOTH_HIGH,2,FORM_NEW_CLUST,121.952
rl3.1,cenario3_tudo_aleatorio/180-600s_10-30percent,31,1,SIM_EXISTING_HIGH,0,DO_NOT_ALLOC,0.0
rl3.1,cenario3_tudo_aleatorio/180-600s_10-30percent,31,1,SIM_EXISTING_HIGH,1,REALLOC_EXIST,1.3
rl3.1,cenario3_tudo_aleatorio/180-600s_10-30percent,31,1,SIM_EXISTING_HIGH,2,FORM_NEW_CLUST,0.0
rl3.1,cenario3_tudo_aleatorio/180-600s_10-30percent,31,2,SIM_ORPHAN_HIGH,0,DO_NOT_ALLOC,-0.5
rl3.1,cenario3_tudo_aleatorio/180-600s_10-30percent,31,2,SIM_ORPHAN_HIGH,1,REALLOC_EXIST,0.839059
rl3.1,cenario3_tudo_aleatorio/180-600s_10-30percent,31,2,SIM_ORPHAN_HIGH,2,FORM_NEW_CLUST,41.8919
rl3.1,cenario3_tudo_aleatorio/180-600s_10-30percent,31,3,SIM_BOTH_MEDIUM,0,DO_NOT_ALLOC,0.0
rl3.1,cenario3_tudo_aleatorio/180-600s_10-30percent,31,3,SIM_BOTH_MEDIUM,1,REALLOC_EXIST,0.0
rl3.1,cenario3_tudo_aleatorio/180-600s_10-30percent,31,3,SIM_BOTH_MEDIUM,2,FORM_NEW_CLUST,0.0
rl3.1,cenario3_tudo_aleatorio/180-600s_10-30percent,32,0,SIM_BOTH_HIGH,0,DO_NOT_ALLOC,102.425
rl3.1,cenario3_tudo_aleatorio/180-600s_10-30percent,32,0,SIM_BOTH_HIGH,1,REALLOC_EXIST,109.642
rl3.1,cenario3_tudo_aleatorio/180-600s_10-30percent,32,0,SIM_BOTH_HIGH,2,FORM_NEW_CLUST,123.865
rl3.1,cenario3_tudo_aleatorio/180-600s_10-30percent,32,1,SIM_EXISTING_HIGH,0,DO_NOT_ALLOC,0.0
rl3.1,cenario3_tudo_aleatorio/180-600s_10-30percent,32,1,SIM_EXISTING_HIGH,1,REALLOC_EXIST,1.3
rl3.1,cenario3_tudo_aleatorio/180-600s_10-30percent,32,1,SIM_EXISTING_HIGH,2,FORM_NEW_CLUST,0.0
rl3.1,cenario3_tudo_aleatorio/180-600s_10-30percent,32,2,SIM_ORPHAN_HIGH,0,DO_NOT_ALLOC,-0.5
rl3.1,cenario3_tudo_aleatorio/180-600s_10-30percent,32,2,SIM_ORPHAN_HIGH,1,REALLOC_EXIST,0.839059
rl3.1,cenario3_tudo_aleatorio/180-600s_10-30percent,32,2,SIM_ORPHAN_HIGH,2,FORM_NEW_CLUST,41.8919
rl3.1,cenario3_tudo_aleatorio/180-600s_10-30percent,32,3,SIM_BOTH_MEDIUM,0,DO_NOT_ALLOC,0.0
rl3.1,cenario3_tudo_aleatorio/180-600s_10-30percent,32,3,SIM_BOTH_MEDIUM,1,REALLOC_EXIST,0.0
rl3.1,cenario3_tudo_aleatorio/180-600s_10-30percent,32,3,SIM_BOTH_MEDIUM,2,FORM_NEW_CLUST,0.0
rl3.1,cenario3_tudo_aleatorio/180-600s_10-30percent,33,0,SIM_BOTH_HIGH,0,DO_NOT_ALLOC,102.425
rl3.1,cenario3_tudo_aleatorio/180-600s_10-30percent,33,0,SIM_BOTH_HIGH,1,REALLOC_EXIST,109.642
rl3.1,cenario3_tudo_aleatorio/180-600s_10-30percent,33,0,SIM_BOTH_HIGH,2,FORM_NEW_CLUST,124.562
rl3.1,cenario3_tudo_aleatorio/180-600s_10-30percent,33,1,SIM_EXISTING_HIGH,0,DO_NOT_ALLOC,0.0
rl3.1,cenario3_tudo_aleatorio/180-600s_10-30percent,33,1,SIM_EXISTING_HIGH,1,REALLOC_EXIST,1.3
rl3.1,cenario3_tudo_aleatorio/180-600s_10-30percent,33,1,SIM_EXISTING_HIGH,2,FORM_NEW_CLUST,0.0
rl3.1,cenario3_tudo_aleatorio/180-600s_10-30percent,33,2,SIM_ORPHAN_HIGH,0,DO_NOT_ALLOC,-0.5
rl3.1,cenario3_tudo_aleatorio/180-600s_10-30percent,33,2,SIM_ORPHAN_HIGH,1,REALLOC_EXIST,0.839059
rl3.1,cenario3_tudo_aleatorio/180-600s_10-30percent,33,2,SIM_ORPHAN_HIGH,2,FORM_NEW_CLUST,41.8919
rl3.1,cenario3_tudo_aleatorio/180-600s_10-30percent,33,3,SIM_BOTH_MEDIUM,0,DO_NOT_ALLOC,0.0
rl3.1,cenario3_tudo_aleatorio/180-600s_10-30percent,33,3,SIM_BOTH_MEDIUM,1,REALLOC_EXIST,0.0
rl3.1,cenario3_tudo_aleatorio/180-600s_10-30percent,33,3,SIM_BOTH_MEDIUM,2,FORM_NEW_CLUST,0.0
rl3.1,cenario3_tudo_aleatorio/180-600s_10-30percent,34,0,SIM_BOTH_HIGH,0,DO_NOT_ALLOC,102.425
rl3.1,cenario3_tudo_aleatorio/180-600s_10-30percent,34,0,SIM_BOTH_HIGH,1,REALLOC_EXIST,109.642
rl3.1,cenario3_tudo_aleatorio/180-600s_10-30percent,34,0,SIM_BOTH_HIGH,2,FORM_NEW_CLUST,125.77
rl3.1,cenario3_tudo_aleatorio/180-600s_10-30percent,34,1,SIM_EXISTING_HIGH,0,DO_NOT_ALLOC,0.0
rl3.1,cenario3_tudo_aleatorio/180-600s_10-30percent,34,1,SIM_EXISTING_HIGH,1,REALLOC_EXIST,1.3
rl3.1,cenario3_tudo_aleatorio/180-600s_10-30percent,34,1,SIM_EXISTING_HIGH,2,FORM_NEW_CLUST,0.0
rl3.1,cenario3_tudo_aleatorio/180-600s_10-30percent,34,2,SIM_ORPHAN_HIGH,0,DO_NOT_ALLOC,-0.5
rl3.1,cenario3_tudo_aleatorio/180-600s_10-30percent,34,2,SIM_ORPHAN_HIGH,1,REALLOC_EXIST,0.839059
rl3.1,cenario3_tudo_aleatorio/180-600s_10-30percent,34,2,SIM_ORPHAN_HIGH,2,FORM_NEW_CLUST,41.8919
rl3.1,cenario3_tudo_aleatorio/180-600s_10-30percent,34,3,SIM_BOTH_MEDIUM,0,DO_NOT_ALLOC,0.0
rl3.1,cenario3_tudo_aleatorio/180-600s_10-30percent,34,3,SIM_BOTH_MEDIUM,1,REALLOC_EXIST,0.0
rl3.1,cenario3_tudo_aleatorio/180-600s_10-30percent,34,3,SIM_BOTH_MEDIUM,2,FORM_NEW_CLUST,0.0
rl3.1,cenario3_tudo_aleatorio/180-600s_10-30percent,35,0,SIM_BOTH_HIGH,0,DO_NOT_ALLOC,102.425
rl3.1,cenario3_tudo_aleatorio/180-600s_10-30percent,35,0,SIM_BOTH_HIGH,1,REALLOC_EXIST,109.642
rl3.1,cenario3_tudo_aleatorio/180-600s_10-30percent,35,0,SIM_BOTH_HIGH,2,FORM_NEW_CLUST,125.77
rl3.1,cenario3_tudo_aleatorio/180-600s_10-30percent,35,1,SIM_EXISTING_HIGH,0,DO_NOT_ALLOC,0.0
rl3.1,cenario3_tudo_aleatorio/180-600s_10-30percent,35,1,SIM_EXISTING_HIGH,1,REALLOC_EXIST,1.3
rl3.1,cenario3_tudo_aleatorio/180-600s_10-30percent,35,1,SIM_EXISTING_HIGH,2,FORM_NEW_CLUST,0.0
rl3.1,cenario3_tudo_aleatorio/180-600s_10-30percent,35,2,SIM_ORPHAN_HIGH,0,DO_NOT_ALLOC,-0.5
rl3.1,cenario3_tudo_aleatorio/180-600s_10-30percent,35,2,SIM_ORPHAN_HIGH,1,REALLOC_EXIST,6.02695
rl3.1,cenario3_tudo_aleatorio/180-600s_10-30percent,35,2,SIM_ORPHAN_HIGH,2,FORM_NEW_CLUST,52.6833
rl3.1,cenario3_tudo_aleatorio/180-600s_10-30percent,35,3,SIM_BOTH_MEDIUM,0,DO_NOT_ALLOC,0.0
rl3.1,cenario3_tudo_aleatorio/180-600s_10-30percent,35,3,SIM_BOTH_MEDIUM,1,REALLOC_EXIST,0.0
rl3.1,cenario3_tudo_aleatorio/180-600s_10-30percent,35,3,SIM_BOTH_MEDIUM,2,FORM_NEW_CLUST,0.0
